TCGA-D3-A3ML	SKCM	B cells	0.0028	
TCGA-D3-A3ML	SKCM	B cells	0.0028	
TCGA-EE-A3AF	SKCM	B cells	0.0074	
TCGA-EE-A3AF	SKCM	B cells	0.0074	
TCGA-DA-A1I2	SKCM	B cells	0.008	
TCGA-DA-A1I2	SKCM	B cells	0.008	
TCGA-EE-A29V	SKCM	B cells	0.0028	
TCGA-EE-A29V	SKCM	B cells	0.0028	
TCGA-EE-A2ML	SKCM	B cells	0.0193	
TCGA-EE-A2ML	SKCM	B cells	0.0193	
TCGA-ER-A42L	SKCM	B cells	0.0264	
TCGA-ER-A42L	SKCM	B cells	0.0264	
TCGA-HR-A2OG	SKCM	B cells	0.0354	
TCGA-HR-A2OG	SKCM	B cells	0.0354	
TCGA-XV-AB01	SKCM	B cells	0.0187	
TCGA-XV-AB01	SKCM	B cells	0.0187	
TCGA-FW-A3TV	SKCM	B cells	0.0278	
TCGA-FW-A3TV	SKCM	B cells	0.0278	
TCGA-D3-A2JO	SKCM	B cells	0.0725	
TCGA-D3-A2JO	SKCM	B cells	0.0725	
TCGA-EB-A57M	SKCM	B cells	0.0056	
TCGA-EB-A57M	SKCM	B cells	0.0056	
TCGA-EE-A2GP	SKCM	B cells	0.0221	
TCGA-EE-A2GP	SKCM	B cells	0.0221	
TCGA-EE-A2MN	SKCM	B cells	0.0177	
TCGA-EE-A2MN	SKCM	B cells	0.0177	
TCGA-EB-A5VV	SKCM	B cells	0.3611	
TCGA-EB-A5VV	SKCM	B cells	0.3611	
TCGA-GN-A4U7	SKCM	B cells	0.014	
TCGA-GN-A4U7	SKCM	B cells	0.014	
TCGA-GN-A263	SKCM	B cells	0.0031	
TCGA-GN-A263	SKCM	B cells	0.0031	
TCGA-EE-A2GC	SKCM	B cells	0.0174	
TCGA-EE-A2GC	SKCM	B cells	0.0174	
TCGA-D9-A149	SKCM	B cells	0.024	
TCGA-D9-A149	SKCM	B cells	0.024	
TCGA-ER-A19F	SKCM	B cells	0.0135	
TCGA-ER-A19F	SKCM	B cells	0.0135	
TCGA-FS-A4F9	SKCM	B cells	0.0079	
TCGA-FS-A4F9	SKCM	B cells	0.0079	
TCGA-EE-A3J8	SKCM	B cells	0.0125	
TCGA-EE-A3J8	SKCM	B cells	0.0125	
TCGA-EE-A2MU	SKCM	B cells	0.0141	
TCGA-EE-A2MU	SKCM	B cells	0.0141	
TCGA-EE-A2MF	SKCM	B cells	0.0103	
TCGA-EE-A2MF	SKCM	B cells	0.0103	
TCGA-D3-A3MR	SKCM	B cells	0.034	
TCGA-D3-A3MR	SKCM	B cells	0.034	
TCGA-EB-A5KH	SKCM	B cells	0.0086	
TCGA-EB-A5KH	SKCM	B cells	0.0086	
TCGA-EE-A3AD	SKCM	B cells	0.0105	
TCGA-EE-A3AD	SKCM	B cells	0.0105	
TCGA-WE-A8K5	SKCM	B cells	0.0046	
TCGA-WE-A8K5	SKCM	B cells	0.0046	
TCGA-EE-A3AB	SKCM	B cells	0.008	
TCGA-EE-A3AB	SKCM	B cells	0.008	
TCGA-ER-A2NE	SKCM	B cells	0.0199	
TCGA-ER-A2NE	SKCM	B cells	0.0199	
TCGA-GF-A6C8	SKCM	B cells	0.0111	
TCGA-GF-A6C8	SKCM	B cells	0.0111	
TCGA-WE-AA9Y	SKCM	B cells	0.0249	
TCGA-WE-AA9Y	SKCM	B cells	0.0249	
TCGA-ER-A1A1	SKCM	B cells	0.4089	
TCGA-ER-A1A1	SKCM	B cells	0.4089	
TCGA-D3-A3CF	SKCM	B cells	0.0794	
TCGA-D3-A3CF	SKCM	B cells	0.0794	
TCGA-FS-A1ZK	SKCM	B cells	0.0098	
TCGA-FS-A1ZK	SKCM	B cells	0.0098	
TCGA-BF-A9VF	SKCM	B cells	0.0058	
TCGA-BF-A9VF	SKCM	B cells	0.0058	
TCGA-D3-A8GL	SKCM	B cells	0.0295	
TCGA-D3-A8GL	SKCM	B cells	0.0295	
TCGA-D3-A3C8	SKCM	B cells	0.001	
TCGA-D3-A3C8	SKCM	B cells	0.001	
TCGA-FS-A1ZA	SKCM	B cells	0.0122	
TCGA-FS-A1ZA	SKCM	B cells	0.0122	
TCGA-EB-A4IS	SKCM	B cells	0.0719	
TCGA-EB-A4IS	SKCM	B cells	0.0719	
TCGA-FR-A44A	SKCM	B cells	0.0143	
TCGA-FR-A44A	SKCM	B cells	0.0143	
TCGA-D3-A2J7	SKCM	B cells	0.0128	
TCGA-D3-A2J7	SKCM	B cells	0.0128	
TCGA-BF-A1PX	SKCM	B cells	0.0084	
TCGA-BF-A1PX	SKCM	B cells	0.0084	
TCGA-YG-AA3O	SKCM	B cells	0.0118	
TCGA-YG-AA3O	SKCM	B cells	0.0118	
TCGA-EE-A29M	SKCM	B cells	0.0135	
TCGA-EE-A29M	SKCM	B cells	0.0135	
TCGA-ER-A2ND	SKCM	B cells	0.0031	
TCGA-ER-A2ND	SKCM	B cells	0.0031	
TCGA-YG-AA3N	SKCM	B cells	0.015	
TCGA-YG-AA3N	SKCM	B cells	0.015	
TCGA-BF-A3DM	SKCM	B cells	0	
TCGA-BF-A3DM	SKCM	B cells	0	
TCGA-D9-A4Z3	SKCM	B cells	0.0173	
TCGA-D9-A4Z3	SKCM	B cells	0.0173	
TCGA-D3-A1Q6	SKCM	B cells	0.0032	
TCGA-D3-A1Q6	SKCM	B cells	0.0032	
TCGA-D3-A8GC	SKCM	B cells	0.0169	
TCGA-D3-A8GC	SKCM	B cells	0.0169	
TCGA-D3-A51R	SKCM	B cells	0.0156	
TCGA-D3-A51R	SKCM	B cells	0.0156	
TCGA-FR-A7U9	SKCM	B cells	0.0044	
TCGA-FR-A7U9	SKCM	B cells	0.0044	
TCGA-D3-A2JN	SKCM	B cells	0.0195	
TCGA-D3-A2JN	SKCM	B cells	0.0195	
TCGA-DA-A1HV	SKCM	B cells	0.0283	
TCGA-DA-A1HV	SKCM	B cells	0.0283	
TCGA-D3-A51F	SKCM	B cells	0.0112	
TCGA-D3-A51F	SKCM	B cells	0.0112	
TCGA-EB-A4OZ	SKCM	B cells	0.0057	
TCGA-EB-A4OZ	SKCM	B cells	0.0057	
TCGA-FR-A7U8	SKCM	B cells	0.0006	
TCGA-FR-A7U8	SKCM	B cells	0.0006	
TCGA-D3-A1Q5	SKCM	B cells	0.0109	
TCGA-D3-A1Q5	SKCM	B cells	0.0109	
TCGA-EE-A2GU	SKCM	B cells	0.0269	
TCGA-EE-A2GU	SKCM	B cells	0.0269	
TCGA-D9-A6E9	SKCM	B cells	0.0087	
TCGA-D9-A6E9	SKCM	B cells	0.0087	
TCGA-EE-A29X	SKCM	B cells	0.0165	
TCGA-EE-A29X	SKCM	B cells	0.0165	
TCGA-EE-A20H	SKCM	B cells	0.011	
TCGA-EE-A20H	SKCM	B cells	0.011	
TCGA-EB-A1NK	SKCM	B cells	0.0104	
TCGA-EB-A1NK	SKCM	B cells	0.0104	
TCGA-GF-A2C7	SKCM	B cells	0.0048	
TCGA-GF-A2C7	SKCM	B cells	0.0048	
TCGA-FR-A8YD	SKCM	B cells	0.0013	
TCGA-FR-A8YD	SKCM	B cells	0.0013	
TCGA-D3-A2JL	SKCM	B cells	0.0107	
TCGA-D3-A2JL	SKCM	B cells	0.0107	
TCGA-D3-A1Q3	SKCM	B cells	0.0295	
TCGA-D3-A1Q3	SKCM	B cells	0.0295	
TCGA-EE-A3JI	SKCM	B cells	0.0054	
TCGA-EE-A3JI	SKCM	B cells	0.0054	
TCGA-FS-A1Z3	SKCM	B cells	0.0195	
TCGA-FS-A1Z3	SKCM	B cells	0.0195	
TCGA-ER-A194	SKCM	B cells	0.0013	
TCGA-ER-A194	SKCM	B cells	0.0013	
TCGA-QB-AA9O	SKCM	B cells	0.0069	
TCGA-QB-AA9O	SKCM	B cells	0.0069	
TCGA-FS-A1ZE	SKCM	B cells	0.0137	
TCGA-FS-A1ZE	SKCM	B cells	0.0137	
TCGA-HR-A5NC	SKCM	B cells	0.0097	
TCGA-HR-A5NC	SKCM	B cells	0.0097	
TCGA-D3-A3CC	SKCM	B cells	0.0111	
TCGA-D3-A3CC	SKCM	B cells	0.0111	
TCGA-D3-A51J	SKCM	B cells	0.0248	
TCGA-D3-A51J	SKCM	B cells	0.0248	
TCGA-BF-AAOX	SKCM	B cells	0.0107	
TCGA-BF-AAOX	SKCM	B cells	0.0107	
TCGA-EB-A5FP	SKCM	B cells	0.0104	
TCGA-EB-A5FP	SKCM	B cells	0.0104	
TCGA-EE-A3JH	SKCM	B cells	0.0623	
TCGA-EE-A3JH	SKCM	B cells	0.0623	
TCGA-DA-A1IA	SKCM	B cells	0.0243	
TCGA-DA-A1IA	SKCM	B cells	0.0243	
TCGA-D3-A2JE	SKCM	B cells	0.011	
TCGA-D3-A2JE	SKCM	B cells	0.011	
TCGA-FS-A1ZJ	SKCM	B cells	0.005	
TCGA-FS-A1ZJ	SKCM	B cells	0.005	
TCGA-EB-A24C	SKCM	B cells	0.0026	
TCGA-EB-A24C	SKCM	B cells	0.0026	
TCGA-FS-A4F8	SKCM	B cells	0.0856	
TCGA-FS-A4F8	SKCM	B cells	0.0856	
TCGA-W3-A825	SKCM	B cells	0.0096	
TCGA-W3-A825	SKCM	B cells	0.0096	
TCGA-D3-A3C1	SKCM	B cells	0.0061	
TCGA-D3-A3C1	SKCM	B cells	0.0061	
TCGA-FS-A1ZS	SKCM	B cells	0.0045	
TCGA-FS-A1ZS	SKCM	B cells	0.0045	
TCGA-D3-A8GQ	SKCM	B cells	0.019	
TCGA-D3-A8GQ	SKCM	B cells	0.019	
TCGA-EB-A5SF	SKCM	B cells	0.0015	
TCGA-EB-A5SF	SKCM	B cells	0.0015	
TCGA-D3-A2JA	SKCM	B cells	0.0134	
TCGA-D3-A2JA	SKCM	B cells	0.0134	
TCGA-ER-A19D	SKCM	B cells	0.0276	
TCGA-ER-A19D	SKCM	B cells	0.0276	
TCGA-GN-A266	SKCM	B cells	0.0138	
TCGA-GN-A266	SKCM	B cells	0.0138	
TCGA-DA-A3F3	SKCM	B cells	0.0186	
TCGA-DA-A3F3	SKCM	B cells	0.0186	
TCGA-W3-AA1W	SKCM	B cells	0.0217	
TCGA-W3-AA1W	SKCM	B cells	0.0217	
TCGA-EE-A2MC	SKCM	B cells	0.0083	
TCGA-EE-A2MC	SKCM	B cells	0.0083	
TCGA-RP-A695	SKCM	B cells	0.0097	
TCGA-RP-A695	SKCM	B cells	0.0097	
TCGA-ER-A19Q	SKCM	B cells	0.0122	
TCGA-ER-A19Q	SKCM	B cells	0.0122	
TCGA-D3-A2JH	SKCM	B cells	0.0205	
TCGA-D3-A2JH	SKCM	B cells	0.0205	
TCGA-D3-A8GV	SKCM	B cells	0.0038	
TCGA-D3-A8GV	SKCM	B cells	0.0038	
TCGA-EE-A184	SKCM	B cells	0.0149	
TCGA-EE-A184	SKCM	B cells	0.0149	
TCGA-RP-A693	SKCM	B cells	0.0179	
TCGA-RP-A693	SKCM	B cells	0.0179	
TCGA-D3-A3C7	SKCM	B cells	0.0114	
TCGA-D3-A3C7	SKCM	B cells	0.0114	
TCGA-EE-A2GM	SKCM	B cells	0.0029	
TCGA-EE-A2GM	SKCM	B cells	0.0029	
TCGA-BF-A1PU	SKCM	B cells	0	
TCGA-BF-A1PU	SKCM	B cells	0	
TCGA-EE-A3J7	SKCM	B cells	0.0093	
TCGA-EE-A3J7	SKCM	B cells	0.0093	
TCGA-BF-AAP7	SKCM	B cells	0.0057	
TCGA-BF-AAP7	SKCM	B cells	0.0057	
TCGA-ER-A197	SKCM	B cells	0.0162	
TCGA-ER-A197	SKCM	B cells	0.0162	
TCGA-ER-A19E	SKCM	B cells	0.0227	
TCGA-ER-A19E	SKCM	B cells	0.0227	
TCGA-EE-A3J4	SKCM	B cells	0.0051	
TCGA-EE-A3J4	SKCM	B cells	0.0051	
TCGA-DA-A95Y	SKCM	B cells	0.0078	
TCGA-DA-A95Y	SKCM	B cells	0.0078	
TCGA-DA-A1HY	SKCM	B cells	0.0063	
TCGA-DA-A1HY	SKCM	B cells	0.0063	
TCGA-EE-A3JA	SKCM	B cells	0.0133	
TCGA-EE-A3JA	SKCM	B cells	0.0133	
TCGA-ER-A19A	SKCM	B cells	0.0157	
TCGA-ER-A19A	SKCM	B cells	0.0157	
TCGA-D3-A8GB	SKCM	B cells	0.0392	
TCGA-D3-A8GB	SKCM	B cells	0.0392	
TCGA-D3-A8GJ	SKCM	B cells	0.0105	
TCGA-D3-A8GJ	SKCM	B cells	0.0105	
TCGA-FW-A3I3	SKCM	B cells	0.0054	
TCGA-FW-A3I3	SKCM	B cells	0.0054	
TCGA-EE-A2MR	SKCM	B cells	0.1169	
TCGA-EE-A2MR	SKCM	B cells	0.1169	
TCGA-D3-A8GM	SKCM	B cells	0.0214	
TCGA-D3-A8GM	SKCM	B cells	0.0214	
TCGA-D3-A51G	SKCM	B cells	0.0108	
TCGA-D3-A51G	SKCM	B cells	0.0108	
TCGA-EB-A5SG	SKCM	B cells	0.02	
TCGA-EB-A5SG	SKCM	B cells	0.02	
TCGA-FS-A1YX	SKCM	B cells	0.0208	
TCGA-FS-A1YX	SKCM	B cells	0.0208	
TCGA-BF-A1PZ	SKCM	B cells	0.0032	
TCGA-BF-A1PZ	SKCM	B cells	0.0032	
TCGA-GF-A6C9	SKCM	B cells	0.1246	
TCGA-GF-A6C9	SKCM	B cells	0.1246	
TCGA-D3-A2JG	SKCM	B cells	0.003	
TCGA-D3-A2JG	SKCM	B cells	0.003	
TCGA-EE-A2MK	SKCM	B cells	0.0203	
TCGA-EE-A2MK	SKCM	B cells	0.0203	
TCGA-EE-A2GE	SKCM	B cells	0.0242	
TCGA-EE-A2GE	SKCM	B cells	0.0242	
TCGA-EE-A29A	SKCM	B cells	0.0131	
TCGA-EE-A29A	SKCM	B cells	0.0131	
TCGA-FS-A1ZW	SKCM	B cells	0.0611	
TCGA-FS-A1ZW	SKCM	B cells	0.0611	
TCGA-FR-A726	SKCM	B cells	0.0122	
TCGA-FR-A726	SKCM	B cells	0.0122	
TCGA-XV-A9VZ	SKCM	B cells	0.0036	
TCGA-XV-A9VZ	SKCM	B cells	0.0036	
TCGA-EE-A2MS	SKCM	B cells	0.0345	
TCGA-EE-A2MS	SKCM	B cells	0.0345	
TCGA-W3-AA21	SKCM	B cells	0.004	
TCGA-W3-AA21	SKCM	B cells	0.004	
TCGA-ER-A3ET	SKCM	B cells	0.0203	
TCGA-ER-A3ET	SKCM	B cells	0.0203	
TCGA-FS-A1ZP	SKCM	B cells	0.0239	
TCGA-FS-A1ZP	SKCM	B cells	0.0239	
TCGA-FS-A4F2	SKCM	B cells	0.0103	
TCGA-FS-A4F2	SKCM	B cells	0.0103	
TCGA-EB-A4IQ	SKCM	B cells	0.0093	
TCGA-EB-A4IQ	SKCM	B cells	0.0093	
TCGA-FS-A4F0	SKCM	B cells	0.0023	
TCGA-FS-A4F0	SKCM	B cells	0.0023	
TCGA-D9-A3Z1	SKCM	B cells	0.0155	
TCGA-D9-A3Z1	SKCM	B cells	0.0155	
TCGA-EB-A85I	SKCM	B cells	0.0045	
TCGA-EB-A85I	SKCM	B cells	0.0045	
TCGA-D3-A51H	SKCM	B cells	0.4691	
TCGA-D3-A51H	SKCM	B cells	0.4691	
TCGA-FW-A3TU	SKCM	B cells	0.0067	
TCGA-FW-A3TU	SKCM	B cells	0.0067	
TCGA-ER-A195	SKCM	B cells	0.0056	
TCGA-ER-A195	SKCM	B cells	0.0056	
TCGA-EB-A97M	SKCM	B cells	0.0014	
TCGA-EB-A97M	SKCM	B cells	0.0014	
TCGA-EB-A3XC	SKCM	B cells	0.0096	
TCGA-EB-A3XC	SKCM	B cells	0.0096	
TCGA-RP-A6K9	SKCM	B cells	0.005	
TCGA-RP-A6K9	SKCM	B cells	0.005	
TCGA-EB-A82C	SKCM	B cells	0.0034	
TCGA-EB-A82C	SKCM	B cells	0.0034	
TCGA-DA-A95W	SKCM	B cells	0.009	
TCGA-DA-A95W	SKCM	B cells	0.009	
TCGA-BF-A5EQ	SKCM	B cells	0.0191	
TCGA-BF-A5EQ	SKCM	B cells	0.0191	
TCGA-W3-AA1R	SKCM	B cells	0.008	
TCGA-W3-AA1R	SKCM	B cells	0.008	
TCGA-EE-A2MP	SKCM	B cells	0.0114	
TCGA-EE-A2MP	SKCM	B cells	0.0114	
TCGA-3N-A9WC	SKCM	B cells	0.0158	
TCGA-3N-A9WC	SKCM	B cells	0.0158	
TCGA-EB-A51B	SKCM	B cells	0.0077	
TCGA-EB-A51B	SKCM	B cells	0.0077	
TCGA-EB-A3XF	SKCM	B cells	0.0031	
TCGA-EB-A3XF	SKCM	B cells	0.0031	
TCGA-3N-A9WB	SKCM	B cells	0.0036	
TCGA-3N-A9WB	SKCM	B cells	0.0036	
TCGA-WE-A8ZR	SKCM	B cells	0.0149	
TCGA-WE-A8ZR	SKCM	B cells	0.0149	
TCGA-D9-A3Z3	SKCM	B cells	0.0708	
TCGA-D9-A3Z3	SKCM	B cells	0.0708	
TCGA-FS-A1ZT	SKCM	B cells	0.0288	
TCGA-FS-A1ZT	SKCM	B cells	0.0288	
TCGA-FS-A1YW	SKCM	B cells	0.0246	
TCGA-FS-A1YW	SKCM	B cells	0.0246	
TCGA-EE-A2A2	SKCM	B cells	0.0179	
TCGA-EE-A2A2	SKCM	B cells	0.0179	
TCGA-D3-A8GS	SKCM	B cells	0.0268	
TCGA-D3-A8GS	SKCM	B cells	0.0268	
TCGA-EE-A2M6	SKCM	B cells	0.0103	
TCGA-EE-A2M6	SKCM	B cells	0.0103	
TCGA-Z2-A8RT	SKCM	B cells	0.0226	
TCGA-Z2-A8RT	SKCM	B cells	0.0226	
TCGA-WE-A8ZT	SKCM	B cells	0.0325	
TCGA-WE-A8ZT	SKCM	B cells	0.0325	
TCGA-Z2-AA3V	SKCM	B cells	0.0182	
TCGA-Z2-AA3V	SKCM	B cells	0.0182	
TCGA-GN-A26A	SKCM	B cells	0.0029	
TCGA-GN-A26A	SKCM	B cells	0.0029	
TCGA-EE-A183	SKCM	B cells	0.084	
TCGA-EE-A183	SKCM	B cells	0.084	
TCGA-EB-A6R0	SKCM	B cells	0.0148	
TCGA-EB-A6R0	SKCM	B cells	0.0148	
TCGA-EB-A44R	SKCM	B cells	0.0187	
TCGA-EB-A44R	SKCM	B cells	0.0187	
TCGA-EE-A2GD	SKCM	B cells	0.0012	
TCGA-EE-A2GD	SKCM	B cells	0.0012	
TCGA-EE-A29S	SKCM	B cells	0.0058	
TCGA-EE-A29S	SKCM	B cells	0.0058	
TCGA-EE-A2M8	SKCM	B cells	0.0366	
TCGA-EE-A2M8	SKCM	B cells	0.0366	
TCGA-BF-AAP0	SKCM	B cells	0.0739	
TCGA-BF-AAP0	SKCM	B cells	0.0739	
TCGA-WE-A8ZY	SKCM	B cells	0.0153	
TCGA-WE-A8ZY	SKCM	B cells	0.0153	
TCGA-ER-A19L	SKCM	B cells	0	
TCGA-ER-A19L	SKCM	B cells	0	
TCGA-EE-A17X	SKCM	B cells	0.0106	
TCGA-EE-A17X	SKCM	B cells	0.0106	
TCGA-GN-A265	SKCM	B cells	0.0266	
TCGA-GN-A265	SKCM	B cells	0.0266	
TCGA-BF-A3DJ	SKCM	B cells	0.003	
TCGA-BF-A3DJ	SKCM	B cells	0.003	
TCGA-D3-A5GT	SKCM	B cells	0.005	
TCGA-D3-A5GT	SKCM	B cells	0.005	
TCGA-FR-A3YO	SKCM	B cells	0.0024	
TCGA-FR-A3YO	SKCM	B cells	0.0024	
TCGA-BF-A1Q0	SKCM	B cells	0	
TCGA-BF-A1Q0	SKCM	B cells	0	
TCGA-GN-A8LL	SKCM	B cells	0	
TCGA-GN-A8LL	SKCM	B cells	0	
TCGA-EB-A551	SKCM	B cells	0.028	
TCGA-EB-A551	SKCM	B cells	0.028	
TCGA-XV-A9W5	SKCM	B cells	0.0185	
TCGA-XV-A9W5	SKCM	B cells	0.0185	
TCGA-FS-A4FB	SKCM	B cells	0.0144	
TCGA-FS-A4FB	SKCM	B cells	0.0144	
TCGA-DA-A1IC	SKCM	B cells	0.0175	
TCGA-DA-A1IC	SKCM	B cells	0.0175	
TCGA-HR-A2OH	SKCM	B cells	0.0096	
TCGA-HR-A2OH	SKCM	B cells	0.0096	
TCGA-EB-A5UM	SKCM	B cells	0.0156	
TCGA-EB-A5UM	SKCM	B cells	0.0156	
TCGA-DA-A95Z	SKCM	B cells	0.0066	
TCGA-DA-A95Z	SKCM	B cells	0.0066	
TCGA-BF-AAP1	SKCM	B cells	0.0037	
TCGA-BF-AAP1	SKCM	B cells	0.0037	
TCGA-FR-A3R1	SKCM	B cells	0.0101	
TCGA-FR-A3R1	SKCM	B cells	0.0101	
TCGA-DA-A1I0	SKCM	B cells	0.0161	
TCGA-DA-A1I0	SKCM	B cells	0.0161	
TCGA-ER-A42K	SKCM	B cells	0.0296	
TCGA-ER-A42K	SKCM	B cells	0.0296	
TCGA-DA-A1I1	SKCM	B cells	0.012	
TCGA-DA-A1I1	SKCM	B cells	0.012	
TCGA-EE-A2MT	SKCM	B cells	0.0075	
TCGA-EE-A2MT	SKCM	B cells	0.0075	
TCGA-ER-A19O	SKCM	B cells	0.0209	
TCGA-ER-A19O	SKCM	B cells	0.0209	
TCGA-EE-A29Q	SKCM	B cells	0.0063	
TCGA-EE-A29Q	SKCM	B cells	0.0063	
TCGA-FS-A1Z0	SKCM	B cells	0.0186	
TCGA-FS-A1Z0	SKCM	B cells	0.0186	
TCGA-D3-A5GU	SKCM	B cells	0.0129	
TCGA-D3-A5GU	SKCM	B cells	0.0129	
TCGA-EB-A44P	SKCM	B cells	0.0103	
TCGA-EB-A44P	SKCM	B cells	0.0103	
TCGA-ER-A2NH	SKCM	B cells	0.0062	
TCGA-ER-A2NH	SKCM	B cells	0.0062	
TCGA-GN-A4U4	SKCM	B cells	0.009	
TCGA-GN-A4U4	SKCM	B cells	0.009	
TCGA-EE-A3JB	SKCM	B cells	0.0061	
TCGA-EE-A3JB	SKCM	B cells	0.0061	
TCGA-EB-A4OY	SKCM	B cells	0.0015	
TCGA-EB-A4OY	SKCM	B cells	0.0015	
TCGA-D3-A8GK	SKCM	B cells	0.0047	
TCGA-D3-A8GK	SKCM	B cells	0.0047	
TCGA-FS-A1ZB	SKCM	B cells	0.0086	
TCGA-FS-A1ZB	SKCM	B cells	0.0086	
TCGA-D3-A2J6	SKCM	B cells	0	
TCGA-D3-A2J6	SKCM	B cells	0	
TCGA-EB-A3XD	SKCM	B cells	0.009	
TCGA-EB-A3XD	SKCM	B cells	0.009	
TCGA-D3-A8GN	SKCM	B cells	0.0256	
TCGA-D3-A8GN	SKCM	B cells	0.0256	
TCGA-EE-A20F	SKCM	B cells	0.0076	
TCGA-EE-A20F	SKCM	B cells	0.0076	
TCGA-WE-A8JZ	SKCM	B cells	0.0111	
TCGA-WE-A8JZ	SKCM	B cells	0.0111	
TCGA-EE-A182	SKCM	B cells	0.0087	
TCGA-EE-A182	SKCM	B cells	0.0087	
TCGA-D3-A3MU	SKCM	B cells	0.0166	
TCGA-D3-A3MU	SKCM	B cells	0.0166	
TCGA-Z2-AA3S	SKCM	B cells	0.0054	
TCGA-Z2-AA3S	SKCM	B cells	0.0054	
TCGA-BF-AAP4	SKCM	B cells	0.0152	
TCGA-BF-AAP4	SKCM	B cells	0.0152	
TCGA-D3-A3CE	SKCM	B cells	0.0308	
TCGA-D3-A3CE	SKCM	B cells	0.0308	
TCGA-XV-AAZW	SKCM	B cells	0.0081	
TCGA-XV-AAZW	SKCM	B cells	0.0081	
TCGA-FS-A4F4	SKCM	B cells	0.0076	
TCGA-FS-A4F4	SKCM	B cells	0.0076	
TCGA-FS-A4FD	SKCM	B cells	0.0117	
TCGA-FS-A4FD	SKCM	B cells	0.0117	
TCGA-D3-A8GD	SKCM	B cells	0.0985	
TCGA-D3-A8GD	SKCM	B cells	0.0985	
TCGA-GN-A264	SKCM	B cells	0.0023	
TCGA-GN-A264	SKCM	B cells	0.0023	
TCGA-WE-A8ZQ	SKCM	B cells	0.0244	
TCGA-WE-A8ZQ	SKCM	B cells	0.0244	
TCGA-EE-A2GO	SKCM	B cells	0.0026	
TCGA-EE-A2GO	SKCM	B cells	0.0026	
TCGA-EB-A82B	SKCM	B cells	0.0104	
TCGA-EB-A82B	SKCM	B cells	0.0104	
TCGA-D3-A51T	SKCM	B cells	0.0169	
TCGA-D3-A51T	SKCM	B cells	0.0169	
TCGA-D3-A1Q9	SKCM	B cells	0.0039	
TCGA-D3-A1Q9	SKCM	B cells	0.0039	
TCGA-ER-A19M	SKCM	B cells	0.0073	
TCGA-ER-A19M	SKCM	B cells	0.0073	
TCGA-EE-A2M7	SKCM	B cells	0.0891	
TCGA-EE-A2M7	SKCM	B cells	0.0891	
TCGA-YD-A89C	SKCM	B cells	0.0068	
TCGA-YD-A89C	SKCM	B cells	0.0068	
TCGA-D3-A1Q8	SKCM	B cells	0.0251	
TCGA-D3-A1Q8	SKCM	B cells	0.0251	
TCGA-DA-A1I8	SKCM	B cells	0	
TCGA-DA-A1I8	SKCM	B cells	0	
TCGA-BF-AAP2	SKCM	B cells	0.0144	
TCGA-BF-AAP2	SKCM	B cells	0.0144	
TCGA-FS-A1ZU	SKCM	B cells	0.0034	
TCGA-FS-A1ZU	SKCM	B cells	0.0034	
TCGA-EE-A180	SKCM	B cells	0.0056	
TCGA-EE-A180	SKCM	B cells	0.0056	
TCGA-GN-A8LN	SKCM	B cells	0.0198	
TCGA-GN-A8LN	SKCM	B cells	0.0198	
TCGA-DA-A1I4	SKCM	B cells	0.0039	
TCGA-DA-A1I4	SKCM	B cells	0.0039	
TCGA-DA-A1HW	SKCM	B cells	0.0237	
TCGA-DA-A1HW	SKCM	B cells	0.0237	
TCGA-EB-A6QZ	SKCM	B cells	0.0053	
TCGA-EB-A6QZ	SKCM	B cells	0.0053	
TCGA-YD-A9TB	SKCM	B cells	0.0083	
TCGA-YD-A9TB	SKCM	B cells	0.0083	
TCGA-W3-AA1Q	SKCM	B cells	0.0082	
TCGA-W3-AA1Q	SKCM	B cells	0.0082	
TCGA-EE-A2A0	SKCM	B cells	0.0422	
TCGA-EE-A2A0	SKCM	B cells	0.0422	
TCGA-EB-A6QY	SKCM	B cells	0.0063	
TCGA-EB-A6QY	SKCM	B cells	0.0063	
TCGA-BF-A5EO	SKCM	B cells	0.0116	
TCGA-BF-A5EO	SKCM	B cells	0.0116	
TCGA-EE-A29E	SKCM	B cells	0.0039	
TCGA-EE-A29E	SKCM	B cells	0.0039	
TCGA-FS-A1Z4	SKCM	B cells	0.1169	
TCGA-FS-A1Z4	SKCM	B cells	0.1169	
TCGA-EE-A2MJ	SKCM	B cells	0.0865	
TCGA-EE-A2MJ	SKCM	B cells	0.0865	
TCGA-D3-A3MO	SKCM	B cells	0.0084	
TCGA-D3-A3MO	SKCM	B cells	0.0084	
TCGA-D3-A5GO	SKCM	B cells	0.0087	
TCGA-D3-A5GO	SKCM	B cells	0.0087	
TCGA-EE-A2A5	SKCM	B cells	0.0149	
TCGA-EE-A2A5	SKCM	B cells	0.0149	
TCGA-FS-A4F5	SKCM	B cells	0.0087	
TCGA-FS-A4F5	SKCM	B cells	0.0087	
TCGA-EE-A2GS	SKCM	B cells	0.0046	
TCGA-EE-A2GS	SKCM	B cells	0.0046	
TCGA-ER-A3PL	SKCM	B cells	0.0023	
TCGA-ER-A3PL	SKCM	B cells	0.0023	
TCGA-BF-A5EP	SKCM	B cells	0.0066	
TCGA-BF-A5EP	SKCM	B cells	0.0066	
TCGA-FW-A5DX	SKCM	B cells	0.0106	
TCGA-FW-A5DX	SKCM	B cells	0.0106	
TCGA-EE-A29N	SKCM	B cells	0.0353	
TCGA-EE-A29N	SKCM	B cells	0.0353	
TCGA-ER-A193	SKCM	B cells	0.0093	
TCGA-ER-A193	SKCM	B cells	0.0093	
TCGA-XV-A9W2	SKCM	B cells	0.0032	
TCGA-XV-A9W2	SKCM	B cells	0.0032	
TCGA-EB-A3Y6	SKCM	B cells	0.0161	
TCGA-EB-A3Y6	SKCM	B cells	0.0161	
TCGA-D3-A1Q1	SKCM	B cells	0.0073	
TCGA-D3-A1Q1	SKCM	B cells	0.0073	
TCGA-WE-A8K6	SKCM	B cells	0.007	
TCGA-WE-A8K6	SKCM	B cells	0.007	
TCGA-EE-A29G	SKCM	B cells	0.0044	
TCGA-EE-A29G	SKCM	B cells	0.0044	
TCGA-DA-A1IB	SKCM	B cells	0.1956	
TCGA-DA-A1IB	SKCM	B cells	0.1956	
TCGA-EB-A299	SKCM	B cells	0.0072	
TCGA-EB-A299	SKCM	B cells	0.0072	
TCGA-EE-A29B	SKCM	B cells	0.0199	
TCGA-EE-A29B	SKCM	B cells	0.0199	
TCGA-GN-A4U3	SKCM	B cells	0.0122	
TCGA-GN-A4U3	SKCM	B cells	0.0122	
TCGA-ER-A19G	SKCM	B cells	0.011	
TCGA-ER-A19G	SKCM	B cells	0.011	
TCGA-EE-A2GH	SKCM	B cells	0.0128	
TCGA-EE-A2GH	SKCM	B cells	0.0128	
TCGA-EE-A2GR	SKCM	B cells	0.0026	
TCGA-EE-A2GR	SKCM	B cells	0.0026	
TCGA-XV-AAZV	SKCM	B cells	0.0027	
TCGA-XV-AAZV	SKCM	B cells	0.0027	
TCGA-EE-A3AH	SKCM	B cells	0.0207	
TCGA-EE-A3AH	SKCM	B cells	0.0207	
TCGA-DA-A960	SKCM	B cells	0.0063	
TCGA-DA-A960	SKCM	B cells	0.0063	
TCGA-EE-A3AE	SKCM	B cells	0.0175	
TCGA-EE-A3AE	SKCM	B cells	0.0175	
TCGA-D3-A8GP	SKCM	B cells	0.0067	
TCGA-D3-A8GP	SKCM	B cells	0.0067	
TCGA-EB-A553	SKCM	B cells	0.0028	
TCGA-EB-A553	SKCM	B cells	0.0028	
TCGA-GN-A8LK	SKCM	B cells	0.0029	
TCGA-GN-A8LK	SKCM	B cells	0.0029	
TCGA-D3-A51E	SKCM	B cells	0.0074	
TCGA-D3-A51E	SKCM	B cells	0.0074	
TCGA-EB-A431	SKCM	B cells	0.013	
TCGA-EB-A431	SKCM	B cells	0.013	
TCGA-BF-AAP8	SKCM	B cells	0.0028	
TCGA-BF-AAP8	SKCM	B cells	0.0028	
TCGA-EE-A2GT	SKCM	B cells	0.0956	
TCGA-EE-A2GT	SKCM	B cells	0.0956	
TCGA-W3-AA1V	SKCM	B cells	0.0002	
TCGA-W3-AA1V	SKCM	B cells	0.0002	
TCGA-FS-A1ZM	SKCM	B cells	0.0036	
TCGA-FS-A1ZM	SKCM	B cells	0.0036	
TCGA-WE-AAA4	SKCM	B cells	0.0041	
TCGA-WE-AAA4	SKCM	B cells	0.0041	
TCGA-FW-A5DY	SKCM	B cells	0.2309	
TCGA-FW-A5DY	SKCM	B cells	0.2309	
TCGA-D9-A1JW	SKCM	B cells	0.02	
TCGA-D9-A1JW	SKCM	B cells	0.02	
TCGA-EE-A29T	SKCM	B cells	0.0136	
TCGA-EE-A29T	SKCM	B cells	0.0136	
TCGA-EE-A2GL	SKCM	B cells	0.131	
TCGA-EE-A2GL	SKCM	B cells	0.131	
TCGA-EB-A4XL	SKCM	B cells	0.0223	
TCGA-EB-A4XL	SKCM	B cells	0.0223	
TCGA-FS-A1ZN	SKCM	B cells	0.0176	
TCGA-FS-A1ZN	SKCM	B cells	0.0176	
TCGA-EB-A44N	SKCM	B cells	0.0284	
TCGA-EB-A44N	SKCM	B cells	0.0284	
TCGA-D3-A5GL	SKCM	B cells	0.0056	
TCGA-D3-A5GL	SKCM	B cells	0.0056	
TCGA-ER-A19N	SKCM	B cells	0.0227	
TCGA-ER-A19N	SKCM	B cells	0.0227	
TCGA-LH-A9QB	SKCM	B cells	0.0229	
TCGA-LH-A9QB	SKCM	B cells	0.0229	
TCGA-FS-A1ZR	SKCM	B cells	0.0321	
TCGA-FS-A1ZR	SKCM	B cells	0.0321	
TCGA-FS-A1ZH	SKCM	B cells	0.0562	
TCGA-FS-A1ZH	SKCM	B cells	0.0562	
TCGA-EE-A185	SKCM	B cells	0.0006	
TCGA-EE-A185	SKCM	B cells	0.0006	
TCGA-FR-A8YE	SKCM	B cells	0.0954	
TCGA-FR-A8YE	SKCM	B cells	0.0954	
TCGA-DA-A3F2	SKCM	B cells	0.0359	
TCGA-DA-A3F2	SKCM	B cells	0.0359	
TCGA-WE-A8K1	SKCM	B cells	0.0121	
TCGA-WE-A8K1	SKCM	B cells	0.0121	
TCGA-D9-A4Z6	SKCM	B cells	0.0117	
TCGA-D9-A4Z6	SKCM	B cells	0.0117	
TCGA-3N-A9WD	SKCM	B cells	0.0214	
TCGA-3N-A9WD	SKCM	B cells	0.0214	
TCGA-FS-A1ZY	SKCM	B cells	0.0108	
TCGA-FS-A1ZY	SKCM	B cells	0.0108	
TCGA-D9-A4Z5	SKCM	B cells	0	
TCGA-D9-A4Z5	SKCM	B cells	0	
TCGA-EE-A2GJ	SKCM	B cells	0.0106	
TCGA-EE-A2GJ	SKCM	B cells	0.0106	
TCGA-IH-A3EA	SKCM	B cells	0.0039	
TCGA-IH-A3EA	SKCM	B cells	0.0039	
TCGA-BF-AAP6	SKCM	B cells	0.0182	
TCGA-BF-AAP6	SKCM	B cells	0.0182	
TCGA-D3-A2JD	SKCM	B cells	0.0963	
TCGA-D3-A2JD	SKCM	B cells	0.0963	
TCGA-EE-A20I	SKCM	B cells	0.0136	
TCGA-EE-A20I	SKCM	B cells	0.0136	
TCGA-EE-A29L	SKCM	B cells	0.0047	
TCGA-EE-A29L	SKCM	B cells	0.0047	
TCGA-EB-A3XB	SKCM	B cells	0.0115	
TCGA-EB-A3XB	SKCM	B cells	0.0115	
TCGA-EE-A2A1	SKCM	B cells	0.0479	
TCGA-EE-A2A1	SKCM	B cells	0.0479	
TCGA-ER-A196	SKCM	B cells	0.0077	
TCGA-ER-A196	SKCM	B cells	0.0077	
TCGA-EE-A3AA	SKCM	B cells	0.0608	
TCGA-EE-A3AA	SKCM	B cells	0.0608	
TCGA-EB-A5SH	SKCM	B cells	0.0305	
TCGA-EB-A5SH	SKCM	B cells	0.0305	
TCGA-GN-A267	SKCM	B cells	0.0056	
TCGA-GN-A267	SKCM	B cells	0.0056	
TCGA-GN-A4U9	SKCM	B cells	0.0012	
TCGA-GN-A4U9	SKCM	B cells	0.0012	
TCGA-EE-A3JE	SKCM	B cells	0.036	
TCGA-EE-A3JE	SKCM	B cells	0.036	
TCGA-WE-AAA0	SKCM	B cells	0.0409	
TCGA-WE-AAA0	SKCM	B cells	0.0409	
TCGA-GF-A769	SKCM	B cells	0	
TCGA-GF-A769	SKCM	B cells	0	
TCGA-D9-A6EC	SKCM	B cells	0.0174	
TCGA-D9-A6EC	SKCM	B cells	0.0174	
TCGA-D3-A5GN	SKCM	B cells	0.008	
TCGA-D3-A5GN	SKCM	B cells	0.008	
TCGA-D3-A2J8	SKCM	B cells	0.0148	
TCGA-D3-A2J8	SKCM	B cells	0.0148	
TCGA-FS-A1ZC	SKCM	B cells	0.0128	
TCGA-FS-A1ZC	SKCM	B cells	0.0128	
TCGA-XV-AAZY	SKCM	B cells	0.0046	
TCGA-XV-AAZY	SKCM	B cells	0.0046	
TCGA-EE-A3J3	SKCM	B cells	0.0138	
TCGA-EE-A3J3	SKCM	B cells	0.0138	
TCGA-EE-A2GI	SKCM	B cells	0.0219	
TCGA-EE-A2GI	SKCM	B cells	0.0219	
TCGA-BF-A5ER	SKCM	B cells	0.0154	
TCGA-BF-A5ER	SKCM	B cells	0.0154	
TCGA-EB-A3HV	SKCM	B cells	0.009	
TCGA-EB-A3HV	SKCM	B cells	0.009	
TCGA-FS-A4FC	SKCM	B cells	0.0093	
TCGA-FS-A4FC	SKCM	B cells	0.0093	
TCGA-EE-A2M5	SKCM	B cells	0.0048	
TCGA-EE-A2M5	SKCM	B cells	0.0048	
TCGA-DA-A3F8	SKCM	B cells	0.0262	
TCGA-DA-A3F8	SKCM	B cells	0.0262	
TCGA-WE-A8ZO	SKCM	B cells	0.0021	
TCGA-WE-A8ZO	SKCM	B cells	0.0021	
TCGA-GN-A26D	SKCM	B cells	0.0101	
TCGA-GN-A26D	SKCM	B cells	0.0101	
TCGA-EB-A5VU	SKCM	B cells	0.0043	
TCGA-EB-A5VU	SKCM	B cells	0.0043	
TCGA-D3-A51N	SKCM	B cells	0.0087	
TCGA-D3-A51N	SKCM	B cells	0.0087	
TCGA-D3-A3CB	SKCM	B cells	0.0779	
TCGA-D3-A3CB	SKCM	B cells	0.0779	
TCGA-ER-A19T	SKCM	B cells	0.0035	
TCGA-ER-A19T	SKCM	B cells	0.0035	
TCGA-EE-A3JD	SKCM	B cells	0.1661	
TCGA-EE-A3JD	SKCM	B cells	0.1661	
TCGA-FS-A1ZQ	SKCM	B cells	0.01	
TCGA-FS-A1ZQ	SKCM	B cells	0.01	
TCGA-ER-A3ES	SKCM	B cells	0.0085	
TCGA-ER-A3ES	SKCM	B cells	0.0085	
TCGA-ER-A2NC	SKCM	B cells	0.0035	
TCGA-ER-A2NC	SKCM	B cells	0.0035	
TCGA-W3-A828	SKCM	B cells	0.0024	
TCGA-W3-A828	SKCM	B cells	0.0024	
TCGA-EE-A20C	SKCM	B cells	0.0119	
TCGA-EE-A20C	SKCM	B cells	0.0119	
TCGA-EE-A2MH	SKCM	B cells	0.0645	
TCGA-EE-A2MH	SKCM	B cells	0.0645	
TCGA-EE-A2GN	SKCM	B cells	0.0093	
TCGA-EE-A2GN	SKCM	B cells	0.0093	
TCGA-D3-A8GI	SKCM	B cells	0.0067	
TCGA-D3-A8GI	SKCM	B cells	0.0067	
TCGA-D3-A5GS	SKCM	B cells	0.0145	
TCGA-D3-A5GS	SKCM	B cells	0.0145	
TCGA-EE-A2MI	SKCM	B cells	0	
TCGA-EE-A2MI	SKCM	B cells	0	
TCGA-D3-A3C6	SKCM	B cells	0.0028	
TCGA-D3-A3C6	SKCM	B cells	0.0028	
TCGA-EE-A2MQ	SKCM	B cells	0.0099	
TCGA-EE-A2MQ	SKCM	B cells	0.0099	
TCGA-FS-A1ZD	SKCM	B cells	0.0166	
TCGA-FS-A1ZD	SKCM	B cells	0.0166	
TCGA-GN-A4U5	SKCM	B cells	0.0106	
TCGA-GN-A4U5	SKCM	B cells	0.0106	
TCGA-FS-A1YY	SKCM	B cells	0.0059	
TCGA-FS-A1YY	SKCM	B cells	0.0059	
TCGA-D3-A3BZ	SKCM	B cells	0.0281	
TCGA-D3-A3BZ	SKCM	B cells	0.0281	
TCGA-D9-A3Z4	SKCM	B cells	0.0154	
TCGA-D9-A3Z4	SKCM	B cells	0.0154	
TCGA-EE-A3AC	SKCM	B cells	0.0195	
TCGA-EE-A3AC	SKCM	B cells	0.0195	
TCGA-D3-A2JF	SKCM	B cells	0.0379	
TCGA-D3-A2JF	SKCM	B cells	0.0379	
TCGA-D3-A1QB	SKCM	B cells	0.021	
TCGA-D3-A1QB	SKCM	B cells	0.021	
TCGA-GN-A268	SKCM	B cells	0.0095	
TCGA-GN-A268	SKCM	B cells	0.0095	
TCGA-D3-A5GR	SKCM	B cells	0.0748	
TCGA-D3-A5GR	SKCM	B cells	0.0748	
TCGA-EB-A550	SKCM	B cells	0.0054	
TCGA-EB-A550	SKCM	B cells	0.0054	
TCGA-D9-A6EG	SKCM	B cells	0.0103	
TCGA-D9-A6EG	SKCM	B cells	0.0103	
TCGA-EB-A44O	SKCM	B cells	0.0014	
TCGA-EB-A44O	SKCM	B cells	0.0014	
TCGA-RP-A690	SKCM	B cells	0.0116	
TCGA-RP-A690	SKCM	B cells	0.0116	
TCGA-EE-A29H	SKCM	B cells	0.0205	
TCGA-EE-A29H	SKCM	B cells	0.0205	
TCGA-EE-A2MM	SKCM	B cells	0.0159	
TCGA-EE-A2MM	SKCM	B cells	0.0159	
TCGA-EB-A44Q	SKCM	B cells	0.026	
TCGA-EB-A44Q	SKCM	B cells	0.026	
TCGA-EB-A3XE	SKCM	B cells	0.0054	
TCGA-EB-A3XE	SKCM	B cells	0.0054	
TCGA-FR-A69P	SKCM	B cells	0.0042	
TCGA-FR-A69P	SKCM	B cells	0.0042	
TCGA-EE-A2A6	SKCM	B cells	0.0381	
TCGA-EE-A2A6	SKCM	B cells	0.0381	
TCGA-ER-A19J	SKCM	B cells	0.0117	
TCGA-ER-A19J	SKCM	B cells	0.0117	
TCGA-RP-A694	SKCM	B cells	0.0086	
TCGA-RP-A694	SKCM	B cells	0.0086	
TCGA-YD-A9TA	SKCM	B cells	0.0194	
TCGA-YD-A9TA	SKCM	B cells	0.0194	
TCGA-WE-AAA3	SKCM	B cells	0.0065	
TCGA-WE-AAA3	SKCM	B cells	0.0065	
TCGA-EB-A3Y7	SKCM	B cells	0.0005	
TCGA-EB-A3Y7	SKCM	B cells	0.0005	
TCGA-D9-A6EA	SKCM	B cells	0.0211	
TCGA-D9-A6EA	SKCM	B cells	0.0211	
TCGA-D3-A8GO	SKCM	B cells	0.0855	
TCGA-D3-A8GO	SKCM	B cells	0.0855	
TCGA-EB-A430	SKCM	B cells	0.0014	
TCGA-EB-A430	SKCM	B cells	0.0014	
TCGA-EE-A29W	SKCM	B cells	0.0181	
TCGA-EE-A29W	SKCM	B cells	0.0181	
TCGA-DA-A95X	SKCM	B cells	0.0139	
TCGA-DA-A95X	SKCM	B cells	0.0139	
TCGA-EE-A2MD	SKCM	B cells	0.0332	
TCGA-EE-A2MD	SKCM	B cells	0.0332	
TCGA-ER-A2NF	SKCM	B cells	0.0188	
TCGA-ER-A2NF	SKCM	B cells	0.0188	
TCGA-GN-A4U8	SKCM	B cells	0.04	
TCGA-GN-A4U8	SKCM	B cells	0.04	
TCGA-EB-A41B	SKCM	B cells	0.0072	
TCGA-EB-A41B	SKCM	B cells	0.0072	
TCGA-ER-A19C	SKCM	B cells	0.0053	
TCGA-ER-A19C	SKCM	B cells	0.0053	
TCGA-EB-A5UN	SKCM	B cells	0.0052	
TCGA-EB-A5UN	SKCM	B cells	0.0052	
TCGA-EE-A3J5	SKCM	B cells	0.0082	
TCGA-EE-A3J5	SKCM	B cells	0.0082	
TCGA-EE-A2ME	SKCM	B cells	0.093	
TCGA-EE-A2ME	SKCM	B cells	0.093	
TCGA-QB-A6FS	SKCM	B cells	0.04	
TCGA-QB-A6FS	SKCM	B cells	0.04	
TCGA-EE-A29R	SKCM	B cells	0.014	
TCGA-EE-A29R	SKCM	B cells	0.014	
TCGA-FR-A8YC	SKCM	B cells	0.0135	
TCGA-FR-A8YC	SKCM	B cells	0.0135	
TCGA-DA-A95V	SKCM	B cells	0.0162	
TCGA-DA-A95V	SKCM	B cells	0.0162	
TCGA-BF-A3DN	SKCM	B cells	0.0117	
TCGA-BF-A3DN	SKCM	B cells	0.0117	
TCGA-EB-A24D	SKCM	B cells	0.0108	
TCGA-EB-A24D	SKCM	B cells	0.0108	
TCGA-D3-A2JK	SKCM	B cells	0.0085	
TCGA-D3-A2JK	SKCM	B cells	0.0085	
TCGA-EE-A17Z	SKCM	B cells	0	
TCGA-EE-A17Z	SKCM	B cells	0	
TCGA-DA-A3F5	SKCM	B cells	0	
TCGA-DA-A3F5	SKCM	B cells	0	
TCGA-D3-A2JC	SKCM	B cells	0	
TCGA-D3-A2JC	SKCM	B cells	0	
TCGA-W3-AA1O	SKCM	B cells	0.0079	
TCGA-W3-AA1O	SKCM	B cells	0.0079	
TCGA-D3-A8GE	SKCM	B cells	0.0065	
TCGA-D3-A8GE	SKCM	B cells	0.0065	
TCGA-D3-A2JB	SKCM	B cells	0.1901	
TCGA-D3-A2JB	SKCM	B cells	0.1901	
TCGA-EE-A181	SKCM	B cells	0.0323	
TCGA-EE-A181	SKCM	B cells	0.0323	
TCGA-EB-A4P0	SKCM	B cells	0.0001	
TCGA-EB-A4P0	SKCM	B cells	0.0001	
TCGA-D3-A1Q7	SKCM	B cells	0.0261	
TCGA-D3-A1Q7	SKCM	B cells	0.0261	
TCGA-DA-A1I7	SKCM	B cells	0.0037	
TCGA-DA-A1I7	SKCM	B cells	0.0037	
TCGA-BF-AAOU	SKCM	B cells	0.0093	
TCGA-BF-AAOU	SKCM	B cells	0.0093	
TCGA-FS-A1ZF	SKCM	B cells	0.0075	
TCGA-FS-A1ZF	SKCM	B cells	0.0075	
TCGA-ER-A19H	SKCM	B cells	0.0229	
TCGA-ER-A19H	SKCM	B cells	0.0229	
TCGA-ER-A199	SKCM	B cells	0.1295	
TCGA-ER-A199	SKCM	B cells	0.1295	
TCGA-DA-A1I5	SKCM	B cells	0.0231	
TCGA-DA-A1I5	SKCM	B cells	0.0231	
TCGA-ER-A3EV	SKCM	B cells	0.0081	
TCGA-ER-A3EV	SKCM	B cells	0.0081	
TCGA-GN-A262	SKCM	B cells	0.0002	
TCGA-GN-A262	SKCM	B cells	0.0002	
TCGA-FR-A7UA	SKCM	B cells	0.0267	
TCGA-FR-A7UA	SKCM	B cells	0.0267	
TCGA-EE-A2GB	SKCM	B cells	0.0142	
TCGA-EE-A2GB	SKCM	B cells	0.0142	
TCGA-FW-A3R5	SKCM	B cells	0.0236	
TCGA-FW-A3R5	SKCM	B cells	0.0236	
TCGA-D3-A51K	SKCM	B cells	0.0124	
TCGA-D3-A51K	SKCM	B cells	0.0124	
TCGA-EE-A2MG	SKCM	B cells	0.1396	
TCGA-EE-A2MG	SKCM	B cells	0.1396	
TCGA-EE-A17Y	SKCM	B cells	0.001	
TCGA-EE-A17Y	SKCM	B cells	0.001	
TCGA-D3-A1Q4	SKCM	B cells	0.0146	
TCGA-D3-A1Q4	SKCM	B cells	0.0146	
TCGA-WE-A8K4	SKCM	B cells	0.0097	
TCGA-WE-A8K4	SKCM	B cells	0.0097	
TCGA-ER-A19W	SKCM	B cells	0.023	
TCGA-ER-A19W	SKCM	B cells	0.023	
TCGA-D3-A2JP	SKCM	B cells	0.0172	
TCGA-D3-A2JP	SKCM	B cells	0.0172	
TCGA-D3-A2J9	SKCM	B cells	0.0863	
TCGA-D3-A2J9	SKCM	B cells	0.0863	
TCGA-BF-A3DL	SKCM	B cells	0.0049	
TCGA-BF-A3DL	SKCM	B cells	0.0049	
TCGA-ER-A198	SKCM	B cells	0.0108	
TCGA-ER-A198	SKCM	B cells	0.0108	
TCGA-ER-A42H	SKCM	B cells	0.0076	
TCGA-ER-A42H	SKCM	B cells	0.0076	
TCGA-FR-A728	SKCM	B cells	0.007	
TCGA-FR-A728	SKCM	B cells	0.007	
TCGA-GN-A9SD	SKCM	B cells	0.0731	
TCGA-GN-A9SD	SKCM	B cells	0.0731	
TCGA-GF-A4EO	SKCM	B cells	0.057	
TCGA-GF-A4EO	SKCM	B cells	0.057	
TCGA-W3-A824	SKCM	B cells	0.0054	
TCGA-W3-A824	SKCM	B cells	0.0054	
TCGA-EB-A85J	SKCM	B cells	0.0146	
TCGA-EB-A85J	SKCM	B cells	0.0146	
TCGA-EB-A41A	SKCM	B cells	0.0184	
TCGA-EB-A41A	SKCM	B cells	0.0184	
TCGA-EB-A42Z	SKCM	B cells	0.0041	
TCGA-EB-A42Z	SKCM	B cells	0.0041	
TCGA-BF-A5ES	SKCM	B cells	0.0015	
TCGA-BF-A5ES	SKCM	B cells	0.0015	
TCGA-EE-A29D	SKCM	B cells	0.0128	
TCGA-EE-A29D	SKCM	B cells	0.0128	
TCGA-EB-A42Y	SKCM	B cells	0.0086	
TCGA-EB-A42Y	SKCM	B cells	0.0086	
TCGA-OD-A75X	SKCM	B cells	0.008	
TCGA-OD-A75X	SKCM	B cells	0.008	
TCGA-BF-A1PV	SKCM	B cells	0.0029	
TCGA-BF-A1PV	SKCM	B cells	0.0029	
TCGA-FR-A3YN	SKCM	B cells	0.0104	
TCGA-FR-A3YN	SKCM	B cells	0.0104	
TCGA-D9-A1X3	SKCM	B cells	0.0092	
TCGA-D9-A1X3	SKCM	B cells	0.0092	
TCGA-EE-A3AG	SKCM	B cells	0	
TCGA-EE-A3AG	SKCM	B cells	0	
TCGA-WE-A8ZX	SKCM	B cells	0.0123	
TCGA-WE-A8ZX	SKCM	B cells	0.0123	
TCGA-YG-AA3P	SKCM	B cells	0.0118	
TCGA-YG-AA3P	SKCM	B cells	0.0118	
TCGA-EE-A2GK	SKCM	B cells	0.4903	
TCGA-EE-A2GK	SKCM	B cells	0.4903	
TCGA-FR-A2OS	SKCM	B cells	0.0031	
TCGA-FR-A2OS	SKCM	B cells	0.0031	
TCGA-WE-A8ZN	SKCM	B cells	0.0051	
TCGA-WE-A8ZN	SKCM	B cells	0.0051	
TCGA-FS-A1Z7	SKCM	B cells	0.0124	
TCGA-FS-A1Z7	SKCM	B cells	0.0124	
TCGA-ER-A19S	SKCM	B cells	0.0269	
TCGA-ER-A19S	SKCM	B cells	0.0269	
TCGA-D9-A1JX	SKCM	B cells	0.0114	
TCGA-D9-A1JX	SKCM	B cells	0.0114	
TCGA-FS-A1ZG	SKCM	B cells	0.0133	
TCGA-FS-A1ZG	SKCM	B cells	0.0133	
TCGA-FR-A729	SKCM	B cells	0.0369	
TCGA-FR-A729	SKCM	B cells	0.0369	
TCGA-D3-A3MV	SKCM	B cells	0.0215	
TCGA-D3-A3MV	SKCM	B cells	0.0215	
TCGA-EB-A5UL	SKCM	B cells	0.034	
TCGA-EB-A5UL	SKCM	B cells	0.034	
TCGA-EE-A20B	SKCM	B cells	0.0073	
TCGA-EE-A20B	SKCM	B cells	0.0073	
TCGA-FS-A1ZZ	SKCM	B cells	0.0073	
TCGA-FS-A1ZZ	SKCM	B cells	0.0073	
TCGA-ER-A19B	SKCM	B cells	0	
TCGA-ER-A19B	SKCM	B cells	0	
TCGA-ER-A2NG	SKCM	B cells	0.0012	
TCGA-ER-A2NG	SKCM	B cells	0.0012	
TCGA-WE-A8ZM	SKCM	B cells	0.0093	
TCGA-WE-A8ZM	SKCM	B cells	0.0093	
TCGA-GF-A3OT	SKCM	B cells	0.0005	
TCGA-GF-A3OT	SKCM	B cells	0.0005	
TCGA-ER-A19K	SKCM	B cells	0.002	
TCGA-ER-A19K	SKCM	B cells	0.002	
TCGA-GN-A26C	SKCM	B cells	0.0278	
TCGA-GN-A26C	SKCM	B cells	0.0278	
TCGA-EB-A6L9	SKCM	B cells	0.1219	
TCGA-EB-A6L9	SKCM	B cells	0.1219	
TCGA-D3-A1QA	SKCM	B cells	0.0086	
TCGA-D3-A1QA	SKCM	B cells	0.0086	
TCGA-D3-A3C3	SKCM	B cells	0.0089	
TCGA-D3-A3C3	SKCM	B cells	0.0089	
TCGA-EE-A29C	SKCM	B cells	0.0043	
TCGA-EE-A29C	SKCM	B cells	0.0043	
TCGA-EE-A29P	SKCM	B cells	0.017	
TCGA-EE-A29P	SKCM	B cells	0.017	
TCGA-EB-A5SE	SKCM	B cells	0.0118	
TCGA-EB-A5SE	SKCM	B cells	0.0118	
TCGA-D9-A4Z2	SKCM	B cells	0.0097	
TCGA-D9-A4Z2	SKCM	B cells	0.0097	
TCGA-D3-A8GR	SKCM	B cells	0	
TCGA-D3-A8GR	SKCM	B cells	0	
TCGA-ER-A19P	SKCM	B cells	0.1038	
TCGA-ER-A19P	SKCM	B cells	0.1038	
TCGA-D9-A148	SKCM	B cells	0.0095	
TCGA-D9-A148	SKCM	B cells	0.0095	
TCGA-D3-A3ML	SKCM	Dendritic cells	0.0182	
TCGA-EE-A3AF	SKCM	Dendritic cells	0	
TCGA-DA-A1I2	SKCM	Dendritic cells	0	
TCGA-EE-A29V	SKCM	Dendritic cells	0.0254	
TCGA-EE-A2ML	SKCM	Dendritic cells	0	
TCGA-ER-A42L	SKCM	Dendritic cells	0	
TCGA-HR-A2OG	SKCM	Dendritic cells	0	
TCGA-XV-AB01	SKCM	Dendritic cells	0	
TCGA-FW-A3TV	SKCM	Dendritic cells	0.0264	
TCGA-D3-A2JO	SKCM	Dendritic cells	0.0056	
TCGA-EB-A57M	SKCM	Dendritic cells	0	
TCGA-EE-A2GP	SKCM	Dendritic cells	0	
TCGA-EE-A2MN	SKCM	Dendritic cells	0.0024	
TCGA-EB-A5VV	SKCM	Dendritic cells	0	
TCGA-GN-A4U7	SKCM	Dendritic cells	0.0006	
TCGA-GN-A263	SKCM	Dendritic cells	0	
TCGA-EE-A2GC	SKCM	Dendritic cells	0.0371	
TCGA-D9-A149	SKCM	Dendritic cells	0	
TCGA-ER-A19F	SKCM	Dendritic cells	0.0304	
TCGA-FS-A4F9	SKCM	Dendritic cells	0.0038	
TCGA-EE-A3J8	SKCM	Dendritic cells	0	
TCGA-EE-A2MU	SKCM	Dendritic cells	0	
TCGA-EE-A2MF	SKCM	Dendritic cells	0	
TCGA-D3-A3MR	SKCM	Dendritic cells	0	
TCGA-EB-A5KH	SKCM	Dendritic cells	0	
TCGA-EE-A3AD	SKCM	Dendritic cells	0	
TCGA-WE-A8K5	SKCM	Dendritic cells	0	
TCGA-EE-A3AB	SKCM	Dendritic cells	0	
TCGA-ER-A2NE	SKCM	Dendritic cells	0	
TCGA-GF-A6C8	SKCM	Dendritic cells	0	
TCGA-WE-AA9Y	SKCM	Dendritic cells	0	
TCGA-ER-A1A1	SKCM	Dendritic cells	0.0105	
TCGA-D3-A3CF	SKCM	Dendritic cells	0.0225	
TCGA-FS-A1ZK	SKCM	Dendritic cells	0.0009	
TCGA-BF-A9VF	SKCM	Dendritic cells	0	
TCGA-D3-A8GL	SKCM	Dendritic cells	0	
TCGA-D3-A3C8	SKCM	Dendritic cells	0	
TCGA-FS-A1ZA	SKCM	Dendritic cells	0	
TCGA-EB-A4IS	SKCM	Dendritic cells	0.0134	
TCGA-FR-A44A	SKCM	Dendritic cells	0	
TCGA-D3-A2J7	SKCM	Dendritic cells	0	
TCGA-BF-A1PX	SKCM	Dendritic cells	0	
TCGA-YG-AA3O	SKCM	Dendritic cells	0.0131	
TCGA-EE-A29M	SKCM	Dendritic cells	0	
TCGA-ER-A2ND	SKCM	Dendritic cells	0	
TCGA-YG-AA3N	SKCM	Dendritic cells	0	
TCGA-BF-A3DM	SKCM	Dendritic cells	0	
TCGA-D9-A4Z3	SKCM	Dendritic cells	0	
TCGA-D3-A1Q6	SKCM	Dendritic cells	0.0073	
TCGA-D3-A8GC	SKCM	Dendritic cells	0	
TCGA-D3-A51R	SKCM	Dendritic cells	0.0389	
TCGA-FR-A7U9	SKCM	Dendritic cells	0.004	
TCGA-D3-A2JN	SKCM	Dendritic cells	0.1377	
TCGA-DA-A1HV	SKCM	Dendritic cells	0	
TCGA-D3-A51F	SKCM	Dendritic cells	0	
TCGA-EB-A4OZ	SKCM	Dendritic cells	0	
TCGA-FR-A7U8	SKCM	Dendritic cells	0	
TCGA-D3-A1Q5	SKCM	Dendritic cells	0.0641	
TCGA-EE-A2GU	SKCM	Dendritic cells	0	
TCGA-D9-A6E9	SKCM	Dendritic cells	0	
TCGA-EE-A29X	SKCM	Dendritic cells	0	
TCGA-EE-A20H	SKCM	Dendritic cells	0	
TCGA-EB-A1NK	SKCM	Dendritic cells	0	
TCGA-GF-A2C7	SKCM	Dendritic cells	0	
TCGA-FR-A8YD	SKCM	Dendritic cells	0	
TCGA-D3-A2JL	SKCM	Dendritic cells	0	
TCGA-D3-A1Q3	SKCM	Dendritic cells	0.0317	
TCGA-EE-A3JI	SKCM	Dendritic cells	0	
TCGA-FS-A1Z3	SKCM	Dendritic cells	0	
TCGA-ER-A194	SKCM	Dendritic cells	0	
TCGA-QB-AA9O	SKCM	Dendritic cells	0.003	
TCGA-FS-A1ZE	SKCM	Dendritic cells	0	
TCGA-HR-A5NC	SKCM	Dendritic cells	0	
TCGA-D3-A3CC	SKCM	Dendritic cells	0.0416	
TCGA-D3-A51J	SKCM	Dendritic cells	0	
TCGA-BF-AAOX	SKCM	Dendritic cells	0.0282	
TCGA-EB-A5FP	SKCM	Dendritic cells	0.0206	
TCGA-EE-A3JH	SKCM	Dendritic cells	0	
TCGA-DA-A1IA	SKCM	Dendritic cells	0	
TCGA-D3-A2JE	SKCM	Dendritic cells	0.0038	
TCGA-FS-A1ZJ	SKCM	Dendritic cells	0	
TCGA-EB-A24C	SKCM	Dendritic cells	0.0473	
TCGA-FS-A4F8	SKCM	Dendritic cells	0.0179	
TCGA-W3-A825	SKCM	Dendritic cells	0	
TCGA-D3-A3C1	SKCM	Dendritic cells	0	
TCGA-FS-A1ZS	SKCM	Dendritic cells	0.0443	
TCGA-D3-A8GQ	SKCM	Dendritic cells	0	
TCGA-EB-A5SF	SKCM	Dendritic cells	0	
TCGA-D3-A2JA	SKCM	Dendritic cells	0	
TCGA-ER-A19D	SKCM	Dendritic cells	0.0182	
TCGA-GN-A266	SKCM	Dendritic cells	0	
TCGA-DA-A3F3	SKCM	Dendritic cells	0.0261	
TCGA-W3-AA1W	SKCM	Dendritic cells	0	
TCGA-EE-A2MC	SKCM	Dendritic cells	0	
TCGA-RP-A695	SKCM	Dendritic cells	0	
TCGA-ER-A19Q	SKCM	Dendritic cells	0	
TCGA-D3-A2JH	SKCM	Dendritic cells	0	
TCGA-D3-A8GV	SKCM	Dendritic cells	0	
TCGA-EE-A184	SKCM	Dendritic cells	0.0225	
TCGA-RP-A693	SKCM	Dendritic cells	0.0271	
TCGA-D3-A3C7	SKCM	Dendritic cells	0	
TCGA-EE-A2GM	SKCM	Dendritic cells	0	
TCGA-BF-A1PU	SKCM	Dendritic cells	0.0238	
TCGA-EE-A3J7	SKCM	Dendritic cells	0	
TCGA-BF-AAP7	SKCM	Dendritic cells	0	
TCGA-ER-A197	SKCM	Dendritic cells	0	
TCGA-ER-A19E	SKCM	Dendritic cells	0	
TCGA-EE-A3J4	SKCM	Dendritic cells	0	
TCGA-DA-A95Y	SKCM	Dendritic cells	0.0017	
TCGA-DA-A1HY	SKCM	Dendritic cells	0	
TCGA-EE-A3JA	SKCM	Dendritic cells	0.006	
TCGA-ER-A19A	SKCM	Dendritic cells	0	
TCGA-D3-A8GB	SKCM	Dendritic cells	0	
TCGA-D3-A8GJ	SKCM	Dendritic cells	0	
TCGA-FW-A3I3	SKCM	Dendritic cells	0.0308	
TCGA-EE-A2MR	SKCM	Dendritic cells	0.0325	
TCGA-D3-A8GM	SKCM	Dendritic cells	0.0272	
TCGA-D3-A51G	SKCM	Dendritic cells	0	
TCGA-EB-A5SG	SKCM	Dendritic cells	0	
TCGA-FS-A1YX	SKCM	Dendritic cells	0	
TCGA-BF-A1PZ	SKCM	Dendritic cells	0	
TCGA-GF-A6C9	SKCM	Dendritic cells	0	
TCGA-D3-A2JG	SKCM	Dendritic cells	0	
TCGA-EE-A2MK	SKCM	Dendritic cells	0	
TCGA-EE-A2GE	SKCM	Dendritic cells	0	
TCGA-EE-A29A	SKCM	Dendritic cells	0.0236	
TCGA-FS-A1ZW	SKCM	Dendritic cells	0	
TCGA-FR-A726	SKCM	Dendritic cells	0	
TCGA-XV-A9VZ	SKCM	Dendritic cells	0	
TCGA-EE-A2MS	SKCM	Dendritic cells	0	
TCGA-W3-AA21	SKCM	Dendritic cells	0	
TCGA-ER-A3ET	SKCM	Dendritic cells	0	
TCGA-FS-A1ZP	SKCM	Dendritic cells	0	
TCGA-FS-A4F2	SKCM	Dendritic cells	0	
TCGA-EB-A4IQ	SKCM	Dendritic cells	0.0149	
TCGA-FS-A4F0	SKCM	Dendritic cells	0	
TCGA-D9-A3Z1	SKCM	Dendritic cells	0.0302	
TCGA-EB-A85I	SKCM	Dendritic cells	0	
TCGA-D3-A51H	SKCM	Dendritic cells	0.0205	
TCGA-FW-A3TU	SKCM	Dendritic cells	0.0018	
TCGA-ER-A195	SKCM	Dendritic cells	0.0679	
TCGA-EB-A97M	SKCM	Dendritic cells	0	
TCGA-EB-A3XC	SKCM	Dendritic cells	0	
TCGA-RP-A6K9	SKCM	Dendritic cells	0	
TCGA-EB-A82C	SKCM	Dendritic cells	0.0487	
TCGA-DA-A95W	SKCM	Dendritic cells	0	
TCGA-BF-A5EQ	SKCM	Dendritic cells	0	
TCGA-W3-AA1R	SKCM	Dendritic cells	0	
TCGA-EE-A2MP	SKCM	Dendritic cells	0	
TCGA-3N-A9WC	SKCM	Dendritic cells	0	
TCGA-EB-A51B	SKCM	Dendritic cells	0.0079	
TCGA-EB-A3XF	SKCM	Dendritic cells	0	
TCGA-3N-A9WB	SKCM	Dendritic cells	0	
TCGA-WE-A8ZR	SKCM	Dendritic cells	0.0669	
TCGA-D9-A3Z3	SKCM	Dendritic cells	0.0237	
TCGA-FS-A1ZT	SKCM	Dendritic cells	0.0187	
TCGA-FS-A1YW	SKCM	Dendritic cells	0	
TCGA-EE-A2A2	SKCM	Dendritic cells	0	
TCGA-D3-A8GS	SKCM	Dendritic cells	0	
TCGA-EE-A2M6	SKCM	Dendritic cells	0	
TCGA-Z2-A8RT	SKCM	Dendritic cells	0	
TCGA-WE-A8ZT	SKCM	Dendritic cells	0	
TCGA-Z2-AA3V	SKCM	Dendritic cells	0.0308	
TCGA-GN-A26A	SKCM	Dendritic cells	0	
TCGA-EE-A183	SKCM	Dendritic cells	0.0012	
TCGA-EB-A6R0	SKCM	Dendritic cells	0	
TCGA-EB-A44R	SKCM	Dendritic cells	0.0014	
TCGA-EE-A2GD	SKCM	Dendritic cells	0	
TCGA-EE-A29S	SKCM	Dendritic cells	0	
TCGA-EE-A2M8	SKCM	Dendritic cells	0	
TCGA-BF-AAP0	SKCM	Dendritic cells	0	
TCGA-WE-A8ZY	SKCM	Dendritic cells	0	
TCGA-ER-A19L	SKCM	Dendritic cells	0	
TCGA-EE-A17X	SKCM	Dendritic cells	0.0264	
TCGA-GN-A265	SKCM	Dendritic cells	0	
TCGA-BF-A3DJ	SKCM	Dendritic cells	0	
TCGA-D3-A5GT	SKCM	Dendritic cells	0	
TCGA-FR-A3YO	SKCM	Dendritic cells	0	
TCGA-BF-A1Q0	SKCM	Dendritic cells	0	
TCGA-GN-A8LL	SKCM	Dendritic cells	0.0088	
TCGA-EB-A551	SKCM	Dendritic cells	0	
TCGA-XV-A9W5	SKCM	Dendritic cells	0	
TCGA-FS-A4FB	SKCM	Dendritic cells	0	
TCGA-DA-A1IC	SKCM	Dendritic cells	0	
TCGA-HR-A2OH	SKCM	Dendritic cells	0	
TCGA-EB-A5UM	SKCM	Dendritic cells	0	
TCGA-DA-A95Z	SKCM	Dendritic cells	0	
TCGA-BF-AAP1	SKCM	Dendritic cells	0	
TCGA-FR-A3R1	SKCM	Dendritic cells	0	
TCGA-DA-A1I0	SKCM	Dendritic cells	0	
TCGA-ER-A42K	SKCM	Dendritic cells	0	
TCGA-DA-A1I1	SKCM	Dendritic cells	0	
TCGA-EE-A2MT	SKCM	Dendritic cells	0	
TCGA-ER-A19O	SKCM	Dendritic cells	0	
TCGA-EE-A29Q	SKCM	Dendritic cells	0	
TCGA-FS-A1Z0	SKCM	Dendritic cells	0	
TCGA-D3-A5GU	SKCM	Dendritic cells	0	
TCGA-EB-A44P	SKCM	Dendritic cells	0	
TCGA-ER-A2NH	SKCM	Dendritic cells	0	
TCGA-GN-A4U4	SKCM	Dendritic cells	0	
TCGA-EE-A3JB	SKCM	Dendritic cells	0	
TCGA-EB-A4OY	SKCM	Dendritic cells	0.043	
TCGA-D3-A8GK	SKCM	Dendritic cells	0.0132	
TCGA-FS-A1ZB	SKCM	Dendritic cells	0.0096	
TCGA-D3-A2J6	SKCM	Dendritic cells	0.0268	
TCGA-EB-A3XD	SKCM	Dendritic cells	0	
TCGA-D3-A8GN	SKCM	Dendritic cells	0	
TCGA-EE-A20F	SKCM	Dendritic cells	0	
TCGA-WE-A8JZ	SKCM	Dendritic cells	0	
TCGA-EE-A182	SKCM	Dendritic cells	0.0422	
TCGA-D3-A3MU	SKCM	Dendritic cells	0	
TCGA-Z2-AA3S	SKCM	Dendritic cells	0.0579	
TCGA-BF-AAP4	SKCM	Dendritic cells	0.009	
TCGA-D3-A3CE	SKCM	Dendritic cells	0	
TCGA-XV-AAZW	SKCM	Dendritic cells	0	
TCGA-FS-A4F4	SKCM	Dendritic cells	0	
TCGA-FS-A4FD	SKCM	Dendritic cells	0.0277	
TCGA-D3-A8GD	SKCM	Dendritic cells	0	
TCGA-GN-A264	SKCM	Dendritic cells	0.007	
TCGA-WE-A8ZQ	SKCM	Dendritic cells	0	
TCGA-EE-A2GO	SKCM	Dendritic cells	0.0277	
TCGA-EB-A82B	SKCM	Dendritic cells	0	
TCGA-D3-A51T	SKCM	Dendritic cells	0	
TCGA-D3-A1Q9	SKCM	Dendritic cells	0.0375	
TCGA-ER-A19M	SKCM	Dendritic cells	0	
TCGA-EE-A2M7	SKCM	Dendritic cells	0.0133	
TCGA-YD-A89C	SKCM	Dendritic cells	0	
TCGA-D3-A1Q8	SKCM	Dendritic cells	0	
TCGA-DA-A1I8	SKCM	Dendritic cells	0	
TCGA-BF-AAP2	SKCM	Dendritic cells	0	
TCGA-FS-A1ZU	SKCM	Dendritic cells	0.0134	
TCGA-EE-A180	SKCM	Dendritic cells	0	
TCGA-GN-A8LN	SKCM	Dendritic cells	0	
TCGA-DA-A1I4	SKCM	Dendritic cells	0	
TCGA-DA-A1HW	SKCM	Dendritic cells	0	
TCGA-EB-A6QZ	SKCM	Dendritic cells	0	
TCGA-YD-A9TB	SKCM	Dendritic cells	0.0144	
TCGA-W3-AA1Q	SKCM	Dendritic cells	0	
TCGA-EE-A2A0	SKCM	Dendritic cells	0.0345	
TCGA-EB-A6QY	SKCM	Dendritic cells	0.0356	
TCGA-BF-A5EO	SKCM	Dendritic cells	0	
TCGA-EE-A29E	SKCM	Dendritic cells	0	
TCGA-FS-A1Z4	SKCM	Dendritic cells	0	
TCGA-EE-A2MJ	SKCM	Dendritic cells	0	
TCGA-D3-A3MO	SKCM	Dendritic cells	0	
TCGA-D3-A5GO	SKCM	Dendritic cells	0	
TCGA-EE-A2A5	SKCM	Dendritic cells	0.0111	
TCGA-FS-A4F5	SKCM	Dendritic cells	0	
TCGA-EE-A2GS	SKCM	Dendritic cells	0	
TCGA-ER-A3PL	SKCM	Dendritic cells	0	
TCGA-BF-A5EP	SKCM	Dendritic cells	0	
TCGA-FW-A5DX	SKCM	Dendritic cells	0.0122	
TCGA-EE-A29N	SKCM	Dendritic cells	0	
TCGA-ER-A193	SKCM	Dendritic cells	0	
TCGA-XV-A9W2	SKCM	Dendritic cells	0.0053	
TCGA-EB-A3Y6	SKCM	Dendritic cells	0	
TCGA-D3-A1Q1	SKCM	Dendritic cells	0	
TCGA-WE-A8K6	SKCM	Dendritic cells	0	
TCGA-EE-A29G	SKCM	Dendritic cells	0	
TCGA-DA-A1IB	SKCM	Dendritic cells	0.0036	
TCGA-EB-A299	SKCM	Dendritic cells	0	
TCGA-EE-A29B	SKCM	Dendritic cells	0	
TCGA-GN-A4U3	SKCM	Dendritic cells	0	
TCGA-ER-A19G	SKCM	Dendritic cells	0	
TCGA-EE-A2GH	SKCM	Dendritic cells	0	
TCGA-EE-A2GR	SKCM	Dendritic cells	0.0526	
TCGA-XV-AAZV	SKCM	Dendritic cells	0.0317	
TCGA-EE-A3AH	SKCM	Dendritic cells	0	
TCGA-DA-A960	SKCM	Dendritic cells	0	
TCGA-EE-A3AE	SKCM	Dendritic cells	0	
TCGA-D3-A8GP	SKCM	Dendritic cells	0.0121	
TCGA-EB-A553	SKCM	Dendritic cells	0	
TCGA-GN-A8LK	SKCM	Dendritic cells	0.0254	
TCGA-D3-A51E	SKCM	Dendritic cells	0	
TCGA-EB-A431	SKCM	Dendritic cells	0.0161	
TCGA-BF-AAP8	SKCM	Dendritic cells	0	
TCGA-EE-A2GT	SKCM	Dendritic cells	0.0316	
TCGA-W3-AA1V	SKCM	Dendritic cells	0	
TCGA-FS-A1ZM	SKCM	Dendritic cells	0	
TCGA-WE-AAA4	SKCM	Dendritic cells	0	
TCGA-FW-A5DY	SKCM	Dendritic cells	0	
TCGA-D9-A1JW	SKCM	Dendritic cells	0.0201	
TCGA-EE-A29T	SKCM	Dendritic cells	0	
TCGA-EE-A2GL	SKCM	Dendritic cells	0	
TCGA-EB-A4XL	SKCM	Dendritic cells	0	
TCGA-FS-A1ZN	SKCM	Dendritic cells	0	
TCGA-EB-A44N	SKCM	Dendritic cells	0	
TCGA-D3-A5GL	SKCM	Dendritic cells	0.0061	
TCGA-ER-A19N	SKCM	Dendritic cells	0.0297	
TCGA-LH-A9QB	SKCM	Dendritic cells	0.0336	
TCGA-FS-A1ZR	SKCM	Dendritic cells	0	
TCGA-FS-A1ZH	SKCM	Dendritic cells	0	
TCGA-EE-A185	SKCM	Dendritic cells	0.0232	
TCGA-FR-A8YE	SKCM	Dendritic cells	0	
TCGA-DA-A3F2	SKCM	Dendritic cells	0	
TCGA-WE-A8K1	SKCM	Dendritic cells	0.0195	
TCGA-D9-A4Z6	SKCM	Dendritic cells	0.018	
TCGA-3N-A9WD	SKCM	Dendritic cells	0	
TCGA-FS-A1ZY	SKCM	Dendritic cells	0	
TCGA-D9-A4Z5	SKCM	Dendritic cells	0	
TCGA-EE-A2GJ	SKCM	Dendritic cells	0.0151	
TCGA-IH-A3EA	SKCM	Dendritic cells	0	
TCGA-BF-AAP6	SKCM	Dendritic cells	0	
TCGA-D3-A2JD	SKCM	Dendritic cells	0	
TCGA-EE-A20I	SKCM	Dendritic cells	0	
TCGA-EE-A29L	SKCM	Dendritic cells	0.0545	
TCGA-EB-A3XB	SKCM	Dendritic cells	0	
TCGA-EE-A2A1	SKCM	Dendritic cells	0.0091	
TCGA-ER-A196	SKCM	Dendritic cells	0.0064	
TCGA-EE-A3AA	SKCM	Dendritic cells	0	
TCGA-EB-A5SH	SKCM	Dendritic cells	0.0198	
TCGA-GN-A267	SKCM	Dendritic cells	0	
TCGA-GN-A4U9	SKCM	Dendritic cells	0.0145	
TCGA-EE-A3JE	SKCM	Dendritic cells	0	
TCGA-WE-AAA0	SKCM	Dendritic cells	0.0074	
TCGA-GF-A769	SKCM	Dendritic cells	0	
TCGA-D9-A6EC	SKCM	Dendritic cells	0	
TCGA-D3-A5GN	SKCM	Dendritic cells	0	
TCGA-D3-A2J8	SKCM	Dendritic cells	0	
TCGA-FS-A1ZC	SKCM	Dendritic cells	0.0159	
TCGA-XV-AAZY	SKCM	Dendritic cells	0	
TCGA-EE-A3J3	SKCM	Dendritic cells	0	
TCGA-EE-A2GI	SKCM	Dendritic cells	0	
TCGA-BF-A5ER	SKCM	Dendritic cells	0	
TCGA-EB-A3HV	SKCM	Dendritic cells	0	
TCGA-FS-A4FC	SKCM	Dendritic cells	0	
TCGA-EE-A2M5	SKCM	Dendritic cells	0.016	
TCGA-DA-A3F8	SKCM	Dendritic cells	0	
TCGA-WE-A8ZO	SKCM	Dendritic cells	0	
TCGA-GN-A26D	SKCM	Dendritic cells	0	
TCGA-EB-A5VU	SKCM	Dendritic cells	0	
TCGA-D3-A51N	SKCM	Dendritic cells	0	
TCGA-D3-A3CB	SKCM	Dendritic cells	0	
TCGA-ER-A19T	SKCM	Dendritic cells	0.1483	
TCGA-EE-A3JD	SKCM	Dendritic cells	0.0161	
TCGA-FS-A1ZQ	SKCM	Dendritic cells	0	
TCGA-ER-A3ES	SKCM	Dendritic cells	0	
TCGA-ER-A2NC	SKCM	Dendritic cells	0.066	
TCGA-W3-A828	SKCM	Dendritic cells	0.0237	
TCGA-EE-A20C	SKCM	Dendritic cells	0	
TCGA-EE-A2MH	SKCM	Dendritic cells	0	
TCGA-EE-A2GN	SKCM	Dendritic cells	0	
TCGA-D3-A8GI	SKCM	Dendritic cells	0.0124	
TCGA-D3-A5GS	SKCM	Dendritic cells	0	
TCGA-EE-A2MI	SKCM	Dendritic cells	0	
TCGA-D3-A3C6	SKCM	Dendritic cells	0	
TCGA-EE-A2MQ	SKCM	Dendritic cells	0	
TCGA-FS-A1ZD	SKCM	Dendritic cells	0	
TCGA-GN-A4U5	SKCM	Dendritic cells	0	
TCGA-FS-A1YY	SKCM	Dendritic cells	0.0218	
TCGA-D3-A3BZ	SKCM	Dendritic cells	0.0011	
TCGA-D9-A3Z4	SKCM	Dendritic cells	0	
TCGA-EE-A3AC	SKCM	Dendritic cells	0.012	
TCGA-D3-A2JF	SKCM	Dendritic cells	0	
TCGA-D3-A1QB	SKCM	Dendritic cells	0	
TCGA-GN-A268	SKCM	Dendritic cells	0	
TCGA-D3-A5GR	SKCM	Dendritic cells	0	
TCGA-EB-A550	SKCM	Dendritic cells	0	
TCGA-D9-A6EG	SKCM	Dendritic cells	0.0123	
TCGA-EB-A44O	SKCM	Dendritic cells	0	
TCGA-RP-A690	SKCM	Dendritic cells	0	
TCGA-EE-A29H	SKCM	Dendritic cells	0.024	
TCGA-EE-A2MM	SKCM	Dendritic cells	0	
TCGA-EB-A44Q	SKCM	Dendritic cells	0.0149	
TCGA-EB-A3XE	SKCM	Dendritic cells	0	
TCGA-FR-A69P	SKCM	Dendritic cells	0	
TCGA-EE-A2A6	SKCM	Dendritic cells	0	
TCGA-ER-A19J	SKCM	Dendritic cells	0	
TCGA-RP-A694	SKCM	Dendritic cells	0.0235	
TCGA-YD-A9TA	SKCM	Dendritic cells	0.1938	
TCGA-WE-AAA3	SKCM	Dendritic cells	0.0525	
TCGA-EB-A3Y7	SKCM	Dendritic cells	0	
TCGA-D9-A6EA	SKCM	Dendritic cells	0	
TCGA-D3-A8GO	SKCM	Dendritic cells	0	
TCGA-EB-A430	SKCM	Dendritic cells	0	
TCGA-EE-A29W	SKCM	Dendritic cells	0	
TCGA-DA-A95X	SKCM	Dendritic cells	0	
TCGA-EE-A2MD	SKCM	Dendritic cells	0.023	
TCGA-ER-A2NF	SKCM	Dendritic cells	0.0029	
TCGA-GN-A4U8	SKCM	Dendritic cells	0	
TCGA-EB-A41B	SKCM	Dendritic cells	0	
TCGA-ER-A19C	SKCM	Dendritic cells	0.0236	
TCGA-EB-A5UN	SKCM	Dendritic cells	0	
TCGA-EE-A3J5	SKCM	Dendritic cells	0.0281	
TCGA-EE-A2ME	SKCM	Dendritic cells	0	
TCGA-QB-A6FS	SKCM	Dendritic cells	0	
TCGA-EE-A29R	SKCM	Dendritic cells	0	
TCGA-FR-A8YC	SKCM	Dendritic cells	0	
TCGA-DA-A95V	SKCM	Dendritic cells	0.0183	
TCGA-BF-A3DN	SKCM	Dendritic cells	0	
TCGA-EB-A24D	SKCM	Dendritic cells	0.0457	
TCGA-D3-A2JK	SKCM	Dendritic cells	0	
TCGA-EE-A17Z	SKCM	Dendritic cells	0.0502	
TCGA-DA-A3F5	SKCM	Dendritic cells	0	
TCGA-D3-A2JC	SKCM	Dendritic cells	0	
TCGA-W3-AA1O	SKCM	Dendritic cells	0	
TCGA-D3-A8GE	SKCM	Dendritic cells	0	
TCGA-D3-A2JB	SKCM	Dendritic cells	0.0072	
TCGA-EE-A181	SKCM	Dendritic cells	0	
TCGA-EB-A4P0	SKCM	Dendritic cells	0.0073	
TCGA-D3-A1Q7	SKCM	Dendritic cells	0	
TCGA-DA-A1I7	SKCM	Dendritic cells	0	
TCGA-BF-AAOU	SKCM	Dendritic cells	0	
TCGA-FS-A1ZF	SKCM	Dendritic cells	0	
TCGA-ER-A19H	SKCM	Dendritic cells	0.0003	
TCGA-ER-A199	SKCM	Dendritic cells	0	
TCGA-DA-A1I5	SKCM	Dendritic cells	0	
TCGA-ER-A3EV	SKCM	Dendritic cells	0	
TCGA-GN-A262	SKCM	Dendritic cells	0	
TCGA-FR-A7UA	SKCM	Dendritic cells	0	
TCGA-EE-A2GB	SKCM	Dendritic cells	0	
TCGA-FW-A3R5	SKCM	Dendritic cells	0	
TCGA-D3-A51K	SKCM	Dendritic cells	0	
TCGA-EE-A2MG	SKCM	Dendritic cells	0	
TCGA-EE-A17Y	SKCM	Dendritic cells	0	
TCGA-D3-A1Q4	SKCM	Dendritic cells	0	
TCGA-WE-A8K4	SKCM	Dendritic cells	0	
TCGA-ER-A19W	SKCM	Dendritic cells	0	
TCGA-D3-A2JP	SKCM	Dendritic cells	0	
TCGA-D3-A2J9	SKCM	Dendritic cells	0	
TCGA-BF-A3DL	SKCM	Dendritic cells	0	
TCGA-ER-A198	SKCM	Dendritic cells	0.0057	
TCGA-ER-A42H	SKCM	Dendritic cells	0	
TCGA-FR-A728	SKCM	Dendritic cells	0	
TCGA-GN-A9SD	SKCM	Dendritic cells	0	
TCGA-GF-A4EO	SKCM	Dendritic cells	0	
TCGA-W3-A824	SKCM	Dendritic cells	0	
TCGA-EB-A85J	SKCM	Dendritic cells	0	
TCGA-EB-A41A	SKCM	Dendritic cells	0.004	
TCGA-EB-A42Z	SKCM	Dendritic cells	0	
TCGA-BF-A5ES	SKCM	Dendritic cells	0.0388	
TCGA-EE-A29D	SKCM	Dendritic cells	0	
TCGA-EB-A42Y	SKCM	Dendritic cells	0.0003	
TCGA-OD-A75X	SKCM	Dendritic cells	0	
TCGA-BF-A1PV	SKCM	Dendritic cells	0.0143	
TCGA-FR-A3YN	SKCM	Dendritic cells	0	
TCGA-D9-A1X3	SKCM	Dendritic cells	0	
TCGA-EE-A3AG	SKCM	Dendritic cells	0	
TCGA-WE-A8ZX	SKCM	Dendritic cells	0	
TCGA-YG-AA3P	SKCM	Dendritic cells	0.0047	
TCGA-EE-A2GK	SKCM	Dendritic cells	0.0068	
TCGA-FR-A2OS	SKCM	Dendritic cells	0.056	
TCGA-WE-A8ZN	SKCM	Dendritic cells	0.0002	
TCGA-FS-A1Z7	SKCM	Dendritic cells	0	
TCGA-ER-A19S	SKCM	Dendritic cells	0	
TCGA-D9-A1JX	SKCM	Dendritic cells	0	
TCGA-FS-A1ZG	SKCM	Dendritic cells	0.0858	
TCGA-FR-A729	SKCM	Dendritic cells	0	
TCGA-D3-A3MV	SKCM	Dendritic cells	0	
TCGA-EB-A5UL	SKCM	Dendritic cells	0.0073	
TCGA-EE-A20B	SKCM	Dendritic cells	0	
TCGA-FS-A1ZZ	SKCM	Dendritic cells	0.005	
TCGA-ER-A19B	SKCM	Dendritic cells	0	
TCGA-ER-A2NG	SKCM	Dendritic cells	0.0047	
TCGA-WE-A8ZM	SKCM	Dendritic cells	0	
TCGA-GF-A3OT	SKCM	Dendritic cells	0	
TCGA-ER-A19K	SKCM	Dendritic cells	0.0565	
TCGA-GN-A26C	SKCM	Dendritic cells	0	
TCGA-EB-A6L9	SKCM	Dendritic cells	0.0078	
TCGA-D3-A1QA	SKCM	Dendritic cells	0.0047	
TCGA-D3-A3C3	SKCM	Dendritic cells	0	
TCGA-EE-A29C	SKCM	Dendritic cells	0.0592	
TCGA-EE-A29P	SKCM	Dendritic cells	0	
TCGA-EB-A5SE	SKCM	Dendritic cells	0	
TCGA-D9-A4Z2	SKCM	Dendritic cells	0	
TCGA-D3-A8GR	SKCM	Dendritic cells	0	
TCGA-ER-A19P	SKCM	Dendritic cells	0	
TCGA-D9-A148	SKCM	Dendritic cells	0.012	
TCGA-D3-A3ML	SKCM	Macrophage M1	0.002	0
TCGA-D3-A3ML	SKCM	Macrophage M1	0.002	0
TCGA-EE-A3AF	SKCM	Macrophage M1	0.0364	0.1012
TCGA-EE-A3AF	SKCM	Macrophage M1	0.0364	0.1012
TCGA-DA-A1I2	SKCM	Macrophage M1	0.0178	0.2442
TCGA-DA-A1I2	SKCM	Macrophage M1	0.0178	0.2442
TCGA-EE-A29V	SKCM	Macrophage M1	0.0239	0.0154
TCGA-EE-A29V	SKCM	Macrophage M1	0.0239	0.0154
TCGA-EE-A2ML	SKCM	Macrophage M1	0.1702	0.1773
TCGA-EE-A2ML	SKCM	Macrophage M1	0.1702	0.1773
TCGA-ER-A42L	SKCM	Macrophage M1	0.0868	0.0492
TCGA-ER-A42L	SKCM	Macrophage M1	0.0868	0.0492
TCGA-HR-A2OG	SKCM	Macrophage M1	0.0985	0.0805
TCGA-HR-A2OG	SKCM	Macrophage M1	0.0985	0.0805
TCGA-XV-AB01	SKCM	Macrophage M1	0.0276	0.0445
TCGA-XV-AB01	SKCM	Macrophage M1	0.0276	0.0445
TCGA-FW-A3TV	SKCM	Macrophage M1	0.0307	0.0908
TCGA-FW-A3TV	SKCM	Macrophage M1	0.0307	0.0908
TCGA-D3-A2JO	SKCM	Macrophage M1	0.0704	0.0621
TCGA-D3-A2JO	SKCM	Macrophage M1	0.0704	0.0621
TCGA-EB-A57M	SKCM	Macrophage M1	0.0293	0.0459
TCGA-EB-A57M	SKCM	Macrophage M1	0.0293	0.0459
TCGA-EE-A2GP	SKCM	Macrophage M1	0.0461	0.0829
TCGA-EE-A2GP	SKCM	Macrophage M1	0.0461	0.0829
TCGA-EE-A2MN	SKCM	Macrophage M1	0.0583	0.0994
TCGA-EE-A2MN	SKCM	Macrophage M1	0.0583	0.0994
TCGA-EB-A5VV	SKCM	Macrophage M1	0.0221	0.0652
TCGA-EB-A5VV	SKCM	Macrophage M1	0.0221	0.0652
TCGA-GN-A4U7	SKCM	Macrophage M1	0.0048	0
TCGA-GN-A4U7	SKCM	Macrophage M1	0.0048	0
TCGA-GN-A263	SKCM	Macrophage M1	0.0081	0.1402
TCGA-GN-A263	SKCM	Macrophage M1	0.0081	0.1402
TCGA-EE-A2GC	SKCM	Macrophage M1	0.0678	0.1005
TCGA-EE-A2GC	SKCM	Macrophage M1	0.0678	0.1005
TCGA-D9-A149	SKCM	Macrophage M1	0.0566	0.1626
TCGA-D9-A149	SKCM	Macrophage M1	0.0566	0.1626
TCGA-ER-A19F	SKCM	Macrophage M1	0.0229	0.0659
TCGA-ER-A19F	SKCM	Macrophage M1	0.0229	0.0659
TCGA-FS-A4F9	SKCM	Macrophage M1	0.0161	0.0833
TCGA-FS-A4F9	SKCM	Macrophage M1	0.0161	0.0833
TCGA-EE-A3J8	SKCM	Macrophage M1	0.0164	0
TCGA-EE-A3J8	SKCM	Macrophage M1	0.0164	0
TCGA-EE-A2MU	SKCM	Macrophage M1	0.0748	0.1002
TCGA-EE-A2MU	SKCM	Macrophage M1	0.0748	0.1002
TCGA-EE-A2MF	SKCM	Macrophage M1	0.0173	0.0768
TCGA-EE-A2MF	SKCM	Macrophage M1	0.0173	0.0768
TCGA-D3-A3MR	SKCM	Macrophage M1	0.0894	0.0553
TCGA-D3-A3MR	SKCM	Macrophage M1	0.0894	0.0553
TCGA-EB-A5KH	SKCM	Macrophage M1	0	0.0656
TCGA-EB-A5KH	SKCM	Macrophage M1	0	0.0656
TCGA-EE-A3AD	SKCM	Macrophage M1	0.0404	0
TCGA-EE-A3AD	SKCM	Macrophage M1	0.0404	0
TCGA-WE-A8K5	SKCM	Macrophage M1	0.0091	0.0912
TCGA-WE-A8K5	SKCM	Macrophage M1	0.0091	0.0912
TCGA-EE-A3AB	SKCM	Macrophage M1	0.091	0.0381
TCGA-EE-A3AB	SKCM	Macrophage M1	0.091	0.0381
TCGA-ER-A2NE	SKCM	Macrophage M1	0.0451	0
TCGA-ER-A2NE	SKCM	Macrophage M1	0.0451	0
TCGA-GF-A6C8	SKCM	Macrophage M1	0.0628	0.1967
TCGA-GF-A6C8	SKCM	Macrophage M1	0.0628	0.1967
TCGA-WE-AA9Y	SKCM	Macrophage M1	0.0077	0.0149
TCGA-WE-AA9Y	SKCM	Macrophage M1	0.0077	0.0149
TCGA-ER-A1A1	SKCM	Macrophage M1	0.0325	0.0264
TCGA-ER-A1A1	SKCM	Macrophage M1	0.0325	0.0264
TCGA-D3-A3CF	SKCM	Macrophage M1	0.0233	0.0724
TCGA-D3-A3CF	SKCM	Macrophage M1	0.0233	0.0724
TCGA-FS-A1ZK	SKCM	Macrophage M1	0.0173	0
TCGA-FS-A1ZK	SKCM	Macrophage M1	0.0173	0
TCGA-BF-A9VF	SKCM	Macrophage M1	0.0259	0.0314
TCGA-BF-A9VF	SKCM	Macrophage M1	0.0259	0.0314
TCGA-D3-A8GL	SKCM	Macrophage M1	0.0041	0
TCGA-D3-A8GL	SKCM	Macrophage M1	0.0041	0
TCGA-D3-A3C8	SKCM	Macrophage M1	0.0957	0.0467
TCGA-D3-A3C8	SKCM	Macrophage M1	0.0957	0.0467
TCGA-FS-A1ZA	SKCM	Macrophage M1	0.0305	0.1795
TCGA-FS-A1ZA	SKCM	Macrophage M1	0.0305	0.1795
TCGA-EB-A4IS	SKCM	Macrophage M1	0.0337	0.1326
TCGA-EB-A4IS	SKCM	Macrophage M1	0.0337	0.1326
TCGA-FR-A44A	SKCM	Macrophage M1	0.1769	0.0727
TCGA-FR-A44A	SKCM	Macrophage M1	0.1769	0.0727
TCGA-D3-A2J7	SKCM	Macrophage M1	0.0891	0.1369
TCGA-D3-A2J7	SKCM	Macrophage M1	0.0891	0.1369
TCGA-BF-A1PX	SKCM	Macrophage M1	0.0464	0.0565
TCGA-BF-A1PX	SKCM	Macrophage M1	0.0464	0.0565
TCGA-YG-AA3O	SKCM	Macrophage M1	0.0164	0.0897
TCGA-YG-AA3O	SKCM	Macrophage M1	0.0164	0.0897
TCGA-EE-A29M	SKCM	Macrophage M1	0.029	0.11
TCGA-EE-A29M	SKCM	Macrophage M1	0.029	0.11
TCGA-ER-A2ND	SKCM	Macrophage M1	0.0055	0.0817
TCGA-ER-A2ND	SKCM	Macrophage M1	0.0055	0.0817
TCGA-YG-AA3N	SKCM	Macrophage M1	0.0403	0.0521
TCGA-YG-AA3N	SKCM	Macrophage M1	0.0403	0.0521
TCGA-BF-A3DM	SKCM	Macrophage M1	0.0507	0.0627
TCGA-BF-A3DM	SKCM	Macrophage M1	0.0507	0.0627
TCGA-D9-A4Z3	SKCM	Macrophage M1	0.0109	0.0452
TCGA-D9-A4Z3	SKCM	Macrophage M1	0.0109	0.0452
TCGA-D3-A1Q6	SKCM	Macrophage M1	0.0731	0.0694
TCGA-D3-A1Q6	SKCM	Macrophage M1	0.0731	0.0694
TCGA-D3-A8GC	SKCM	Macrophage M1	0.0555	0.0738
TCGA-D3-A8GC	SKCM	Macrophage M1	0.0555	0.0738
TCGA-D3-A51R	SKCM	Macrophage M1	0.0003	0
TCGA-D3-A51R	SKCM	Macrophage M1	0.0003	0
TCGA-FR-A7U9	SKCM	Macrophage M1	0.0287	0.128
TCGA-FR-A7U9	SKCM	Macrophage M1	0.0287	0.128
TCGA-D3-A2JN	SKCM	Macrophage M1	0.0287	0.1422
TCGA-D3-A2JN	SKCM	Macrophage M1	0.0287	0.1422
TCGA-DA-A1HV	SKCM	Macrophage M1	0.0797	0.1462
TCGA-DA-A1HV	SKCM	Macrophage M1	0.0797	0.1462
TCGA-D3-A51F	SKCM	Macrophage M1	0.1408	0.0588
TCGA-D3-A51F	SKCM	Macrophage M1	0.1408	0.0588
TCGA-EB-A4OZ	SKCM	Macrophage M1	0.0166	0.0859
TCGA-EB-A4OZ	SKCM	Macrophage M1	0.0166	0.0859
TCGA-FR-A7U8	SKCM	Macrophage M1	0.0209	0.0113
TCGA-FR-A7U8	SKCM	Macrophage M1	0.0209	0.0113
TCGA-D3-A1Q5	SKCM	Macrophage M1	0.0032	0.0424
TCGA-D3-A1Q5	SKCM	Macrophage M1	0.0032	0.0424
TCGA-EE-A2GU	SKCM	Macrophage M1	0.0532	0.1155
TCGA-EE-A2GU	SKCM	Macrophage M1	0.0532	0.1155
TCGA-D9-A6E9	SKCM	Macrophage M1	0.1264	0.082
TCGA-D9-A6E9	SKCM	Macrophage M1	0.1264	0.082
TCGA-EE-A29X	SKCM	Macrophage M1	0.1445	0.067
TCGA-EE-A29X	SKCM	Macrophage M1	0.1445	0.067
TCGA-EE-A20H	SKCM	Macrophage M1	0	0.0882
TCGA-EE-A20H	SKCM	Macrophage M1	0	0.0882
TCGA-EB-A1NK	SKCM	Macrophage M1	0.0249	0.0582
TCGA-EB-A1NK	SKCM	Macrophage M1	0.0249	0.0582
TCGA-GF-A2C7	SKCM	Macrophage M1	0.0046	0
TCGA-GF-A2C7	SKCM	Macrophage M1	0.0046	0
TCGA-FR-A8YD	SKCM	Macrophage M1	0.019	0.0308
TCGA-FR-A8YD	SKCM	Macrophage M1	0.019	0.0308
TCGA-D3-A2JL	SKCM	Macrophage M1	0.0497	0.0561
TCGA-D3-A2JL	SKCM	Macrophage M1	0.0497	0.0561
TCGA-D3-A1Q3	SKCM	Macrophage M1	0	0.1019
TCGA-D3-A1Q3	SKCM	Macrophage M1	0	0.1019
TCGA-EE-A3JI	SKCM	Macrophage M1	0.0189	0.0287
TCGA-EE-A3JI	SKCM	Macrophage M1	0.0189	0.0287
TCGA-FS-A1Z3	SKCM	Macrophage M1	0.0027	0.1434
TCGA-FS-A1Z3	SKCM	Macrophage M1	0.0027	0.1434
TCGA-ER-A194	SKCM	Macrophage M1	0.0104	0.0432
TCGA-ER-A194	SKCM	Macrophage M1	0.0104	0.0432
TCGA-QB-AA9O	SKCM	Macrophage M1	0.0328	0.0391
TCGA-QB-AA9O	SKCM	Macrophage M1	0.0328	0.0391
TCGA-FS-A1ZE	SKCM	Macrophage M1	0	0.1064
TCGA-FS-A1ZE	SKCM	Macrophage M1	0	0.1064
TCGA-HR-A5NC	SKCM	Macrophage M1	0.0106	0.0399
TCGA-HR-A5NC	SKCM	Macrophage M1	0.0106	0.0399
TCGA-D3-A3CC	SKCM	Macrophage M1	0.0108	0.0588
TCGA-D3-A3CC	SKCM	Macrophage M1	0.0108	0.0588
TCGA-D3-A51J	SKCM	Macrophage M1	0.0926	0.1165
TCGA-D3-A51J	SKCM	Macrophage M1	0.0926	0.1165
TCGA-BF-AAOX	SKCM	Macrophage M1	0.0005	0.0616
TCGA-BF-AAOX	SKCM	Macrophage M1	0.0005	0.0616
TCGA-EB-A5FP	SKCM	Macrophage M1	0.0074	0.012
TCGA-EB-A5FP	SKCM	Macrophage M1	0.0074	0.012
TCGA-EE-A3JH	SKCM	Macrophage M1	0.0871	0.1162
TCGA-EE-A3JH	SKCM	Macrophage M1	0.0871	0.1162
TCGA-DA-A1IA	SKCM	Macrophage M1	0.0224	0
TCGA-DA-A1IA	SKCM	Macrophage M1	0.0224	0
TCGA-D3-A2JE	SKCM	Macrophage M1	0	0.1233
TCGA-D3-A2JE	SKCM	Macrophage M1	0	0.1233
TCGA-FS-A1ZJ	SKCM	Macrophage M1	0	0.0736
TCGA-FS-A1ZJ	SKCM	Macrophage M1	0	0.0736
TCGA-EB-A24C	SKCM	Macrophage M1	0.0018	0.0816
TCGA-EB-A24C	SKCM	Macrophage M1	0.0018	0.0816
TCGA-FS-A4F8	SKCM	Macrophage M1	0.0198	0.0724
TCGA-FS-A4F8	SKCM	Macrophage M1	0.0198	0.0724
TCGA-W3-A825	SKCM	Macrophage M1	0.0453	0.0717
TCGA-W3-A825	SKCM	Macrophage M1	0.0453	0.0717
TCGA-D3-A3C1	SKCM	Macrophage M1	0.1124	0.0093
TCGA-D3-A3C1	SKCM	Macrophage M1	0.1124	0.0093
TCGA-FS-A1ZS	SKCM	Macrophage M1	0.0282	0.0269
TCGA-FS-A1ZS	SKCM	Macrophage M1	0.0282	0.0269
TCGA-D3-A8GQ	SKCM	Macrophage M1	0.056	0.0227
TCGA-D3-A8GQ	SKCM	Macrophage M1	0.056	0.0227
TCGA-EB-A5SF	SKCM	Macrophage M1	0.0056	0
TCGA-EB-A5SF	SKCM	Macrophage M1	0.0056	0
TCGA-D3-A2JA	SKCM	Macrophage M1	0.0274	0.117
TCGA-D3-A2JA	SKCM	Macrophage M1	0.0274	0.117
TCGA-ER-A19D	SKCM	Macrophage M1	0.0273	0.1072
TCGA-ER-A19D	SKCM	Macrophage M1	0.0273	0.1072
TCGA-GN-A266	SKCM	Macrophage M1	0.0801	0.1143
TCGA-GN-A266	SKCM	Macrophage M1	0.0801	0.1143
TCGA-DA-A3F3	SKCM	Macrophage M1	0.0297	0.0626
TCGA-DA-A3F3	SKCM	Macrophage M1	0.0297	0.0626
TCGA-W3-AA1W	SKCM	Macrophage M1	0.134	0.1062
TCGA-W3-AA1W	SKCM	Macrophage M1	0.134	0.1062
TCGA-EE-A2MC	SKCM	Macrophage M1	0.1054	0.0827
TCGA-EE-A2MC	SKCM	Macrophage M1	0.1054	0.0827
TCGA-RP-A695	SKCM	Macrophage M1	0.0755	0.0477
TCGA-RP-A695	SKCM	Macrophage M1	0.0755	0.0477
TCGA-ER-A19Q	SKCM	Macrophage M1	0.0896	0.0893
TCGA-ER-A19Q	SKCM	Macrophage M1	0.0896	0.0893
TCGA-D3-A2JH	SKCM	Macrophage M1	0.0524	0.0663
TCGA-D3-A2JH	SKCM	Macrophage M1	0.0524	0.0663
TCGA-D3-A8GV	SKCM	Macrophage M1	0.0273	0.0254
TCGA-D3-A8GV	SKCM	Macrophage M1	0.0273	0.0254
TCGA-EE-A184	SKCM	Macrophage M1	0.0389	0.0709
TCGA-EE-A184	SKCM	Macrophage M1	0.0389	0.0709
TCGA-RP-A693	SKCM	Macrophage M1	0.0356	0.0469
TCGA-RP-A693	SKCM	Macrophage M1	0.0356	0.0469
TCGA-D3-A3C7	SKCM	Macrophage M1	0.0526	0.0386
TCGA-D3-A3C7	SKCM	Macrophage M1	0.0526	0.0386
TCGA-EE-A2GM	SKCM	Macrophage M1	0	0.085
TCGA-EE-A2GM	SKCM	Macrophage M1	0	0.085
TCGA-BF-A1PU	SKCM	Macrophage M1	0.023	0.0189
TCGA-BF-A1PU	SKCM	Macrophage M1	0.023	0.0189
TCGA-EE-A3J7	SKCM	Macrophage M1	0.0257	0.0968
TCGA-EE-A3J7	SKCM	Macrophage M1	0.0257	0.0968
TCGA-BF-AAP7	SKCM	Macrophage M1	0.0474	0.0701
TCGA-BF-AAP7	SKCM	Macrophage M1	0.0474	0.0701
TCGA-ER-A197	SKCM	Macrophage M1	0.0561	0.0769
TCGA-ER-A197	SKCM	Macrophage M1	0.0561	0.0769
TCGA-ER-A19E	SKCM	Macrophage M1	0	0.0599
TCGA-ER-A19E	SKCM	Macrophage M1	0	0.0599
TCGA-EE-A3J4	SKCM	Macrophage M1	0.0112	0.1575
TCGA-EE-A3J4	SKCM	Macrophage M1	0.0112	0.1575
TCGA-DA-A95Y	SKCM	Macrophage M1	0.0047	0.0278
TCGA-DA-A95Y	SKCM	Macrophage M1	0.0047	0.0278
TCGA-DA-A1HY	SKCM	Macrophage M1	0.2111	0.0184
TCGA-DA-A1HY	SKCM	Macrophage M1	0.2111	0.0184
TCGA-EE-A3JA	SKCM	Macrophage M1	0.0229	0.0947
TCGA-EE-A3JA	SKCM	Macrophage M1	0.0229	0.0947
TCGA-ER-A19A	SKCM	Macrophage M1	0.1811	0.1328
TCGA-ER-A19A	SKCM	Macrophage M1	0.1811	0.1328
TCGA-D3-A8GB	SKCM	Macrophage M1	0.0265	0.0824
TCGA-D3-A8GB	SKCM	Macrophage M1	0.0265	0.0824
TCGA-D3-A8GJ	SKCM	Macrophage M1	0.0819	0.03
TCGA-D3-A8GJ	SKCM	Macrophage M1	0.0819	0.03
TCGA-FW-A3I3	SKCM	Macrophage M1	0.0171	0.0473
TCGA-FW-A3I3	SKCM	Macrophage M1	0.0171	0.0473
TCGA-EE-A2MR	SKCM	Macrophage M1	0.0371	0.121
TCGA-EE-A2MR	SKCM	Macrophage M1	0.0371	0.121
TCGA-D3-A8GM	SKCM	Macrophage M1	0.0408	0.1269
TCGA-D3-A8GM	SKCM	Macrophage M1	0.0408	0.1269
TCGA-D3-A51G	SKCM	Macrophage M1	0.0363	0.0896
TCGA-D3-A51G	SKCM	Macrophage M1	0.0363	0.0896
TCGA-EB-A5SG	SKCM	Macrophage M1	0.092	0.0644
TCGA-EB-A5SG	SKCM	Macrophage M1	0.092	0.0644
TCGA-FS-A1YX	SKCM	Macrophage M1	0.077	0.0558
TCGA-FS-A1YX	SKCM	Macrophage M1	0.077	0.0558
TCGA-BF-A1PZ	SKCM	Macrophage M1	0.0081	0.1175
TCGA-BF-A1PZ	SKCM	Macrophage M1	0.0081	0.1175
TCGA-GF-A6C9	SKCM	Macrophage M1	0.0671	0.0805
TCGA-GF-A6C9	SKCM	Macrophage M1	0.0671	0.0805
TCGA-D3-A2JG	SKCM	Macrophage M1	0.0268	0.1256
TCGA-D3-A2JG	SKCM	Macrophage M1	0.0268	0.1256
TCGA-EE-A2MK	SKCM	Macrophage M1	0.1503	0.082
TCGA-EE-A2MK	SKCM	Macrophage M1	0.1503	0.082
TCGA-EE-A2GE	SKCM	Macrophage M1	0.1766	0.0517
TCGA-EE-A2GE	SKCM	Macrophage M1	0.1766	0.0517
TCGA-EE-A29A	SKCM	Macrophage M1	0	0.0403
TCGA-EE-A29A	SKCM	Macrophage M1	0	0.0403
TCGA-FS-A1ZW	SKCM	Macrophage M1	0.0639	0.0855
TCGA-FS-A1ZW	SKCM	Macrophage M1	0.0639	0.0855
TCGA-FR-A726	SKCM	Macrophage M1	0.0321	0.01
TCGA-FR-A726	SKCM	Macrophage M1	0.0321	0.01
TCGA-XV-A9VZ	SKCM	Macrophage M1	0	0.0069
TCGA-XV-A9VZ	SKCM	Macrophage M1	0	0.0069
TCGA-EE-A2MS	SKCM	Macrophage M1	0.0461	0.0762
TCGA-EE-A2MS	SKCM	Macrophage M1	0.0461	0.0762
TCGA-W3-AA21	SKCM	Macrophage M1	0.0429	0.1452
TCGA-W3-AA21	SKCM	Macrophage M1	0.0429	0.1452
TCGA-ER-A3ET	SKCM	Macrophage M1	0.0999	0.1062
TCGA-ER-A3ET	SKCM	Macrophage M1	0.0999	0.1062
TCGA-FS-A1ZP	SKCM	Macrophage M1	0.008	0.099
TCGA-FS-A1ZP	SKCM	Macrophage M1	0.008	0.099
TCGA-FS-A4F2	SKCM	Macrophage M1	0.063	0.0063
TCGA-FS-A4F2	SKCM	Macrophage M1	0.063	0.0063
TCGA-EB-A4IQ	SKCM	Macrophage M1	0.0202	0
TCGA-EB-A4IQ	SKCM	Macrophage M1	0.0202	0
TCGA-FS-A4F0	SKCM	Macrophage M1	0.0071	0.1182
TCGA-FS-A4F0	SKCM	Macrophage M1	0.0071	0.1182
TCGA-D9-A3Z1	SKCM	Macrophage M1	0.0452	0.0442
TCGA-D9-A3Z1	SKCM	Macrophage M1	0.0452	0.0442
TCGA-EB-A85I	SKCM	Macrophage M1	0.0876	0.0469
TCGA-EB-A85I	SKCM	Macrophage M1	0.0876	0.0469
TCGA-D3-A51H	SKCM	Macrophage M1	0.0322	0.045
TCGA-D3-A51H	SKCM	Macrophage M1	0.0322	0.045
TCGA-FW-A3TU	SKCM	Macrophage M1	0.0204	0.0053
TCGA-FW-A3TU	SKCM	Macrophage M1	0.0204	0.0053
TCGA-ER-A195	SKCM	Macrophage M1	0.0346	0.1352
TCGA-ER-A195	SKCM	Macrophage M1	0.0346	0.1352
TCGA-EB-A97M	SKCM	Macrophage M1	0.0334	0.0593
TCGA-EB-A97M	SKCM	Macrophage M1	0.0334	0.0593
TCGA-EB-A3XC	SKCM	Macrophage M1	0.0129	0.1157
TCGA-EB-A3XC	SKCM	Macrophage M1	0.0129	0.1157
TCGA-RP-A6K9	SKCM	Macrophage M1	0.0238	0.0353
TCGA-RP-A6K9	SKCM	Macrophage M1	0.0238	0.0353
TCGA-EB-A82C	SKCM	Macrophage M1	0.0186	0.02
TCGA-EB-A82C	SKCM	Macrophage M1	0.0186	0.02
TCGA-DA-A95W	SKCM	Macrophage M1	0.016	0.0744
TCGA-DA-A95W	SKCM	Macrophage M1	0.016	0.0744
TCGA-BF-A5EQ	SKCM	Macrophage M1	0.0552	0.1505
TCGA-BF-A5EQ	SKCM	Macrophage M1	0.0552	0.1505
TCGA-W3-AA1R	SKCM	Macrophage M1	0.0249	0.0537
TCGA-W3-AA1R	SKCM	Macrophage M1	0.0249	0.0537
TCGA-EE-A2MP	SKCM	Macrophage M1	0.0707	0.0773
TCGA-EE-A2MP	SKCM	Macrophage M1	0.0707	0.0773
TCGA-3N-A9WC	SKCM	Macrophage M1	0.0637	0.2429
TCGA-3N-A9WC	SKCM	Macrophage M1	0.0637	0.2429
TCGA-EB-A51B	SKCM	Macrophage M1	0.034	0.0945
TCGA-EB-A51B	SKCM	Macrophage M1	0.034	0.0945
TCGA-EB-A3XF	SKCM	Macrophage M1	0.1072	0.1165
TCGA-EB-A3XF	SKCM	Macrophage M1	0.1072	0.1165
TCGA-3N-A9WB	SKCM	Macrophage M1	0.0147	0
TCGA-3N-A9WB	SKCM	Macrophage M1	0.0147	0
TCGA-WE-A8ZR	SKCM	Macrophage M1	0	0.0707
TCGA-WE-A8ZR	SKCM	Macrophage M1	0	0.0707
TCGA-D9-A3Z3	SKCM	Macrophage M1	0.0323	0.0886
TCGA-D9-A3Z3	SKCM	Macrophage M1	0.0323	0.0886
TCGA-FS-A1ZT	SKCM	Macrophage M1	0.0461	0.1171
TCGA-FS-A1ZT	SKCM	Macrophage M1	0.0461	0.1171
TCGA-FS-A1YW	SKCM	Macrophage M1	0.0427	0.0955
TCGA-FS-A1YW	SKCM	Macrophage M1	0.0427	0.0955
TCGA-EE-A2A2	SKCM	Macrophage M1	0.022	0.0464
TCGA-EE-A2A2	SKCM	Macrophage M1	0.022	0.0464
TCGA-D3-A8GS	SKCM	Macrophage M1	0.0348	0.0618
TCGA-D3-A8GS	SKCM	Macrophage M1	0.0348	0.0618
TCGA-EE-A2M6	SKCM	Macrophage M1	0.1491	0.0318
TCGA-EE-A2M6	SKCM	Macrophage M1	0.1491	0.0318
TCGA-Z2-A8RT	SKCM	Macrophage M1	0.0328	0.1701
TCGA-Z2-A8RT	SKCM	Macrophage M1	0.0328	0.1701
TCGA-WE-A8ZT	SKCM	Macrophage M1	0	0.074
TCGA-WE-A8ZT	SKCM	Macrophage M1	0	0.074
TCGA-Z2-AA3V	SKCM	Macrophage M1	0.0595	0.0397
TCGA-Z2-AA3V	SKCM	Macrophage M1	0.0595	0.0397
TCGA-GN-A26A	SKCM	Macrophage M1	0.1335	0.0559
TCGA-GN-A26A	SKCM	Macrophage M1	0.1335	0.0559
TCGA-EE-A183	SKCM	Macrophage M1	0.0462	0.0595
TCGA-EE-A183	SKCM	Macrophage M1	0.0462	0.0595
TCGA-EB-A6R0	SKCM	Macrophage M1	0.0382	0.073
TCGA-EB-A6R0	SKCM	Macrophage M1	0.0382	0.073
TCGA-EB-A44R	SKCM	Macrophage M1	0.0063	0.0424
TCGA-EB-A44R	SKCM	Macrophage M1	0.0063	0.0424
TCGA-EE-A2GD	SKCM	Macrophage M1	0.1084	0.0362
TCGA-EE-A2GD	SKCM	Macrophage M1	0.1084	0.0362
TCGA-EE-A29S	SKCM	Macrophage M1	0.0878	0.0983
TCGA-EE-A29S	SKCM	Macrophage M1	0.0878	0.0983
TCGA-EE-A2M8	SKCM	Macrophage M1	0.0766	0.1098
TCGA-EE-A2M8	SKCM	Macrophage M1	0.0766	0.1098
TCGA-BF-AAP0	SKCM	Macrophage M1	0.083	0.0817
TCGA-BF-AAP0	SKCM	Macrophage M1	0.083	0.0817
TCGA-WE-A8ZY	SKCM	Macrophage M1	0.0385	0.14
TCGA-WE-A8ZY	SKCM	Macrophage M1	0.0385	0.14
TCGA-ER-A19L	SKCM	Macrophage M1	0.013	0.0308
TCGA-ER-A19L	SKCM	Macrophage M1	0.013	0.0308
TCGA-EE-A17X	SKCM	Macrophage M1	0.0122	0.0302
TCGA-EE-A17X	SKCM	Macrophage M1	0.0122	0.0302
TCGA-GN-A265	SKCM	Macrophage M1	0.1381	0.2368
TCGA-GN-A265	SKCM	Macrophage M1	0.1381	0.2368
TCGA-BF-A3DJ	SKCM	Macrophage M1	0.1255	0.0892
TCGA-BF-A3DJ	SKCM	Macrophage M1	0.1255	0.0892
TCGA-D3-A5GT	SKCM	Macrophage M1	0	0
TCGA-D3-A5GT	SKCM	Macrophage M1	0	0
TCGA-FR-A3YO	SKCM	Macrophage M1	0.0481	0
TCGA-FR-A3YO	SKCM	Macrophage M1	0.0481	0
TCGA-BF-A1Q0	SKCM	Macrophage M1	0.0229	0.174
TCGA-BF-A1Q0	SKCM	Macrophage M1	0.0229	0.174
TCGA-GN-A8LL	SKCM	Macrophage M1	0	0.02
TCGA-GN-A8LL	SKCM	Macrophage M1	0	0.02
TCGA-EB-A551	SKCM	Macrophage M1	0.0833	0.1083
TCGA-EB-A551	SKCM	Macrophage M1	0.0833	0.1083
TCGA-XV-A9W5	SKCM	Macrophage M1	0.0027	0.0798
TCGA-XV-A9W5	SKCM	Macrophage M1	0.0027	0.0798
TCGA-FS-A4FB	SKCM	Macrophage M1	0.0077	0.0184
TCGA-FS-A4FB	SKCM	Macrophage M1	0.0077	0.0184
TCGA-DA-A1IC	SKCM	Macrophage M1	0.0229	0.1145
TCGA-DA-A1IC	SKCM	Macrophage M1	0.0229	0.1145
TCGA-HR-A2OH	SKCM	Macrophage M1	0.1515	0.1169
TCGA-HR-A2OH	SKCM	Macrophage M1	0.1515	0.1169
TCGA-EB-A5UM	SKCM	Macrophage M1	0.0054	0.0531
TCGA-EB-A5UM	SKCM	Macrophage M1	0.0054	0.0531
TCGA-DA-A95Z	SKCM	Macrophage M1	0.0412	0.0639
TCGA-DA-A95Z	SKCM	Macrophage M1	0.0412	0.0639
TCGA-BF-AAP1	SKCM	Macrophage M1	0.0153	0.0525
TCGA-BF-AAP1	SKCM	Macrophage M1	0.0153	0.0525
TCGA-FR-A3R1	SKCM	Macrophage M1	0.035	0.0404
TCGA-FR-A3R1	SKCM	Macrophage M1	0.035	0.0404
TCGA-DA-A1I0	SKCM	Macrophage M1	0.018	0.0449
TCGA-DA-A1I0	SKCM	Macrophage M1	0.018	0.0449
TCGA-ER-A42K	SKCM	Macrophage M1	0.0658	0.1848
TCGA-ER-A42K	SKCM	Macrophage M1	0.0658	0.1848
TCGA-DA-A1I1	SKCM	Macrophage M1	0.1495	0.1661
TCGA-DA-A1I1	SKCM	Macrophage M1	0.1495	0.1661
TCGA-EE-A2MT	SKCM	Macrophage M1	0.0984	0.0544
TCGA-EE-A2MT	SKCM	Macrophage M1	0.0984	0.0544
TCGA-ER-A19O	SKCM	Macrophage M1	0.0805	0.0479
TCGA-ER-A19O	SKCM	Macrophage M1	0.0805	0.0479
TCGA-EE-A29Q	SKCM	Macrophage M1	0.0248	0.018
TCGA-EE-A29Q	SKCM	Macrophage M1	0.0248	0.018
TCGA-FS-A1Z0	SKCM	Macrophage M1	0.0281	0.0802
TCGA-FS-A1Z0	SKCM	Macrophage M1	0.0281	0.0802
TCGA-D3-A5GU	SKCM	Macrophage M1	0.0033	0.0675
TCGA-D3-A5GU	SKCM	Macrophage M1	0.0033	0.0675
TCGA-EB-A44P	SKCM	Macrophage M1	0.0592	0.1127
TCGA-EB-A44P	SKCM	Macrophage M1	0.0592	0.1127
TCGA-ER-A2NH	SKCM	Macrophage M1	0.0939	0.0685
TCGA-ER-A2NH	SKCM	Macrophage M1	0.0939	0.0685
TCGA-GN-A4U4	SKCM	Macrophage M1	0.0093	0.1081
TCGA-GN-A4U4	SKCM	Macrophage M1	0.0093	0.1081
TCGA-EE-A3JB	SKCM	Macrophage M1	0.0573	0.0912
TCGA-EE-A3JB	SKCM	Macrophage M1	0.0573	0.0912
TCGA-EB-A4OY	SKCM	Macrophage M1	0.0133	0.0362
TCGA-EB-A4OY	SKCM	Macrophage M1	0.0133	0.0362
TCGA-D3-A8GK	SKCM	Macrophage M1	0.0103	0
TCGA-D3-A8GK	SKCM	Macrophage M1	0.0103	0
TCGA-FS-A1ZB	SKCM	Macrophage M1	0.0384	0.1127
TCGA-FS-A1ZB	SKCM	Macrophage M1	0.0384	0.1127
TCGA-D3-A2J6	SKCM	Macrophage M1	0.0809	0.0522
TCGA-D3-A2J6	SKCM	Macrophage M1	0.0809	0.0522
TCGA-EB-A3XD	SKCM	Macrophage M1	0.0141	0.0618
TCGA-EB-A3XD	SKCM	Macrophage M1	0.0141	0.0618
TCGA-D3-A8GN	SKCM	Macrophage M1	0.1052	0.0312
TCGA-D3-A8GN	SKCM	Macrophage M1	0.1052	0.0312
TCGA-EE-A20F	SKCM	Macrophage M1	0.0848	0.1502
TCGA-EE-A20F	SKCM	Macrophage M1	0.0848	0.1502
TCGA-WE-A8JZ	SKCM	Macrophage M1	0.0177	0.1048
TCGA-WE-A8JZ	SKCM	Macrophage M1	0.0177	0.1048
TCGA-EE-A182	SKCM	Macrophage M1	0.023	0.0177
TCGA-EE-A182	SKCM	Macrophage M1	0.023	0.0177
TCGA-D3-A3MU	SKCM	Macrophage M1	0.047	0.0956
TCGA-D3-A3MU	SKCM	Macrophage M1	0.047	0.0956
TCGA-Z2-AA3S	SKCM	Macrophage M1	0	0.0842
TCGA-Z2-AA3S	SKCM	Macrophage M1	0	0.0842
TCGA-BF-AAP4	SKCM	Macrophage M1	0.0282	0.0478
TCGA-BF-AAP4	SKCM	Macrophage M1	0.0282	0.0478
TCGA-D3-A3CE	SKCM	Macrophage M1	0.0677	0.1025
TCGA-D3-A3CE	SKCM	Macrophage M1	0.0677	0.1025
TCGA-XV-AAZW	SKCM	Macrophage M1	0.0331	0.1272
TCGA-XV-AAZW	SKCM	Macrophage M1	0.0331	0.1272
TCGA-FS-A4F4	SKCM	Macrophage M1	0.0134	0.0743
TCGA-FS-A4F4	SKCM	Macrophage M1	0.0134	0.0743
TCGA-FS-A4FD	SKCM	Macrophage M1	0.0075	0.0754
TCGA-FS-A4FD	SKCM	Macrophage M1	0.0075	0.0754
TCGA-D3-A8GD	SKCM	Macrophage M1	0.0472	0.1097
TCGA-D3-A8GD	SKCM	Macrophage M1	0.0472	0.1097
TCGA-GN-A264	SKCM	Macrophage M1	0	0.0496
TCGA-GN-A264	SKCM	Macrophage M1	0	0.0496
TCGA-WE-A8ZQ	SKCM	Macrophage M1	0.0257	0
TCGA-WE-A8ZQ	SKCM	Macrophage M1	0.0257	0
TCGA-EE-A2GO	SKCM	Macrophage M1	0.0016	0
TCGA-EE-A2GO	SKCM	Macrophage M1	0.0016	0
TCGA-EB-A82B	SKCM	Macrophage M1	0.0678	0.0802
TCGA-EB-A82B	SKCM	Macrophage M1	0.0678	0.0802
TCGA-D3-A51T	SKCM	Macrophage M1	0.0335	0.0865
TCGA-D3-A51T	SKCM	Macrophage M1	0.0335	0.0865
TCGA-D3-A1Q9	SKCM	Macrophage M1	0.0314	0.0698
TCGA-D3-A1Q9	SKCM	Macrophage M1	0.0314	0.0698
TCGA-ER-A19M	SKCM	Macrophage M1	0.1023	0.0865
TCGA-ER-A19M	SKCM	Macrophage M1	0.1023	0.0865
TCGA-EE-A2M7	SKCM	Macrophage M1	0	0.0443
TCGA-EE-A2M7	SKCM	Macrophage M1	0	0.0443
TCGA-YD-A89C	SKCM	Macrophage M1	0	0
TCGA-YD-A89C	SKCM	Macrophage M1	0	0
TCGA-D3-A1Q8	SKCM	Macrophage M1	0.0615	0.0382
TCGA-D3-A1Q8	SKCM	Macrophage M1	0.0615	0.0382
TCGA-DA-A1I8	SKCM	Macrophage M1	0.1414	0.0141
TCGA-DA-A1I8	SKCM	Macrophage M1	0.1414	0.0141
TCGA-BF-AAP2	SKCM	Macrophage M1	0.0254	0.1081
TCGA-BF-AAP2	SKCM	Macrophage M1	0.0254	0.1081
TCGA-FS-A1ZU	SKCM	Macrophage M1	0.0079	0.018
TCGA-FS-A1ZU	SKCM	Macrophage M1	0.0079	0.018
TCGA-EE-A180	SKCM	Macrophage M1	0.0137	0.078
TCGA-EE-A180	SKCM	Macrophage M1	0.0137	0.078
TCGA-GN-A8LN	SKCM	Macrophage M1	0.098	0.1258
TCGA-GN-A8LN	SKCM	Macrophage M1	0.098	0.1258
TCGA-DA-A1I4	SKCM	Macrophage M1	0.0719	0.0245
TCGA-DA-A1I4	SKCM	Macrophage M1	0.0719	0.0245
TCGA-DA-A1HW	SKCM	Macrophage M1	0.0539	0.1226
TCGA-DA-A1HW	SKCM	Macrophage M1	0.0539	0.1226
TCGA-EB-A6QZ	SKCM	Macrophage M1	0.0412	0
TCGA-EB-A6QZ	SKCM	Macrophage M1	0.0412	0
TCGA-YD-A9TB	SKCM	Macrophage M1	0.0168	0.0707
TCGA-YD-A9TB	SKCM	Macrophage M1	0.0168	0.0707
TCGA-W3-AA1Q	SKCM	Macrophage M1	0.036	0.1157
TCGA-W3-AA1Q	SKCM	Macrophage M1	0.036	0.1157
TCGA-EE-A2A0	SKCM	Macrophage M1	0.0662	0.0903
TCGA-EE-A2A0	SKCM	Macrophage M1	0.0662	0.0903
TCGA-EB-A6QY	SKCM	Macrophage M1	0.0221	0.1127
TCGA-EB-A6QY	SKCM	Macrophage M1	0.0221	0.1127
TCGA-BF-A5EO	SKCM	Macrophage M1	0.0401	0.0351
TCGA-BF-A5EO	SKCM	Macrophage M1	0.0401	0.0351
TCGA-EE-A29E	SKCM	Macrophage M1	0.0329	0.0256
TCGA-EE-A29E	SKCM	Macrophage M1	0.0329	0.0256
TCGA-FS-A1Z4	SKCM	Macrophage M1	0.0517	0.1263
TCGA-FS-A1Z4	SKCM	Macrophage M1	0.0517	0.1263
TCGA-EE-A2MJ	SKCM	Macrophage M1	0.0611	0.1303
TCGA-EE-A2MJ	SKCM	Macrophage M1	0.0611	0.1303
TCGA-D3-A3MO	SKCM	Macrophage M1	0.024	0.0045
TCGA-D3-A3MO	SKCM	Macrophage M1	0.024	0.0045
TCGA-D3-A5GO	SKCM	Macrophage M1	0.0419	0.0391
TCGA-D3-A5GO	SKCM	Macrophage M1	0.0419	0.0391
TCGA-EE-A2A5	SKCM	Macrophage M1	0.0122	0.0819
TCGA-EE-A2A5	SKCM	Macrophage M1	0.0122	0.0819
TCGA-FS-A4F5	SKCM	Macrophage M1	0.0386	0.0828
TCGA-FS-A4F5	SKCM	Macrophage M1	0.0386	0.0828
TCGA-EE-A2GS	SKCM	Macrophage M1	0.0093	0.1238
TCGA-EE-A2GS	SKCM	Macrophage M1	0.0093	0.1238
TCGA-ER-A3PL	SKCM	Macrophage M1	0.003	0.1144
TCGA-ER-A3PL	SKCM	Macrophage M1	0.003	0.1144
TCGA-BF-A5EP	SKCM	Macrophage M1	0.0055	0
TCGA-BF-A5EP	SKCM	Macrophage M1	0.0055	0
TCGA-FW-A5DX	SKCM	Macrophage M1	0.0083	0.0932
TCGA-FW-A5DX	SKCM	Macrophage M1	0.0083	0.0932
TCGA-EE-A29N	SKCM	Macrophage M1	0.0905	0.072
TCGA-EE-A29N	SKCM	Macrophage M1	0.0905	0.072
TCGA-ER-A193	SKCM	Macrophage M1	0.0712	0.1283
TCGA-ER-A193	SKCM	Macrophage M1	0.0712	0.1283
TCGA-XV-A9W2	SKCM	Macrophage M1	0.0163	0.1684
TCGA-XV-A9W2	SKCM	Macrophage M1	0.0163	0.1684
TCGA-EB-A3Y6	SKCM	Macrophage M1	0.0301	0.1373
TCGA-EB-A3Y6	SKCM	Macrophage M1	0.0301	0.1373
TCGA-D3-A1Q1	SKCM	Macrophage M1	0.0012	0.0399
TCGA-D3-A1Q1	SKCM	Macrophage M1	0.0012	0.0399
TCGA-WE-A8K6	SKCM	Macrophage M1	0.0225	0.0352
TCGA-WE-A8K6	SKCM	Macrophage M1	0.0225	0.0352
TCGA-EE-A29G	SKCM	Macrophage M1	0.0061	0.0959
TCGA-EE-A29G	SKCM	Macrophage M1	0.0061	0.0959
TCGA-DA-A1IB	SKCM	Macrophage M1	0.1021	0.0795
TCGA-DA-A1IB	SKCM	Macrophage M1	0.1021	0.0795
TCGA-EB-A299	SKCM	Macrophage M1	0.0266	0.1987
TCGA-EB-A299	SKCM	Macrophage M1	0.0266	0.1987
TCGA-EE-A29B	SKCM	Macrophage M1	0.015	0.0105
TCGA-EE-A29B	SKCM	Macrophage M1	0.015	0.0105
TCGA-GN-A4U3	SKCM	Macrophage M1	0.08	0
TCGA-GN-A4U3	SKCM	Macrophage M1	0.08	0
TCGA-ER-A19G	SKCM	Macrophage M1	0.2165	0.1141
TCGA-ER-A19G	SKCM	Macrophage M1	0.2165	0.1141
TCGA-EE-A2GH	SKCM	Macrophage M1	0.0378	0.0434
TCGA-EE-A2GH	SKCM	Macrophage M1	0.0378	0.0434
TCGA-EE-A2GR	SKCM	Macrophage M1	0	0.142
TCGA-EE-A2GR	SKCM	Macrophage M1	0	0.142
TCGA-XV-AAZV	SKCM	Macrophage M1	0.0423	0.0312
TCGA-XV-AAZV	SKCM	Macrophage M1	0.0423	0.0312
TCGA-EE-A3AH	SKCM	Macrophage M1	0.0978	0.0827
TCGA-EE-A3AH	SKCM	Macrophage M1	0.0978	0.0827
TCGA-DA-A960	SKCM	Macrophage M1	0.0056	0
TCGA-DA-A960	SKCM	Macrophage M1	0.0056	0
TCGA-EE-A3AE	SKCM	Macrophage M1	0.0668	0.1391
TCGA-EE-A3AE	SKCM	Macrophage M1	0.0668	0.1391
TCGA-D3-A8GP	SKCM	Macrophage M1	0.0017	0.0644
TCGA-D3-A8GP	SKCM	Macrophage M1	0.0017	0.0644
TCGA-EB-A553	SKCM	Macrophage M1	0.0072	0.0498
TCGA-EB-A553	SKCM	Macrophage M1	0.0072	0.0498
TCGA-GN-A8LK	SKCM	Macrophage M1	0.0093	0
TCGA-GN-A8LK	SKCM	Macrophage M1	0.0093	0
TCGA-D3-A51E	SKCM	Macrophage M1	0.1098	0.1608
TCGA-D3-A51E	SKCM	Macrophage M1	0.1098	0.1608
TCGA-EB-A431	SKCM	Macrophage M1	0.0142	0.1196
TCGA-EB-A431	SKCM	Macrophage M1	0.0142	0.1196
TCGA-BF-AAP8	SKCM	Macrophage M1	0	0.0498
TCGA-BF-AAP8	SKCM	Macrophage M1	0	0.0498
TCGA-EE-A2GT	SKCM	Macrophage M1	0.0246	0.0179
TCGA-EE-A2GT	SKCM	Macrophage M1	0.0246	0.0179
TCGA-W3-AA1V	SKCM	Macrophage M1	0.0101	0.0932
TCGA-W3-AA1V	SKCM	Macrophage M1	0.0101	0.0932
TCGA-FS-A1ZM	SKCM	Macrophage M1	0.0492	0.0447
TCGA-FS-A1ZM	SKCM	Macrophage M1	0.0492	0.0447
TCGA-WE-AAA4	SKCM	Macrophage M1	0.2148	0.0457
TCGA-WE-AAA4	SKCM	Macrophage M1	0.2148	0.0457
TCGA-FW-A5DY	SKCM	Macrophage M1	0.0511	0.054
TCGA-FW-A5DY	SKCM	Macrophage M1	0.0511	0.054
TCGA-D9-A1JW	SKCM	Macrophage M1	0.0274	0.14
TCGA-D9-A1JW	SKCM	Macrophage M1	0.0274	0.14
TCGA-EE-A29T	SKCM	Macrophage M1	0.1179	0.0414
TCGA-EE-A29T	SKCM	Macrophage M1	0.1179	0.0414
TCGA-EE-A2GL	SKCM	Macrophage M1	0.0259	0.0451
TCGA-EE-A2GL	SKCM	Macrophage M1	0.0259	0.0451
TCGA-EB-A4XL	SKCM	Macrophage M1	0.033	0.174
TCGA-EB-A4XL	SKCM	Macrophage M1	0.033	0.174
TCGA-FS-A1ZN	SKCM	Macrophage M1	0.0194	0.0036
TCGA-FS-A1ZN	SKCM	Macrophage M1	0.0194	0.0036
TCGA-EB-A44N	SKCM	Macrophage M1	0.0351	0.0745
TCGA-EB-A44N	SKCM	Macrophage M1	0.0351	0.0745
TCGA-D3-A5GL	SKCM	Macrophage M1	0.0174	0.0366
TCGA-D3-A5GL	SKCM	Macrophage M1	0.0174	0.0366
TCGA-ER-A19N	SKCM	Macrophage M1	0.0854	0.0801
TCGA-ER-A19N	SKCM	Macrophage M1	0.0854	0.0801
TCGA-LH-A9QB	SKCM	Macrophage M1	0	0.107
TCGA-LH-A9QB	SKCM	Macrophage M1	0	0.107
TCGA-FS-A1ZR	SKCM	Macrophage M1	0.0253	0.2196
TCGA-FS-A1ZR	SKCM	Macrophage M1	0.0253	0.2196
TCGA-FS-A1ZH	SKCM	Macrophage M1	0.0553	0.0762
TCGA-FS-A1ZH	SKCM	Macrophage M1	0.0553	0.0762
TCGA-EE-A185	SKCM	Macrophage M1	0.0433	0
TCGA-EE-A185	SKCM	Macrophage M1	0.0433	0
TCGA-FR-A8YE	SKCM	Macrophage M1	0.0355	0.0364
TCGA-FR-A8YE	SKCM	Macrophage M1	0.0355	0.0364
TCGA-DA-A3F2	SKCM	Macrophage M1	0.0466	0.0091
TCGA-DA-A3F2	SKCM	Macrophage M1	0.0466	0.0091
TCGA-WE-A8K1	SKCM	Macrophage M1	0.0335	0.1113
TCGA-WE-A8K1	SKCM	Macrophage M1	0.0335	0.1113
TCGA-D9-A4Z6	SKCM	Macrophage M1	0.0158	0.0006
TCGA-D9-A4Z6	SKCM	Macrophage M1	0.0158	0.0006
TCGA-3N-A9WD	SKCM	Macrophage M1	0.0218	0.1069
TCGA-3N-A9WD	SKCM	Macrophage M1	0.0218	0.1069
TCGA-FS-A1ZY	SKCM	Macrophage M1	0.0221	0
TCGA-FS-A1ZY	SKCM	Macrophage M1	0.0221	0
TCGA-D9-A4Z5	SKCM	Macrophage M1	0.0228	0.0327
TCGA-D9-A4Z5	SKCM	Macrophage M1	0.0228	0.0327
TCGA-EE-A2GJ	SKCM	Macrophage M1	0.0804	0.1059
TCGA-EE-A2GJ	SKCM	Macrophage M1	0.0804	0.1059
TCGA-IH-A3EA	SKCM	Macrophage M1	0.055	0.022
TCGA-IH-A3EA	SKCM	Macrophage M1	0.055	0.022
TCGA-BF-AAP6	SKCM	Macrophage M1	0.0225	0.0254
TCGA-BF-AAP6	SKCM	Macrophage M1	0.0225	0.0254
TCGA-D3-A2JD	SKCM	Macrophage M1	0.018	0.0158
TCGA-D3-A2JD	SKCM	Macrophage M1	0.018	0.0158
TCGA-EE-A20I	SKCM	Macrophage M1	0.0455	0.1173
TCGA-EE-A20I	SKCM	Macrophage M1	0.0455	0.1173
TCGA-EE-A29L	SKCM	Macrophage M1	0.0018	0.0737
TCGA-EE-A29L	SKCM	Macrophage M1	0.0018	0.0737
TCGA-EB-A3XB	SKCM	Macrophage M1	0.0638	0.0914
TCGA-EB-A3XB	SKCM	Macrophage M1	0.0638	0.0914
TCGA-EE-A2A1	SKCM	Macrophage M1	0.0341	0.1506
TCGA-EE-A2A1	SKCM	Macrophage M1	0.0341	0.1506
TCGA-ER-A196	SKCM	Macrophage M1	0.0313	0.009
TCGA-ER-A196	SKCM	Macrophage M1	0.0313	0.009
TCGA-EE-A3AA	SKCM	Macrophage M1	0.0938	0.1381
TCGA-EE-A3AA	SKCM	Macrophage M1	0.0938	0.1381
TCGA-EB-A5SH	SKCM	Macrophage M1	0	0.0618
TCGA-EB-A5SH	SKCM	Macrophage M1	0	0.0618
TCGA-GN-A267	SKCM	Macrophage M1	0.0176	0.0503
TCGA-GN-A267	SKCM	Macrophage M1	0.0176	0.0503
TCGA-GN-A4U9	SKCM	Macrophage M1	0.0044	0.0624
TCGA-GN-A4U9	SKCM	Macrophage M1	0.0044	0.0624
TCGA-EE-A3JE	SKCM	Macrophage M1	0.0981	0.0447
TCGA-EE-A3JE	SKCM	Macrophage M1	0.0981	0.0447
TCGA-WE-AAA0	SKCM	Macrophage M1	0.0241	0.0847
TCGA-WE-AAA0	SKCM	Macrophage M1	0.0241	0.0847
TCGA-GF-A769	SKCM	Macrophage M1	0.0477	0.0581
TCGA-GF-A769	SKCM	Macrophage M1	0.0477	0.0581
TCGA-D9-A6EC	SKCM	Macrophage M1	0.1231	0.0636
TCGA-D9-A6EC	SKCM	Macrophage M1	0.1231	0.0636
TCGA-D3-A5GN	SKCM	Macrophage M1	0.0603	0.111
TCGA-D3-A5GN	SKCM	Macrophage M1	0.0603	0.111
TCGA-D3-A2J8	SKCM	Macrophage M1	0.0583	0.1877
TCGA-D3-A2J8	SKCM	Macrophage M1	0.0583	0.1877
TCGA-FS-A1ZC	SKCM	Macrophage M1	0.0056	0
TCGA-FS-A1ZC	SKCM	Macrophage M1	0.0056	0
TCGA-XV-AAZY	SKCM	Macrophage M1	0.009	0.0489
TCGA-XV-AAZY	SKCM	Macrophage M1	0.009	0.0489
TCGA-EE-A3J3	SKCM	Macrophage M1	0.0211	0.1178
TCGA-EE-A3J3	SKCM	Macrophage M1	0.0211	0.1178
TCGA-EE-A2GI	SKCM	Macrophage M1	0.0646	0.1349
TCGA-EE-A2GI	SKCM	Macrophage M1	0.0646	0.1349
TCGA-BF-A5ER	SKCM	Macrophage M1	0.0699	0.0102
TCGA-BF-A5ER	SKCM	Macrophage M1	0.0699	0.0102
TCGA-EB-A3HV	SKCM	Macrophage M1	0.0224	0.0158
TCGA-EB-A3HV	SKCM	Macrophage M1	0.0224	0.0158
TCGA-FS-A4FC	SKCM	Macrophage M1	0	0.1507
TCGA-FS-A4FC	SKCM	Macrophage M1	0	0.1507
TCGA-EE-A2M5	SKCM	Macrophage M1	0.0174	0.0712
TCGA-EE-A2M5	SKCM	Macrophage M1	0.0174	0.0712
TCGA-DA-A3F8	SKCM	Macrophage M1	0.155	0.0947
TCGA-DA-A3F8	SKCM	Macrophage M1	0.155	0.0947
TCGA-WE-A8ZO	SKCM	Macrophage M1	0.0369	0.1325
TCGA-WE-A8ZO	SKCM	Macrophage M1	0.0369	0.1325
TCGA-GN-A26D	SKCM	Macrophage M1	0.0429	0.0697
TCGA-GN-A26D	SKCM	Macrophage M1	0.0429	0.0697
TCGA-EB-A5VU	SKCM	Macrophage M1	0.0519	0.129
TCGA-EB-A5VU	SKCM	Macrophage M1	0.0519	0.129
TCGA-D3-A51N	SKCM	Macrophage M1	0.1127	0.1661
TCGA-D3-A51N	SKCM	Macrophage M1	0.1127	0.1661
TCGA-D3-A3CB	SKCM	Macrophage M1	0.0838	0.0885
TCGA-D3-A3CB	SKCM	Macrophage M1	0.0838	0.0885
TCGA-ER-A19T	SKCM	Macrophage M1	0.0036	0
TCGA-ER-A19T	SKCM	Macrophage M1	0.0036	0
TCGA-EE-A3JD	SKCM	Macrophage M1	0.0912	0.1243
TCGA-EE-A3JD	SKCM	Macrophage M1	0.0912	0.1243
TCGA-FS-A1ZQ	SKCM	Macrophage M1	0.03	0.0457
TCGA-FS-A1ZQ	SKCM	Macrophage M1	0.03	0.0457
TCGA-ER-A3ES	SKCM	Macrophage M1	0	0
TCGA-ER-A3ES	SKCM	Macrophage M1	0	0
TCGA-ER-A2NC	SKCM	Macrophage M1	0.0242	0.034
TCGA-ER-A2NC	SKCM	Macrophage M1	0.0242	0.034
TCGA-W3-A828	SKCM	Macrophage M1	0.0325	0.1101
TCGA-W3-A828	SKCM	Macrophage M1	0.0325	0.1101
TCGA-EE-A20C	SKCM	Macrophage M1	0.0141	0
TCGA-EE-A20C	SKCM	Macrophage M1	0.0141	0
TCGA-EE-A2MH	SKCM	Macrophage M1	0.0418	0.0709
TCGA-EE-A2MH	SKCM	Macrophage M1	0.0418	0.0709
TCGA-EE-A2GN	SKCM	Macrophage M1	0.0098	0.0861
TCGA-EE-A2GN	SKCM	Macrophage M1	0.0098	0.0861
TCGA-D3-A8GI	SKCM	Macrophage M1	0.0306	0.0125
TCGA-D3-A8GI	SKCM	Macrophage M1	0.0306	0.0125
TCGA-D3-A5GS	SKCM	Macrophage M1	0.0667	0.1284
TCGA-D3-A5GS	SKCM	Macrophage M1	0.0667	0.1284
TCGA-EE-A2MI	SKCM	Macrophage M1	0.0135	0.199
TCGA-EE-A2MI	SKCM	Macrophage M1	0.0135	0.199
TCGA-D3-A3C6	SKCM	Macrophage M1	0.0416	0.0817
TCGA-D3-A3C6	SKCM	Macrophage M1	0.0416	0.0817
TCGA-EE-A2MQ	SKCM	Macrophage M1	0.021	0.091
TCGA-EE-A2MQ	SKCM	Macrophage M1	0.021	0.091
TCGA-FS-A1ZD	SKCM	Macrophage M1	0	0.0082
TCGA-FS-A1ZD	SKCM	Macrophage M1	0	0.0082
TCGA-GN-A4U5	SKCM	Macrophage M1	0.0479	0.0782
TCGA-GN-A4U5	SKCM	Macrophage M1	0.0479	0.0782
TCGA-FS-A1YY	SKCM	Macrophage M1	0.0092	0.029
TCGA-FS-A1YY	SKCM	Macrophage M1	0.0092	0.029
TCGA-D3-A3BZ	SKCM	Macrophage M1	0.0574	0.1223
TCGA-D3-A3BZ	SKCM	Macrophage M1	0.0574	0.1223
TCGA-D9-A3Z4	SKCM	Macrophage M1	0.0273	0.1493
TCGA-D9-A3Z4	SKCM	Macrophage M1	0.0273	0.1493
TCGA-EE-A3AC	SKCM	Macrophage M1	0.0562	0.1042
TCGA-EE-A3AC	SKCM	Macrophage M1	0.0562	0.1042
TCGA-D3-A2JF	SKCM	Macrophage M1	0.0515	0.1477
TCGA-D3-A2JF	SKCM	Macrophage M1	0.0515	0.1477
TCGA-D3-A1QB	SKCM	Macrophage M1	0.0879	0.0981
TCGA-D3-A1QB	SKCM	Macrophage M1	0.0879	0.0981
TCGA-GN-A268	SKCM	Macrophage M1	0.0088	0.003
TCGA-GN-A268	SKCM	Macrophage M1	0.0088	0.003
TCGA-D3-A5GR	SKCM	Macrophage M1	0.1014	0.1029
TCGA-D3-A5GR	SKCM	Macrophage M1	0.1014	0.1029
TCGA-EB-A550	SKCM	Macrophage M1	0.0141	0.0477
TCGA-EB-A550	SKCM	Macrophage M1	0.0141	0.0477
TCGA-D9-A6EG	SKCM	Macrophage M1	0.005	0
TCGA-D9-A6EG	SKCM	Macrophage M1	0.005	0
TCGA-EB-A44O	SKCM	Macrophage M1	0.0477	0.0918
TCGA-EB-A44O	SKCM	Macrophage M1	0.0477	0.0918
TCGA-RP-A690	SKCM	Macrophage M1	0.0028	0.0177
TCGA-RP-A690	SKCM	Macrophage M1	0.0028	0.0177
TCGA-EE-A29H	SKCM	Macrophage M1	0.0124	0.0733
TCGA-EE-A29H	SKCM	Macrophage M1	0.0124	0.0733
TCGA-EE-A2MM	SKCM	Macrophage M1	0.0498	0.0802
TCGA-EE-A2MM	SKCM	Macrophage M1	0.0498	0.0802
TCGA-EB-A44Q	SKCM	Macrophage M1	0.0597	0.1271
TCGA-EB-A44Q	SKCM	Macrophage M1	0.0597	0.1271
TCGA-EB-A3XE	SKCM	Macrophage M1	0.015	0.0873
TCGA-EB-A3XE	SKCM	Macrophage M1	0.015	0.0873
TCGA-FR-A69P	SKCM	Macrophage M1	0.0232	0.0922
TCGA-FR-A69P	SKCM	Macrophage M1	0.0232	0.0922
TCGA-EE-A2A6	SKCM	Macrophage M1	0.1138	0.091
TCGA-EE-A2A6	SKCM	Macrophage M1	0.1138	0.091
TCGA-ER-A19J	SKCM	Macrophage M1	0.0349	0.0425
TCGA-ER-A19J	SKCM	Macrophage M1	0.0349	0.0425
TCGA-RP-A694	SKCM	Macrophage M1	0.0349	0.0378
TCGA-RP-A694	SKCM	Macrophage M1	0.0349	0.0378
TCGA-YD-A9TA	SKCM	Macrophage M1	0.0535	0.0991
TCGA-YD-A9TA	SKCM	Macrophage M1	0.0535	0.0991
TCGA-WE-AAA3	SKCM	Macrophage M1	0.0363	0.0594
TCGA-WE-AAA3	SKCM	Macrophage M1	0.0363	0.0594
TCGA-EB-A3Y7	SKCM	Macrophage M1	0.0163	0.0018
TCGA-EB-A3Y7	SKCM	Macrophage M1	0.0163	0.0018
TCGA-D9-A6EA	SKCM	Macrophage M1	0.0189	0.1017
TCGA-D9-A6EA	SKCM	Macrophage M1	0.0189	0.1017
TCGA-D3-A8GO	SKCM	Macrophage M1	0.0564	0.0506
TCGA-D3-A8GO	SKCM	Macrophage M1	0.0564	0.0506
TCGA-EB-A430	SKCM	Macrophage M1	0.0468	0.0887
TCGA-EB-A430	SKCM	Macrophage M1	0.0468	0.0887
TCGA-EE-A29W	SKCM	Macrophage M1	0	0.0073
TCGA-EE-A29W	SKCM	Macrophage M1	0	0.0073
TCGA-DA-A95X	SKCM	Macrophage M1	0.1301	0.1781
TCGA-DA-A95X	SKCM	Macrophage M1	0.1301	0.1781
TCGA-EE-A2MD	SKCM	Macrophage M1	0.0366	0.0872
TCGA-EE-A2MD	SKCM	Macrophage M1	0.0366	0.0872
TCGA-ER-A2NF	SKCM	Macrophage M1	0.0104	0.0748
TCGA-ER-A2NF	SKCM	Macrophage M1	0.0104	0.0748
TCGA-GN-A4U8	SKCM	Macrophage M1	0.0485	0.0814
TCGA-GN-A4U8	SKCM	Macrophage M1	0.0485	0.0814
TCGA-EB-A41B	SKCM	Macrophage M1	0.0264	0.1117
TCGA-EB-A41B	SKCM	Macrophage M1	0.0264	0.1117
TCGA-ER-A19C	SKCM	Macrophage M1	0.0255	0.0427
TCGA-ER-A19C	SKCM	Macrophage M1	0.0255	0.0427
TCGA-EB-A5UN	SKCM	Macrophage M1	0.1746	0.0419
TCGA-EB-A5UN	SKCM	Macrophage M1	0.1746	0.0419
TCGA-EE-A3J5	SKCM	Macrophage M1	0.0497	0.1526
TCGA-EE-A3J5	SKCM	Macrophage M1	0.0497	0.1526
TCGA-EE-A2ME	SKCM	Macrophage M1	0.0697	0.1137
TCGA-EE-A2ME	SKCM	Macrophage M1	0.0697	0.1137
TCGA-QB-A6FS	SKCM	Macrophage M1	0.0714	0.0642
TCGA-QB-A6FS	SKCM	Macrophage M1	0.0714	0.0642
TCGA-EE-A29R	SKCM	Macrophage M1	0.0188	0.116
TCGA-EE-A29R	SKCM	Macrophage M1	0.0188	0.116
TCGA-FR-A8YC	SKCM	Macrophage M1	0.0323	0.0455
TCGA-FR-A8YC	SKCM	Macrophage M1	0.0323	0.0455
TCGA-DA-A95V	SKCM	Macrophage M1	0.0366	0.0477
TCGA-DA-A95V	SKCM	Macrophage M1	0.0366	0.0477
TCGA-BF-A3DN	SKCM	Macrophage M1	0.0597	0.1633
TCGA-BF-A3DN	SKCM	Macrophage M1	0.0597	0.1633
TCGA-EB-A24D	SKCM	Macrophage M1	0.0065	0.0924
TCGA-EB-A24D	SKCM	Macrophage M1	0.0065	0.0924
TCGA-D3-A2JK	SKCM	Macrophage M1	0.0196	0.0145
TCGA-D3-A2JK	SKCM	Macrophage M1	0.0196	0.0145
TCGA-EE-A17Z	SKCM	Macrophage M1	0.0064	0
TCGA-EE-A17Z	SKCM	Macrophage M1	0.0064	0
TCGA-DA-A3F5	SKCM	Macrophage M1	0.1485	0
TCGA-DA-A3F5	SKCM	Macrophage M1	0.1485	0
TCGA-D3-A2JC	SKCM	Macrophage M1	0.2309	0.0665
TCGA-D3-A2JC	SKCM	Macrophage M1	0.2309	0.0665
TCGA-W3-AA1O	SKCM	Macrophage M1	0.0192	0
TCGA-W3-AA1O	SKCM	Macrophage M1	0.0192	0
TCGA-D3-A8GE	SKCM	Macrophage M1	0	0.1098
TCGA-D3-A8GE	SKCM	Macrophage M1	0	0.1098
TCGA-D3-A2JB	SKCM	Macrophage M1	0.038	0.0791
TCGA-D3-A2JB	SKCM	Macrophage M1	0.038	0.0791
TCGA-EE-A181	SKCM	Macrophage M1	0.0871	0.1345
TCGA-EE-A181	SKCM	Macrophage M1	0.0871	0.1345
TCGA-EB-A4P0	SKCM	Macrophage M1	0.0057	0.0691
TCGA-EB-A4P0	SKCM	Macrophage M1	0.0057	0.0691
TCGA-D3-A1Q7	SKCM	Macrophage M1	0.105	0.1013
TCGA-D3-A1Q7	SKCM	Macrophage M1	0.105	0.1013
TCGA-DA-A1I7	SKCM	Macrophage M1	0.1258	0.0504
TCGA-DA-A1I7	SKCM	Macrophage M1	0.1258	0.0504
TCGA-BF-AAOU	SKCM	Macrophage M1	0.036	0.0034
TCGA-BF-AAOU	SKCM	Macrophage M1	0.036	0.0034
TCGA-FS-A1ZF	SKCM	Macrophage M1	0.0031	0.1023
TCGA-FS-A1ZF	SKCM	Macrophage M1	0.0031	0.1023
TCGA-ER-A19H	SKCM	Macrophage M1	0.0392	0.1084
TCGA-ER-A19H	SKCM	Macrophage M1	0.0392	0.1084
TCGA-ER-A199	SKCM	Macrophage M1	0.1177	0.0856
TCGA-ER-A199	SKCM	Macrophage M1	0.1177	0.0856
TCGA-DA-A1I5	SKCM	Macrophage M1	0.0446	0.0977
TCGA-DA-A1I5	SKCM	Macrophage M1	0.0446	0.0977
TCGA-ER-A3EV	SKCM	Macrophage M1	0.027	0.0246
TCGA-ER-A3EV	SKCM	Macrophage M1	0.027	0.0246
TCGA-GN-A262	SKCM	Macrophage M1	0	0.0622
TCGA-GN-A262	SKCM	Macrophage M1	0	0.0622
TCGA-FR-A7UA	SKCM	Macrophage M1	0.2301	0.0561
TCGA-FR-A7UA	SKCM	Macrophage M1	0.2301	0.0561
TCGA-EE-A2GB	SKCM	Macrophage M1	0.0368	0.15
TCGA-EE-A2GB	SKCM	Macrophage M1	0.0368	0.15
TCGA-FW-A3R5	SKCM	Macrophage M1	0.0151	0.1255
TCGA-FW-A3R5	SKCM	Macrophage M1	0.0151	0.1255
TCGA-D3-A51K	SKCM	Macrophage M1	0.0168	0.0277
TCGA-D3-A51K	SKCM	Macrophage M1	0.0168	0.0277
TCGA-EE-A2MG	SKCM	Macrophage M1	0.0311	0.0989
TCGA-EE-A2MG	SKCM	Macrophage M1	0.0311	0.0989
TCGA-EE-A17Y	SKCM	Macrophage M1	0.0344	0.0212
TCGA-EE-A17Y	SKCM	Macrophage M1	0.0344	0.0212
TCGA-D3-A1Q4	SKCM	Macrophage M1	0.0142	0.0881
TCGA-D3-A1Q4	SKCM	Macrophage M1	0.0142	0.0881
TCGA-WE-A8K4	SKCM	Macrophage M1	0.0286	0.0654
TCGA-WE-A8K4	SKCM	Macrophage M1	0.0286	0.0654
TCGA-ER-A19W	SKCM	Macrophage M1	0.0941	0.1028
TCGA-ER-A19W	SKCM	Macrophage M1	0.0941	0.1028
TCGA-D3-A2JP	SKCM	Macrophage M1	0.0555	0.123
TCGA-D3-A2JP	SKCM	Macrophage M1	0.0555	0.123
TCGA-D3-A2J9	SKCM	Macrophage M1	0.1056	0.1185
TCGA-D3-A2J9	SKCM	Macrophage M1	0.1056	0.1185
TCGA-BF-A3DL	SKCM	Macrophage M1	0.0235	0.0649
TCGA-BF-A3DL	SKCM	Macrophage M1	0.0235	0.0649
TCGA-ER-A198	SKCM	Macrophage M1	0.0275	0.0789
TCGA-ER-A198	SKCM	Macrophage M1	0.0275	0.0789
TCGA-ER-A42H	SKCM	Macrophage M1	0.0024	0
TCGA-ER-A42H	SKCM	Macrophage M1	0.0024	0
TCGA-FR-A728	SKCM	Macrophage M1	0.1229	0.0561
TCGA-FR-A728	SKCM	Macrophage M1	0.1229	0.0561
TCGA-GN-A9SD	SKCM	Macrophage M1	0.0209	0.1016
TCGA-GN-A9SD	SKCM	Macrophage M1	0.0209	0.1016
TCGA-GF-A4EO	SKCM	Macrophage M1	0.1516	0.0869
TCGA-GF-A4EO	SKCM	Macrophage M1	0.1516	0.0869
TCGA-W3-A824	SKCM	Macrophage M1	0.0539	0.0572
TCGA-W3-A824	SKCM	Macrophage M1	0.0539	0.0572
TCGA-EB-A85J	SKCM	Macrophage M1	0.0578	0.0327
TCGA-EB-A85J	SKCM	Macrophage M1	0.0578	0.0327
TCGA-EB-A41A	SKCM	Macrophage M1	0.0147	0.0756
TCGA-EB-A41A	SKCM	Macrophage M1	0.0147	0.0756
TCGA-EB-A42Z	SKCM	Macrophage M1	0.0268	0.0462
TCGA-EB-A42Z	SKCM	Macrophage M1	0.0268	0.0462
TCGA-BF-A5ES	SKCM	Macrophage M1	0.0479	0.1304
TCGA-BF-A5ES	SKCM	Macrophage M1	0.0479	0.1304
TCGA-EE-A29D	SKCM	Macrophage M1	0.0197	0.0014
TCGA-EE-A29D	SKCM	Macrophage M1	0.0197	0.0014
TCGA-EB-A42Y	SKCM	Macrophage M1	0.0146	0.0448
TCGA-EB-A42Y	SKCM	Macrophage M1	0.0146	0.0448
TCGA-OD-A75X	SKCM	Macrophage M1	0.0549	0.1145
TCGA-OD-A75X	SKCM	Macrophage M1	0.0549	0.1145
TCGA-BF-A1PV	SKCM	Macrophage M1	0.0107	0
TCGA-BF-A1PV	SKCM	Macrophage M1	0.0107	0
TCGA-FR-A3YN	SKCM	Macrophage M1	0.0526	0.0806
TCGA-FR-A3YN	SKCM	Macrophage M1	0.0526	0.0806
TCGA-D9-A1X3	SKCM	Macrophage M1	0	0
TCGA-D9-A1X3	SKCM	Macrophage M1	0	0
TCGA-EE-A3AG	SKCM	Macrophage M1	0.031	0.0111
TCGA-EE-A3AG	SKCM	Macrophage M1	0.031	0.0111
TCGA-WE-A8ZX	SKCM	Macrophage M1	0.0456	0.1182
TCGA-WE-A8ZX	SKCM	Macrophage M1	0.0456	0.1182
TCGA-YG-AA3P	SKCM	Macrophage M1	0	0.0706
TCGA-YG-AA3P	SKCM	Macrophage M1	0	0.0706
TCGA-EE-A2GK	SKCM	Macrophage M1	0.0218	0.0318
TCGA-EE-A2GK	SKCM	Macrophage M1	0.0218	0.0318
TCGA-FR-A2OS	SKCM	Macrophage M1	0.0127	0
TCGA-FR-A2OS	SKCM	Macrophage M1	0.0127	0
TCGA-WE-A8ZN	SKCM	Macrophage M1	0.0166	0.0923
TCGA-WE-A8ZN	SKCM	Macrophage M1	0.0166	0.0923
TCGA-FS-A1Z7	SKCM	Macrophage M1	0.0564	0.0386
TCGA-FS-A1Z7	SKCM	Macrophage M1	0.0564	0.0386
TCGA-ER-A19S	SKCM	Macrophage M1	0.1217	0.0631
TCGA-ER-A19S	SKCM	Macrophage M1	0.1217	0.0631
TCGA-D9-A1JX	SKCM	Macrophage M1	0.0825	0.1102
TCGA-D9-A1JX	SKCM	Macrophage M1	0.0825	0.1102
TCGA-FS-A1ZG	SKCM	Macrophage M1	0	0
TCGA-FS-A1ZG	SKCM	Macrophage M1	0	0
TCGA-FR-A729	SKCM	Macrophage M1	0.0617	0.162
TCGA-FR-A729	SKCM	Macrophage M1	0.0617	0.162
TCGA-D3-A3MV	SKCM	Macrophage M1	0.0339	0.0199
TCGA-D3-A3MV	SKCM	Macrophage M1	0.0339	0.0199
TCGA-EB-A5UL	SKCM	Macrophage M1	0.033	0.1004
TCGA-EB-A5UL	SKCM	Macrophage M1	0.033	0.1004
TCGA-EE-A20B	SKCM	Macrophage M1	0.0455	0.0739
TCGA-EE-A20B	SKCM	Macrophage M1	0.0455	0.0739
TCGA-FS-A1ZZ	SKCM	Macrophage M1	0	0.0797
TCGA-FS-A1ZZ	SKCM	Macrophage M1	0	0.0797
TCGA-ER-A19B	SKCM	Macrophage M1	0.1721	0.018
TCGA-ER-A19B	SKCM	Macrophage M1	0.1721	0.018
TCGA-ER-A2NG	SKCM	Macrophage M1	0.1319	0.0801
TCGA-ER-A2NG	SKCM	Macrophage M1	0.1319	0.0801
TCGA-WE-A8ZM	SKCM	Macrophage M1	0.0097	0
TCGA-WE-A8ZM	SKCM	Macrophage M1	0.0097	0
TCGA-GF-A3OT	SKCM	Macrophage M1	0.2293	0.0826
TCGA-GF-A3OT	SKCM	Macrophage M1	0.2293	0.0826
TCGA-ER-A19K	SKCM	Macrophage M1	0.0329	0.0777
TCGA-ER-A19K	SKCM	Macrophage M1	0.0329	0.0777
TCGA-GN-A26C	SKCM	Macrophage M1	0.1516	0.156
TCGA-GN-A26C	SKCM	Macrophage M1	0.1516	0.156
TCGA-EB-A6L9	SKCM	Macrophage M1	0.0197	0.1193
TCGA-EB-A6L9	SKCM	Macrophage M1	0.0197	0.1193
TCGA-D3-A1QA	SKCM	Macrophage M1	0.017	0.1511
TCGA-D3-A1QA	SKCM	Macrophage M1	0.017	0.1511
TCGA-D3-A3C3	SKCM	Macrophage M1	0.0219	0.1347
TCGA-D3-A3C3	SKCM	Macrophage M1	0.0219	0.1347
TCGA-EE-A29C	SKCM	Macrophage M1	0.027	0.0307
TCGA-EE-A29C	SKCM	Macrophage M1	0.027	0.0307
TCGA-EE-A29P	SKCM	Macrophage M1	0.1278	0.0778
TCGA-EE-A29P	SKCM	Macrophage M1	0.1278	0.0778
TCGA-EB-A5SE	SKCM	Macrophage M1	0.004	0.0862
TCGA-EB-A5SE	SKCM	Macrophage M1	0.004	0.0862
TCGA-D9-A4Z2	SKCM	Macrophage M1	0.0396	0.0947
TCGA-D9-A4Z2	SKCM	Macrophage M1	0.0396	0.0947
TCGA-D3-A8GR	SKCM	Macrophage M1	0.012	0
TCGA-D3-A8GR	SKCM	Macrophage M1	0.012	0
TCGA-ER-A19P	SKCM	Macrophage M1	0.0713	0.1214
TCGA-ER-A19P	SKCM	Macrophage M1	0.0713	0.1214
TCGA-D9-A148	SKCM	Macrophage M1	0.0167	0.128
TCGA-D9-A148	SKCM	Macrophage M1	0.0167	0.128
TCGA-D3-A3ML	SKCM	Macrophage M2	0	0.1325
TCGA-D3-A3ML	SKCM	Macrophage M2	0	0.1325
TCGA-EE-A3AF	SKCM	Macrophage M2	0.0374	0.2574
TCGA-EE-A3AF	SKCM	Macrophage M2	0.0374	0.2574
TCGA-DA-A1I2	SKCM	Macrophage M2	0.0225	0.1538
TCGA-DA-A1I2	SKCM	Macrophage M2	0.0225	0.1538
TCGA-EE-A29V	SKCM	Macrophage M2	0.0082	0.1925
TCGA-EE-A29V	SKCM	Macrophage M2	0.0082	0.1925
TCGA-EE-A2ML	SKCM	Macrophage M2	0.0198	0.1141
TCGA-EE-A2ML	SKCM	Macrophage M2	0.0198	0.1141
TCGA-ER-A42L	SKCM	Macrophage M2	0.1072	0.1221
TCGA-ER-A42L	SKCM	Macrophage M2	0.1072	0.1221
TCGA-HR-A2OG	SKCM	Macrophage M2	0.0454	0.151
TCGA-HR-A2OG	SKCM	Macrophage M2	0.0454	0.151
TCGA-XV-AB01	SKCM	Macrophage M2	0.0068	0.2399
TCGA-XV-AB01	SKCM	Macrophage M2	0.0068	0.2399
TCGA-FW-A3TV	SKCM	Macrophage M2	0.0156	0.1891
TCGA-FW-A3TV	SKCM	Macrophage M2	0.0156	0.1891
TCGA-D3-A2JO	SKCM	Macrophage M2	0.029	0.0717
TCGA-D3-A2JO	SKCM	Macrophage M2	0.029	0.0717
TCGA-EB-A57M	SKCM	Macrophage M2	0.024	0.2325
TCGA-EB-A57M	SKCM	Macrophage M2	0.024	0.2325
TCGA-EE-A2GP	SKCM	Macrophage M2	0.07	0.2323
TCGA-EE-A2GP	SKCM	Macrophage M2	0.07	0.2323
TCGA-EE-A2MN	SKCM	Macrophage M2	0.0336	0.2292
TCGA-EE-A2MN	SKCM	Macrophage M2	0.0336	0.2292
TCGA-EB-A5VV	SKCM	Macrophage M2	0.0569	0.0462
TCGA-EB-A5VV	SKCM	Macrophage M2	0.0569	0.0462
TCGA-GN-A4U7	SKCM	Macrophage M2	0.0017	0.0515
TCGA-GN-A4U7	SKCM	Macrophage M2	0.0017	0.0515
TCGA-GN-A263	SKCM	Macrophage M2	0.017	0.243
TCGA-GN-A263	SKCM	Macrophage M2	0.017	0.243
TCGA-EE-A2GC	SKCM	Macrophage M2	0.0378	0.1841
TCGA-EE-A2GC	SKCM	Macrophage M2	0.0378	0.1841
TCGA-D9-A149	SKCM	Macrophage M2	0.0268	0.2013
TCGA-D9-A149	SKCM	Macrophage M2	0.0268	0.2013
TCGA-ER-A19F	SKCM	Macrophage M2	0.0054	0.3128
TCGA-ER-A19F	SKCM	Macrophage M2	0.0054	0.3128
TCGA-FS-A4F9	SKCM	Macrophage M2	0.0136	0.3501
TCGA-FS-A4F9	SKCM	Macrophage M2	0.0136	0.3501
TCGA-EE-A3J8	SKCM	Macrophage M2	0.0043	0.3649
TCGA-EE-A3J8	SKCM	Macrophage M2	0.0043	0.3649
TCGA-EE-A2MU	SKCM	Macrophage M2	0.0707	0.2002
TCGA-EE-A2MU	SKCM	Macrophage M2	0.0707	0.2002
TCGA-EE-A2MF	SKCM	Macrophage M2	0.0345	0.4555
TCGA-EE-A2MF	SKCM	Macrophage M2	0.0345	0.4555
TCGA-D3-A3MR	SKCM	Macrophage M2	0.0215	0.0584
TCGA-D3-A3MR	SKCM	Macrophage M2	0.0215	0.0584
TCGA-EB-A5KH	SKCM	Macrophage M2	0.0115	0.2461
TCGA-EB-A5KH	SKCM	Macrophage M2	0.0115	0.2461
TCGA-EE-A3AD	SKCM	Macrophage M2	0.0043	0
TCGA-EE-A3AD	SKCM	Macrophage M2	0.0043	0
TCGA-WE-A8K5	SKCM	Macrophage M2	0.0045	0.1783
TCGA-WE-A8K5	SKCM	Macrophage M2	0.0045	0.1783
TCGA-EE-A3AB	SKCM	Macrophage M2	0.0512	0.2705
TCGA-EE-A3AB	SKCM	Macrophage M2	0.0512	0.2705
TCGA-ER-A2NE	SKCM	Macrophage M2	0.0033	0
TCGA-ER-A2NE	SKCM	Macrophage M2	0.0033	0
TCGA-GF-A6C8	SKCM	Macrophage M2	0	0.106
TCGA-GF-A6C8	SKCM	Macrophage M2	0	0.106
TCGA-WE-AA9Y	SKCM	Macrophage M2	0.0273	0.1888
TCGA-WE-AA9Y	SKCM	Macrophage M2	0.0273	0.1888
TCGA-ER-A1A1	SKCM	Macrophage M2	0.0428	0.0528
TCGA-ER-A1A1	SKCM	Macrophage M2	0.0428	0.0528
TCGA-D3-A3CF	SKCM	Macrophage M2	0.0529	0.1739
TCGA-D3-A3CF	SKCM	Macrophage M2	0.0529	0.1739
TCGA-FS-A1ZK	SKCM	Macrophage M2	0.0029	0.1137
TCGA-FS-A1ZK	SKCM	Macrophage M2	0.0029	0.1137
TCGA-BF-A9VF	SKCM	Macrophage M2	0	0.1289
TCGA-BF-A9VF	SKCM	Macrophage M2	0	0.1289
TCGA-D3-A8GL	SKCM	Macrophage M2	0	0.2313
TCGA-D3-A8GL	SKCM	Macrophage M2	0	0.2313
TCGA-D3-A3C8	SKCM	Macrophage M2	0.0476	0.0658
TCGA-D3-A3C8	SKCM	Macrophage M2	0.0476	0.0658
TCGA-FS-A1ZA	SKCM	Macrophage M2	0	0.141
TCGA-FS-A1ZA	SKCM	Macrophage M2	0	0.141
TCGA-EB-A4IS	SKCM	Macrophage M2	0.0354	0.1001
TCGA-EB-A4IS	SKCM	Macrophage M2	0.0354	0.1001
TCGA-FR-A44A	SKCM	Macrophage M2	0.0363	0.1152
TCGA-FR-A44A	SKCM	Macrophage M2	0.0363	0.1152
TCGA-D3-A2J7	SKCM	Macrophage M2	0.0202	0.0655
TCGA-D3-A2J7	SKCM	Macrophage M2	0.0202	0.0655
TCGA-BF-A1PX	SKCM	Macrophage M2	0.0473	0.0704
TCGA-BF-A1PX	SKCM	Macrophage M2	0.0473	0.0704
TCGA-YG-AA3O	SKCM	Macrophage M2	0.0085	0.1591
TCGA-YG-AA3O	SKCM	Macrophage M2	0.0085	0.1591
TCGA-EE-A29M	SKCM	Macrophage M2	0.0175	0.1271
TCGA-EE-A29M	SKCM	Macrophage M2	0.0175	0.1271
TCGA-ER-A2ND	SKCM	Macrophage M2	0.0042	0.3081
TCGA-ER-A2ND	SKCM	Macrophage M2	0.0042	0.3081
TCGA-YG-AA3N	SKCM	Macrophage M2	0.0264	0.1748
TCGA-YG-AA3N	SKCM	Macrophage M2	0.0264	0.1748
TCGA-BF-A3DM	SKCM	Macrophage M2	0	0.1089
TCGA-BF-A3DM	SKCM	Macrophage M2	0	0.1089
TCGA-D9-A4Z3	SKCM	Macrophage M2	0.0064	0.3568
TCGA-D9-A4Z3	SKCM	Macrophage M2	0.0064	0.3568
TCGA-D3-A1Q6	SKCM	Macrophage M2	0	0.1413
TCGA-D3-A1Q6	SKCM	Macrophage M2	0	0.1413
TCGA-D3-A8GC	SKCM	Macrophage M2	0.013	0.209
TCGA-D3-A8GC	SKCM	Macrophage M2	0.013	0.209
TCGA-D3-A51R	SKCM	Macrophage M2	0.0052	0.0776
TCGA-D3-A51R	SKCM	Macrophage M2	0.0052	0.0776
TCGA-FR-A7U9	SKCM	Macrophage M2	0.0385	0.2888
TCGA-FR-A7U9	SKCM	Macrophage M2	0.0385	0.2888
TCGA-D3-A2JN	SKCM	Macrophage M2	0.0301	0.0278
TCGA-D3-A2JN	SKCM	Macrophage M2	0.0301	0.0278
TCGA-DA-A1HV	SKCM	Macrophage M2	0.0331	0.0768
TCGA-DA-A1HV	SKCM	Macrophage M2	0.0331	0.0768
TCGA-D3-A51F	SKCM	Macrophage M2	0.0708	0.0722
TCGA-D3-A51F	SKCM	Macrophage M2	0.0708	0.0722
TCGA-EB-A4OZ	SKCM	Macrophage M2	0.0165	0.1467
TCGA-EB-A4OZ	SKCM	Macrophage M2	0.0165	0.1467
TCGA-FR-A7U8	SKCM	Macrophage M2	0	0.1417
TCGA-FR-A7U8	SKCM	Macrophage M2	0	0.1417
TCGA-D3-A1Q5	SKCM	Macrophage M2	0	0.0903
TCGA-D3-A1Q5	SKCM	Macrophage M2	0	0.0903
TCGA-EE-A2GU	SKCM	Macrophage M2	0.0187	0.1617
TCGA-EE-A2GU	SKCM	Macrophage M2	0.0187	0.1617
TCGA-D9-A6E9	SKCM	Macrophage M2	0.0172	0.0814
TCGA-D9-A6E9	SKCM	Macrophage M2	0.0172	0.0814
TCGA-EE-A29X	SKCM	Macrophage M2	0.0443	0.1758
TCGA-EE-A29X	SKCM	Macrophage M2	0.0443	0.1758
TCGA-EE-A20H	SKCM	Macrophage M2	0	0.1385
TCGA-EE-A20H	SKCM	Macrophage M2	0	0.1385
TCGA-EB-A1NK	SKCM	Macrophage M2	0.0173	0.3069
TCGA-EB-A1NK	SKCM	Macrophage M2	0.0173	0.3069
TCGA-GF-A2C7	SKCM	Macrophage M2	0	0.2524
TCGA-GF-A2C7	SKCM	Macrophage M2	0	0.2524
TCGA-FR-A8YD	SKCM	Macrophage M2	0.0052	0.1383
TCGA-FR-A8YD	SKCM	Macrophage M2	0.0052	0.1383
TCGA-D3-A2JL	SKCM	Macrophage M2	0.0234	0.0736
TCGA-D3-A2JL	SKCM	Macrophage M2	0.0234	0.0736
TCGA-D3-A1Q3	SKCM	Macrophage M2	0.0334	0.1577
TCGA-D3-A1Q3	SKCM	Macrophage M2	0.0334	0.1577
TCGA-EE-A3JI	SKCM	Macrophage M2	0.0107	0.2877
TCGA-EE-A3JI	SKCM	Macrophage M2	0.0107	0.2877
TCGA-FS-A1Z3	SKCM	Macrophage M2	0	0.1431
TCGA-FS-A1Z3	SKCM	Macrophage M2	0	0.1431
TCGA-ER-A194	SKCM	Macrophage M2	0.0336	0.1123
TCGA-ER-A194	SKCM	Macrophage M2	0.0336	0.1123
TCGA-QB-AA9O	SKCM	Macrophage M2	0.0374	0.1072
TCGA-QB-AA9O	SKCM	Macrophage M2	0.0374	0.1072
TCGA-FS-A1ZE	SKCM	Macrophage M2	0	0.237
TCGA-FS-A1ZE	SKCM	Macrophage M2	0	0.237
TCGA-HR-A5NC	SKCM	Macrophage M2	0.0027	0.3916
TCGA-HR-A5NC	SKCM	Macrophage M2	0.0027	0.3916
TCGA-D3-A3CC	SKCM	Macrophage M2	0.0764	0.4362
TCGA-D3-A3CC	SKCM	Macrophage M2	0.0764	0.4362
TCGA-D3-A51J	SKCM	Macrophage M2	0.0277	0.0524
TCGA-D3-A51J	SKCM	Macrophage M2	0.0277	0.0524
TCGA-BF-AAOX	SKCM	Macrophage M2	0.0014	0.1412
TCGA-BF-AAOX	SKCM	Macrophage M2	0.0014	0.1412
TCGA-EB-A5FP	SKCM	Macrophage M2	0.0012	0.0412
TCGA-EB-A5FP	SKCM	Macrophage M2	0.0012	0.0412
TCGA-EE-A3JH	SKCM	Macrophage M2	0.111	0.0995
TCGA-EE-A3JH	SKCM	Macrophage M2	0.111	0.0995
TCGA-DA-A1IA	SKCM	Macrophage M2	0.0023	0.2356
TCGA-DA-A1IA	SKCM	Macrophage M2	0.0023	0.2356
TCGA-D3-A2JE	SKCM	Macrophage M2	0	0.1218
TCGA-D3-A2JE	SKCM	Macrophage M2	0	0.1218
TCGA-FS-A1ZJ	SKCM	Macrophage M2	0.0142	0.2672
TCGA-FS-A1ZJ	SKCM	Macrophage M2	0.0142	0.2672
TCGA-EB-A24C	SKCM	Macrophage M2	0.0041	0.3715
TCGA-EB-A24C	SKCM	Macrophage M2	0.0041	0.3715
TCGA-FS-A4F8	SKCM	Macrophage M2	0.0426	0.0729
TCGA-FS-A4F8	SKCM	Macrophage M2	0.0426	0.0729
TCGA-W3-A825	SKCM	Macrophage M2	0.0298	0.1354
TCGA-W3-A825	SKCM	Macrophage M2	0.0298	0.1354
TCGA-D3-A3C1	SKCM	Macrophage M2	0	0.2501
TCGA-D3-A3C1	SKCM	Macrophage M2	0	0.2501
TCGA-FS-A1ZS	SKCM	Macrophage M2	0.0116	0.271
TCGA-FS-A1ZS	SKCM	Macrophage M2	0.0116	0.271
TCGA-D3-A8GQ	SKCM	Macrophage M2	0	0.1235
TCGA-D3-A8GQ	SKCM	Macrophage M2	0	0.1235
TCGA-EB-A5SF	SKCM	Macrophage M2	0.0077	0.099
TCGA-EB-A5SF	SKCM	Macrophage M2	0.0077	0.099
TCGA-D3-A2JA	SKCM	Macrophage M2	0.0849	0.2545
TCGA-D3-A2JA	SKCM	Macrophage M2	0.0849	0.2545
TCGA-ER-A19D	SKCM	Macrophage M2	0.0447	0.2828
TCGA-ER-A19D	SKCM	Macrophage M2	0.0447	0.2828
TCGA-GN-A266	SKCM	Macrophage M2	0.075	0.2132
TCGA-GN-A266	SKCM	Macrophage M2	0.075	0.2132
TCGA-DA-A3F3	SKCM	Macrophage M2	0.0067	0.1093
TCGA-DA-A3F3	SKCM	Macrophage M2	0.0067	0.1093
TCGA-W3-AA1W	SKCM	Macrophage M2	0.0296	0.0901
TCGA-W3-AA1W	SKCM	Macrophage M2	0.0296	0.0901
TCGA-EE-A2MC	SKCM	Macrophage M2	0.028	0.141
TCGA-EE-A2MC	SKCM	Macrophage M2	0.028	0.141
TCGA-RP-A695	SKCM	Macrophage M2	0.0262	0.2412
TCGA-RP-A695	SKCM	Macrophage M2	0.0262	0.2412
TCGA-ER-A19Q	SKCM	Macrophage M2	0.0483	0.1865
TCGA-ER-A19Q	SKCM	Macrophage M2	0.0483	0.1865
TCGA-D3-A2JH	SKCM	Macrophage M2	0.0212	0.1092
TCGA-D3-A2JH	SKCM	Macrophage M2	0.0212	0.1092
TCGA-D3-A8GV	SKCM	Macrophage M2	0.0036	0.1396
TCGA-D3-A8GV	SKCM	Macrophage M2	0.0036	0.1396
TCGA-EE-A184	SKCM	Macrophage M2	0.0229	0.1802
TCGA-EE-A184	SKCM	Macrophage M2	0.0229	0.1802
TCGA-RP-A693	SKCM	Macrophage M2	0.0302	0.2457
TCGA-RP-A693	SKCM	Macrophage M2	0.0302	0.2457
TCGA-D3-A3C7	SKCM	Macrophage M2	0.0227	0.1877
TCGA-D3-A3C7	SKCM	Macrophage M2	0.0227	0.1877
TCGA-EE-A2GM	SKCM	Macrophage M2	0	0.332
TCGA-EE-A2GM	SKCM	Macrophage M2	0	0.332
TCGA-BF-A1PU	SKCM	Macrophage M2	0	0.2184
TCGA-BF-A1PU	SKCM	Macrophage M2	0	0.2184
TCGA-EE-A3J7	SKCM	Macrophage M2	0	0.2321
TCGA-EE-A3J7	SKCM	Macrophage M2	0	0.2321
TCGA-BF-AAP7	SKCM	Macrophage M2	0.0473	0.2089
TCGA-BF-AAP7	SKCM	Macrophage M2	0.0473	0.2089
TCGA-ER-A197	SKCM	Macrophage M2	0.0488	0.2592
TCGA-ER-A197	SKCM	Macrophage M2	0.0488	0.2592
TCGA-ER-A19E	SKCM	Macrophage M2	0	0.2618
TCGA-ER-A19E	SKCM	Macrophage M2	0	0.2618
TCGA-EE-A3J4	SKCM	Macrophage M2	0	0.1898
TCGA-EE-A3J4	SKCM	Macrophage M2	0	0.1898
TCGA-DA-A95Y	SKCM	Macrophage M2	0.0089	0.1913
TCGA-DA-A95Y	SKCM	Macrophage M2	0.0089	0.1913
TCGA-DA-A1HY	SKCM	Macrophage M2	0	0.0621
TCGA-DA-A1HY	SKCM	Macrophage M2	0	0.0621
TCGA-EE-A3JA	SKCM	Macrophage M2	0.0245	0.2948
TCGA-EE-A3JA	SKCM	Macrophage M2	0.0245	0.2948
TCGA-ER-A19A	SKCM	Macrophage M2	0.1034	0.1148
TCGA-ER-A19A	SKCM	Macrophage M2	0.1034	0.1148
TCGA-D3-A8GB	SKCM	Macrophage M2	0.0263	0.0862
TCGA-D3-A8GB	SKCM	Macrophage M2	0.0263	0.0862
TCGA-D3-A8GJ	SKCM	Macrophage M2	0.0054	0.0769
TCGA-D3-A8GJ	SKCM	Macrophage M2	0.0054	0.0769
TCGA-FW-A3I3	SKCM	Macrophage M2	0.0151	0.2381
TCGA-FW-A3I3	SKCM	Macrophage M2	0.0151	0.2381
TCGA-EE-A2MR	SKCM	Macrophage M2	0.0653	0.1413
TCGA-EE-A2MR	SKCM	Macrophage M2	0.0653	0.1413
TCGA-D3-A8GM	SKCM	Macrophage M2	0.0226	0.1003
TCGA-D3-A8GM	SKCM	Macrophage M2	0.0226	0.1003
TCGA-D3-A51G	SKCM	Macrophage M2	0	0.1433
TCGA-D3-A51G	SKCM	Macrophage M2	0	0.1433
TCGA-EB-A5SG	SKCM	Macrophage M2	0.045	0.0687
TCGA-EB-A5SG	SKCM	Macrophage M2	0.045	0.0687
TCGA-FS-A1YX	SKCM	Macrophage M2	0.0225	0.2049
TCGA-FS-A1YX	SKCM	Macrophage M2	0.0225	0.2049
TCGA-BF-A1PZ	SKCM	Macrophage M2	0.0011	0.2227
TCGA-BF-A1PZ	SKCM	Macrophage M2	0.0011	0.2227
TCGA-GF-A6C9	SKCM	Macrophage M2	0.0828	0.1494
TCGA-GF-A6C9	SKCM	Macrophage M2	0.0828	0.1494
TCGA-D3-A2JG	SKCM	Macrophage M2	0.006	0.211
TCGA-D3-A2JG	SKCM	Macrophage M2	0.006	0.211
TCGA-EE-A2MK	SKCM	Macrophage M2	0.0286	0.181
TCGA-EE-A2MK	SKCM	Macrophage M2	0.0286	0.181
TCGA-EE-A2GE	SKCM	Macrophage M2	0.0604	0.1324
TCGA-EE-A2GE	SKCM	Macrophage M2	0.0604	0.1324
TCGA-EE-A29A	SKCM	Macrophage M2	0	0.1302
TCGA-EE-A29A	SKCM	Macrophage M2	0	0.1302
TCGA-FS-A1ZW	SKCM	Macrophage M2	0.0473	0.1225
TCGA-FS-A1ZW	SKCM	Macrophage M2	0.0473	0.1225
TCGA-FR-A726	SKCM	Macrophage M2	0.0053	0.2471
TCGA-FR-A726	SKCM	Macrophage M2	0.0053	0.2471
TCGA-XV-A9VZ	SKCM	Macrophage M2	0.0201	0.0293
TCGA-XV-A9VZ	SKCM	Macrophage M2	0.0201	0.0293
TCGA-EE-A2MS	SKCM	Macrophage M2	0.0119	0.2216
TCGA-EE-A2MS	SKCM	Macrophage M2	0.0119	0.2216
TCGA-W3-AA21	SKCM	Macrophage M2	0.0034	0.0866
TCGA-W3-AA21	SKCM	Macrophage M2	0.0034	0.0866
TCGA-ER-A3ET	SKCM	Macrophage M2	0.0741	0.4288
TCGA-ER-A3ET	SKCM	Macrophage M2	0.0741	0.4288
TCGA-FS-A1ZP	SKCM	Macrophage M2	0.0355	0.3708
TCGA-FS-A1ZP	SKCM	Macrophage M2	0.0355	0.3708
TCGA-FS-A4F2	SKCM	Macrophage M2	0.0321	0.3856
TCGA-FS-A4F2	SKCM	Macrophage M2	0.0321	0.3856
TCGA-EB-A4IQ	SKCM	Macrophage M2	0.0111	0.0648
TCGA-EB-A4IQ	SKCM	Macrophage M2	0.0111	0.0648
TCGA-FS-A4F0	SKCM	Macrophage M2	0	0.3292
TCGA-FS-A4F0	SKCM	Macrophage M2	0	0.3292
TCGA-D9-A3Z1	SKCM	Macrophage M2	0.0409	0.1803
TCGA-D9-A3Z1	SKCM	Macrophage M2	0.0409	0.1803
TCGA-EB-A85I	SKCM	Macrophage M2	0.0039	0.1151
TCGA-EB-A85I	SKCM	Macrophage M2	0.0039	0.1151
TCGA-D3-A51H	SKCM	Macrophage M2	0.0282	0.0402
TCGA-D3-A51H	SKCM	Macrophage M2	0.0282	0.0402
TCGA-FW-A3TU	SKCM	Macrophage M2	0.0217	0.0972
TCGA-FW-A3TU	SKCM	Macrophage M2	0.0217	0.0972
TCGA-ER-A195	SKCM	Macrophage M2	0.0736	0.1806
TCGA-ER-A195	SKCM	Macrophage M2	0.0736	0.1806
TCGA-EB-A97M	SKCM	Macrophage M2	0.0178	0.2631
TCGA-EB-A97M	SKCM	Macrophage M2	0.0178	0.2631
TCGA-EB-A3XC	SKCM	Macrophage M2	0.0144	0.2413
TCGA-EB-A3XC	SKCM	Macrophage M2	0.0144	0.2413
TCGA-RP-A6K9	SKCM	Macrophage M2	0.1126	0.3071
TCGA-RP-A6K9	SKCM	Macrophage M2	0.1126	0.3071
TCGA-EB-A82C	SKCM	Macrophage M2	0.0058	0.0538
TCGA-EB-A82C	SKCM	Macrophage M2	0.0058	0.0538
TCGA-DA-A95W	SKCM	Macrophage M2	0.0045	0.2282
TCGA-DA-A95W	SKCM	Macrophage M2	0.0045	0.2282
TCGA-BF-A5EQ	SKCM	Macrophage M2	0.0264	0.1325
TCGA-BF-A5EQ	SKCM	Macrophage M2	0.0264	0.1325
TCGA-W3-AA1R	SKCM	Macrophage M2	0.0066	0.1527
TCGA-W3-AA1R	SKCM	Macrophage M2	0.0066	0.1527
TCGA-EE-A2MP	SKCM	Macrophage M2	0.0318	0.1691
TCGA-EE-A2MP	SKCM	Macrophage M2	0.0318	0.1691
TCGA-3N-A9WC	SKCM	Macrophage M2	0.0261	0.074
TCGA-3N-A9WC	SKCM	Macrophage M2	0.0261	0.074
TCGA-EB-A51B	SKCM	Macrophage M2	0.0246	0.3144
TCGA-EB-A51B	SKCM	Macrophage M2	0.0246	0.3144
TCGA-EB-A3XF	SKCM	Macrophage M2	0.0119	0.3169
TCGA-EB-A3XF	SKCM	Macrophage M2	0.0119	0.3169
TCGA-3N-A9WB	SKCM	Macrophage M2	0.0006	0.1161
TCGA-3N-A9WB	SKCM	Macrophage M2	0.0006	0.1161
TCGA-WE-A8ZR	SKCM	Macrophage M2	0.0208	0.0758
TCGA-WE-A8ZR	SKCM	Macrophage M2	0.0208	0.0758
TCGA-D9-A3Z3	SKCM	Macrophage M2	0.0331	0.1379
TCGA-D9-A3Z3	SKCM	Macrophage M2	0.0331	0.1379
TCGA-FS-A1ZT	SKCM	Macrophage M2	0.0176	0.0621
TCGA-FS-A1ZT	SKCM	Macrophage M2	0.0176	0.0621
TCGA-FS-A1YW	SKCM	Macrophage M2	0.0285	0.1931
TCGA-FS-A1YW	SKCM	Macrophage M2	0.0285	0.1931
TCGA-EE-A2A2	SKCM	Macrophage M2	0.0112	0.133
TCGA-EE-A2A2	SKCM	Macrophage M2	0.0112	0.133
TCGA-D3-A8GS	SKCM	Macrophage M2	0.0061	0.0755
TCGA-D3-A8GS	SKCM	Macrophage M2	0.0061	0.0755
TCGA-EE-A2M6	SKCM	Macrophage M2	0.0166	0.1334
TCGA-EE-A2M6	SKCM	Macrophage M2	0.0166	0.1334
TCGA-Z2-A8RT	SKCM	Macrophage M2	0.0093	0.1308
TCGA-Z2-A8RT	SKCM	Macrophage M2	0.0093	0.1308
TCGA-WE-A8ZT	SKCM	Macrophage M2	0	0.1861
TCGA-WE-A8ZT	SKCM	Macrophage M2	0	0.1861
TCGA-Z2-AA3V	SKCM	Macrophage M2	0.0617	0.1339
TCGA-Z2-AA3V	SKCM	Macrophage M2	0.0617	0.1339
TCGA-GN-A26A	SKCM	Macrophage M2	0.0223	0.1483
TCGA-GN-A26A	SKCM	Macrophage M2	0.0223	0.1483
TCGA-EE-A183	SKCM	Macrophage M2	0.0175	0.1268
TCGA-EE-A183	SKCM	Macrophage M2	0.0175	0.1268
TCGA-EB-A6R0	SKCM	Macrophage M2	0.0048	0.0952
TCGA-EB-A6R0	SKCM	Macrophage M2	0.0048	0.0952
TCGA-EB-A44R	SKCM	Macrophage M2	0.0163	0.1778
TCGA-EB-A44R	SKCM	Macrophage M2	0.0163	0.1778
TCGA-EE-A2GD	SKCM	Macrophage M2	0.041	0.3469
TCGA-EE-A2GD	SKCM	Macrophage M2	0.041	0.3469
TCGA-EE-A29S	SKCM	Macrophage M2	0.0193	0.1112
TCGA-EE-A29S	SKCM	Macrophage M2	0.0193	0.1112
TCGA-EE-A2M8	SKCM	Macrophage M2	0.0612	0.1102
TCGA-EE-A2M8	SKCM	Macrophage M2	0.0612	0.1102
TCGA-BF-AAP0	SKCM	Macrophage M2	0.0308	0.0945
TCGA-BF-AAP0	SKCM	Macrophage M2	0.0308	0.0945
TCGA-WE-A8ZY	SKCM	Macrophage M2	0.0106	0.2698
TCGA-WE-A8ZY	SKCM	Macrophage M2	0.0106	0.2698
TCGA-ER-A19L	SKCM	Macrophage M2	0	0.2159
TCGA-ER-A19L	SKCM	Macrophage M2	0	0.2159
TCGA-EE-A17X	SKCM	Macrophage M2	0.022	0.0919
TCGA-EE-A17X	SKCM	Macrophage M2	0.022	0.0919
TCGA-GN-A265	SKCM	Macrophage M2	0.0691	0.1072
TCGA-GN-A265	SKCM	Macrophage M2	0.0691	0.1072
TCGA-BF-A3DJ	SKCM	Macrophage M2	0.0321	0.3402
TCGA-BF-A3DJ	SKCM	Macrophage M2	0.0321	0.3402
TCGA-D3-A5GT	SKCM	Macrophage M2	0.0214	0.3678
TCGA-D3-A5GT	SKCM	Macrophage M2	0.0214	0.3678
TCGA-FR-A3YO	SKCM	Macrophage M2	0.0162	0.0702
TCGA-FR-A3YO	SKCM	Macrophage M2	0.0162	0.0702
TCGA-BF-A1Q0	SKCM	Macrophage M2	0	0.1614
TCGA-BF-A1Q0	SKCM	Macrophage M2	0	0.1614
TCGA-GN-A8LL	SKCM	Macrophage M2	0.0079	0.1133
TCGA-GN-A8LL	SKCM	Macrophage M2	0.0079	0.1133
TCGA-EB-A551	SKCM	Macrophage M2	0.0316	0.1201
TCGA-EB-A551	SKCM	Macrophage M2	0.0316	0.1201
TCGA-XV-A9W5	SKCM	Macrophage M2	0	0.1504
TCGA-XV-A9W5	SKCM	Macrophage M2	0	0.1504
TCGA-FS-A4FB	SKCM	Macrophage M2	0	0.0871
TCGA-FS-A4FB	SKCM	Macrophage M2	0	0.0871
TCGA-DA-A1IC	SKCM	Macrophage M2	0.0192	0.152
TCGA-DA-A1IC	SKCM	Macrophage M2	0.0192	0.152
TCGA-HR-A2OH	SKCM	Macrophage M2	0.0138	0.0603
TCGA-HR-A2OH	SKCM	Macrophage M2	0.0138	0.0603
TCGA-EB-A5UM	SKCM	Macrophage M2	0.0009	0.0965
TCGA-EB-A5UM	SKCM	Macrophage M2	0.0009	0.0965
TCGA-DA-A95Z	SKCM	Macrophage M2	0.0025	0.2333
TCGA-DA-A95Z	SKCM	Macrophage M2	0.0025	0.2333
TCGA-BF-AAP1	SKCM	Macrophage M2	0	0.3094
TCGA-BF-AAP1	SKCM	Macrophage M2	0	0.3094
TCGA-FR-A3R1	SKCM	Macrophage M2	0.0024	0.2204
TCGA-FR-A3R1	SKCM	Macrophage M2	0.0024	0.2204
TCGA-DA-A1I0	SKCM	Macrophage M2	0.0164	0.1478
TCGA-DA-A1I0	SKCM	Macrophage M2	0.0164	0.1478
TCGA-ER-A42K	SKCM	Macrophage M2	0	0.1837
TCGA-ER-A42K	SKCM	Macrophage M2	0	0.1837
TCGA-DA-A1I1	SKCM	Macrophage M2	0.0375	0.1151
TCGA-DA-A1I1	SKCM	Macrophage M2	0.0375	0.1151
TCGA-EE-A2MT	SKCM	Macrophage M2	0	0.1381
TCGA-EE-A2MT	SKCM	Macrophage M2	0	0.1381
TCGA-ER-A19O	SKCM	Macrophage M2	0.1463	0.2233
TCGA-ER-A19O	SKCM	Macrophage M2	0.1463	0.2233
TCGA-EE-A29Q	SKCM	Macrophage M2	0	0.1787
TCGA-EE-A29Q	SKCM	Macrophage M2	0	0.1787
TCGA-FS-A1Z0	SKCM	Macrophage M2	0.0187	0.1418
TCGA-FS-A1Z0	SKCM	Macrophage M2	0.0187	0.1418
TCGA-D3-A5GU	SKCM	Macrophage M2	0.0072	0.3722
TCGA-D3-A5GU	SKCM	Macrophage M2	0.0072	0.3722
TCGA-EB-A44P	SKCM	Macrophage M2	0.0038	0.1641
TCGA-EB-A44P	SKCM	Macrophage M2	0.0038	0.1641
TCGA-ER-A2NH	SKCM	Macrophage M2	0.0325	0.0909
TCGA-ER-A2NH	SKCM	Macrophage M2	0.0325	0.0909
TCGA-GN-A4U4	SKCM	Macrophage M2	0.0109	0.1359
TCGA-GN-A4U4	SKCM	Macrophage M2	0.0109	0.1359
TCGA-EE-A3JB	SKCM	Macrophage M2	0.0565	0.2293
TCGA-EE-A3JB	SKCM	Macrophage M2	0.0565	0.2293
TCGA-EB-A4OY	SKCM	Macrophage M2	0.005	0.1593
TCGA-EB-A4OY	SKCM	Macrophage M2	0.005	0.1593
TCGA-D3-A8GK	SKCM	Macrophage M2	0.0101	0.0851
TCGA-D3-A8GK	SKCM	Macrophage M2	0.0101	0.0851
TCGA-FS-A1ZB	SKCM	Macrophage M2	0.0651	0.2539
TCGA-FS-A1ZB	SKCM	Macrophage M2	0.0651	0.2539
TCGA-D3-A2J6	SKCM	Macrophage M2	0.0136	0.0464
TCGA-D3-A2J6	SKCM	Macrophage M2	0.0136	0.0464
TCGA-EB-A3XD	SKCM	Macrophage M2	0.0389	0.1154
TCGA-EB-A3XD	SKCM	Macrophage M2	0.0389	0.1154
TCGA-D3-A8GN	SKCM	Macrophage M2	0.0184	0.079
TCGA-D3-A8GN	SKCM	Macrophage M2	0.0184	0.079
TCGA-EE-A20F	SKCM	Macrophage M2	0.0262	0.1238
TCGA-EE-A20F	SKCM	Macrophage M2	0.0262	0.1238
TCGA-WE-A8JZ	SKCM	Macrophage M2	0.0113	0.0473
TCGA-WE-A8JZ	SKCM	Macrophage M2	0.0113	0.0473
TCGA-EE-A182	SKCM	Macrophage M2	0.0413	0.2388
TCGA-EE-A182	SKCM	Macrophage M2	0.0413	0.2388
TCGA-D3-A3MU	SKCM	Macrophage M2	0.016	0.1892
TCGA-D3-A3MU	SKCM	Macrophage M2	0.016	0.1892
TCGA-Z2-AA3S	SKCM	Macrophage M2	0.0133	0.34
TCGA-Z2-AA3S	SKCM	Macrophage M2	0.0133	0.34
TCGA-BF-AAP4	SKCM	Macrophage M2	0.0154	0.1335
TCGA-BF-AAP4	SKCM	Macrophage M2	0.0154	0.1335
TCGA-D3-A3CE	SKCM	Macrophage M2	0.0301	0.0764
TCGA-D3-A3CE	SKCM	Macrophage M2	0.0301	0.0764
TCGA-XV-AAZW	SKCM	Macrophage M2	0.0005	0.2772
TCGA-XV-AAZW	SKCM	Macrophage M2	0.0005	0.2772
TCGA-FS-A4F4	SKCM	Macrophage M2	0.04	0.1791
TCGA-FS-A4F4	SKCM	Macrophage M2	0.04	0.1791
TCGA-FS-A4FD	SKCM	Macrophage M2	0.014	0.2841
TCGA-FS-A4FD	SKCM	Macrophage M2	0.014	0.2841
TCGA-D3-A8GD	SKCM	Macrophage M2	0.0287	0.0547
TCGA-D3-A8GD	SKCM	Macrophage M2	0.0287	0.0547
TCGA-GN-A264	SKCM	Macrophage M2	0.0175	0.3283
TCGA-GN-A264	SKCM	Macrophage M2	0.0175	0.3283
TCGA-WE-A8ZQ	SKCM	Macrophage M2	0	0.1061
TCGA-WE-A8ZQ	SKCM	Macrophage M2	0	0.1061
TCGA-EE-A2GO	SKCM	Macrophage M2	0	0.1631
TCGA-EE-A2GO	SKCM	Macrophage M2	0	0.1631
TCGA-EB-A82B	SKCM	Macrophage M2	0.0161	0.1746
TCGA-EB-A82B	SKCM	Macrophage M2	0.0161	0.1746
TCGA-D3-A51T	SKCM	Macrophage M2	0.0129	0.182
TCGA-D3-A51T	SKCM	Macrophage M2	0.0129	0.182
TCGA-D3-A1Q9	SKCM	Macrophage M2	0.0327	0.1688
TCGA-D3-A1Q9	SKCM	Macrophage M2	0.0327	0.1688
TCGA-ER-A19M	SKCM	Macrophage M2	0.0236	0.1199
TCGA-ER-A19M	SKCM	Macrophage M2	0.0236	0.1199
TCGA-EE-A2M7	SKCM	Macrophage M2	0	0.1035
TCGA-EE-A2M7	SKCM	Macrophage M2	0	0.1035
TCGA-YD-A89C	SKCM	Macrophage M2	0	0.2216
TCGA-YD-A89C	SKCM	Macrophage M2	0	0.2216
TCGA-D3-A1Q8	SKCM	Macrophage M2	0.0538	0.3344
TCGA-D3-A1Q8	SKCM	Macrophage M2	0.0538	0.3344
TCGA-DA-A1I8	SKCM	Macrophage M2	0.0214	0.0774
TCGA-DA-A1I8	SKCM	Macrophage M2	0.0214	0.0774
TCGA-BF-AAP2	SKCM	Macrophage M2	0.0073	0.2124
TCGA-BF-AAP2	SKCM	Macrophage M2	0.0073	0.2124
TCGA-FS-A1ZU	SKCM	Macrophage M2	0.0195	0.3418
TCGA-FS-A1ZU	SKCM	Macrophage M2	0.0195	0.3418
TCGA-EE-A180	SKCM	Macrophage M2	0	0.2927
TCGA-EE-A180	SKCM	Macrophage M2	0	0.2927
TCGA-GN-A8LN	SKCM	Macrophage M2	0.0021	0.2799
TCGA-GN-A8LN	SKCM	Macrophage M2	0.0021	0.2799
TCGA-DA-A1I4	SKCM	Macrophage M2	0.0951	0.1699
TCGA-DA-A1I4	SKCM	Macrophage M2	0.0951	0.1699
TCGA-DA-A1HW	SKCM	Macrophage M2	0.0294	0.093
TCGA-DA-A1HW	SKCM	Macrophage M2	0.0294	0.093
TCGA-EB-A6QZ	SKCM	Macrophage M2	0	0.2426
TCGA-EB-A6QZ	SKCM	Macrophage M2	0	0.2426
TCGA-YD-A9TB	SKCM	Macrophage M2	0.022	0.2466
TCGA-YD-A9TB	SKCM	Macrophage M2	0.022	0.2466
TCGA-W3-AA1Q	SKCM	Macrophage M2	0.0167	0.1345
TCGA-W3-AA1Q	SKCM	Macrophage M2	0.0167	0.1345
TCGA-EE-A2A0	SKCM	Macrophage M2	0.1055	0.2258
TCGA-EE-A2A0	SKCM	Macrophage M2	0.1055	0.2258
TCGA-EB-A6QY	SKCM	Macrophage M2	0.0101	0.1694
TCGA-EB-A6QY	SKCM	Macrophage M2	0.0101	0.1694
TCGA-BF-A5EO	SKCM	Macrophage M2	0.0129	0.1587
TCGA-BF-A5EO	SKCM	Macrophage M2	0.0129	0.1587
TCGA-EE-A29E	SKCM	Macrophage M2	0	0.1996
TCGA-EE-A29E	SKCM	Macrophage M2	0	0.1996
TCGA-FS-A1Z4	SKCM	Macrophage M2	0.0405	0.0673
TCGA-FS-A1Z4	SKCM	Macrophage M2	0.0405	0.0673
TCGA-EE-A2MJ	SKCM	Macrophage M2	0.0339	0.0847
TCGA-EE-A2MJ	SKCM	Macrophage M2	0.0339	0.0847
TCGA-D3-A3MO	SKCM	Macrophage M2	0.0141	0.0168
TCGA-D3-A3MO	SKCM	Macrophage M2	0.0141	0.0168
TCGA-D3-A5GO	SKCM	Macrophage M2	0.0324	0.1619
TCGA-D3-A5GO	SKCM	Macrophage M2	0.0324	0.1619
TCGA-EE-A2A5	SKCM	Macrophage M2	0.0172	0.2759
TCGA-EE-A2A5	SKCM	Macrophage M2	0.0172	0.2759
TCGA-FS-A4F5	SKCM	Macrophage M2	0	0.1289
TCGA-FS-A4F5	SKCM	Macrophage M2	0	0.1289
TCGA-EE-A2GS	SKCM	Macrophage M2	0.0338	0.2068
TCGA-EE-A2GS	SKCM	Macrophage M2	0.0338	0.2068
TCGA-ER-A3PL	SKCM	Macrophage M2	0	0.2062
TCGA-ER-A3PL	SKCM	Macrophage M2	0	0.2062
TCGA-BF-A5EP	SKCM	Macrophage M2	0	0.1541
TCGA-BF-A5EP	SKCM	Macrophage M2	0	0.1541
TCGA-FW-A5DX	SKCM	Macrophage M2	0.0203	0.263
TCGA-FW-A5DX	SKCM	Macrophage M2	0.0203	0.263
TCGA-EE-A29N	SKCM	Macrophage M2	0.0306	0.0977
TCGA-EE-A29N	SKCM	Macrophage M2	0.0306	0.0977
TCGA-ER-A193	SKCM	Macrophage M2	0.0524	0.1504
TCGA-ER-A193	SKCM	Macrophage M2	0.0524	0.1504
TCGA-XV-A9W2	SKCM	Macrophage M2	0.0063	0.1991
TCGA-XV-A9W2	SKCM	Macrophage M2	0.0063	0.1991
TCGA-EB-A3Y6	SKCM	Macrophage M2	0.0136	0.2272
TCGA-EB-A3Y6	SKCM	Macrophage M2	0.0136	0.2272
TCGA-D3-A1Q1	SKCM	Macrophage M2	0	0.3142
TCGA-D3-A1Q1	SKCM	Macrophage M2	0	0.3142
TCGA-WE-A8K6	SKCM	Macrophage M2	0.0449	0.232
TCGA-WE-A8K6	SKCM	Macrophage M2	0.0449	0.232
TCGA-EE-A29G	SKCM	Macrophage M2	0.0175	0.0952
TCGA-EE-A29G	SKCM	Macrophage M2	0.0175	0.0952
TCGA-DA-A1IB	SKCM	Macrophage M2	0.0646	0.0756
TCGA-DA-A1IB	SKCM	Macrophage M2	0.0646	0.0756
TCGA-EB-A299	SKCM	Macrophage M2	0.0149	0.1507
TCGA-EB-A299	SKCM	Macrophage M2	0.0149	0.1507
TCGA-EE-A29B	SKCM	Macrophage M2	0.0277	0.4488
TCGA-EE-A29B	SKCM	Macrophage M2	0.0277	0.4488
TCGA-GN-A4U3	SKCM	Macrophage M2	0.007	0.1245
TCGA-GN-A4U3	SKCM	Macrophage M2	0.007	0.1245
TCGA-ER-A19G	SKCM	Macrophage M2	0.0303	0.1022
TCGA-ER-A19G	SKCM	Macrophage M2	0.0303	0.1022
TCGA-EE-A2GH	SKCM	Macrophage M2	0.0645	0.1003
TCGA-EE-A2GH	SKCM	Macrophage M2	0.0645	0.1003
TCGA-EE-A2GR	SKCM	Macrophage M2	0	0
TCGA-EE-A2GR	SKCM	Macrophage M2	0	0
TCGA-XV-AAZV	SKCM	Macrophage M2	0.0399	0.1687
TCGA-XV-AAZV	SKCM	Macrophage M2	0.0399	0.1687
TCGA-EE-A3AH	SKCM	Macrophage M2	0	0.1964
TCGA-EE-A3AH	SKCM	Macrophage M2	0	0.1964
TCGA-DA-A960	SKCM	Macrophage M2	0.0154	0.089
TCGA-DA-A960	SKCM	Macrophage M2	0.0154	0.089
TCGA-EE-A3AE	SKCM	Macrophage M2	0.0184	0.1673
TCGA-EE-A3AE	SKCM	Macrophage M2	0.0184	0.1673
TCGA-D3-A8GP	SKCM	Macrophage M2	0	0.2521
TCGA-D3-A8GP	SKCM	Macrophage M2	0	0.2521
TCGA-EB-A553	SKCM	Macrophage M2	0.0101	0.0778
TCGA-EB-A553	SKCM	Macrophage M2	0.0101	0.0778
TCGA-GN-A8LK	SKCM	Macrophage M2	0.0108	0
TCGA-GN-A8LK	SKCM	Macrophage M2	0.0108	0
TCGA-D3-A51E	SKCM	Macrophage M2	0.0102	0.0959
TCGA-D3-A51E	SKCM	Macrophage M2	0.0102	0.0959
TCGA-EB-A431	SKCM	Macrophage M2	0.0044	0.1653
TCGA-EB-A431	SKCM	Macrophage M2	0.0044	0.1653
TCGA-BF-AAP8	SKCM	Macrophage M2	0.0827	0.228
TCGA-BF-AAP8	SKCM	Macrophage M2	0.0827	0.228
TCGA-EE-A2GT	SKCM	Macrophage M2	0.0467	0.1065
TCGA-EE-A2GT	SKCM	Macrophage M2	0.0467	0.1065
TCGA-W3-AA1V	SKCM	Macrophage M2	0.0199	0.2543
TCGA-W3-AA1V	SKCM	Macrophage M2	0.0199	0.2543
TCGA-FS-A1ZM	SKCM	Macrophage M2	0	0.1446
TCGA-FS-A1ZM	SKCM	Macrophage M2	0	0.1446
TCGA-WE-AAA4	SKCM	Macrophage M2	0.0631	0.138
TCGA-WE-AAA4	SKCM	Macrophage M2	0.0631	0.138
TCGA-FW-A5DY	SKCM	Macrophage M2	0.0237	0.0322
TCGA-FW-A5DY	SKCM	Macrophage M2	0.0237	0.0322
TCGA-D9-A1JW	SKCM	Macrophage M2	0.0396	0.1246
TCGA-D9-A1JW	SKCM	Macrophage M2	0.0396	0.1246
TCGA-EE-A29T	SKCM	Macrophage M2	0.0758	0.2529
TCGA-EE-A29T	SKCM	Macrophage M2	0.0758	0.2529
TCGA-EE-A2GL	SKCM	Macrophage M2	0.0258	0.0723
TCGA-EE-A2GL	SKCM	Macrophage M2	0.0258	0.0723
TCGA-EB-A4XL	SKCM	Macrophage M2	0.0113	0.1065
TCGA-EB-A4XL	SKCM	Macrophage M2	0.0113	0.1065
TCGA-FS-A1ZN	SKCM	Macrophage M2	0	0.0554
TCGA-FS-A1ZN	SKCM	Macrophage M2	0	0.0554
TCGA-EB-A44N	SKCM	Macrophage M2	0.0209	0.0563
TCGA-EB-A44N	SKCM	Macrophage M2	0.0209	0.0563
TCGA-D3-A5GL	SKCM	Macrophage M2	0.0109	0.2654
TCGA-D3-A5GL	SKCM	Macrophage M2	0.0109	0.2654
TCGA-ER-A19N	SKCM	Macrophage M2	0.0928	0.1733
TCGA-ER-A19N	SKCM	Macrophage M2	0.0928	0.1733
TCGA-LH-A9QB	SKCM	Macrophage M2	0	0.2408
TCGA-LH-A9QB	SKCM	Macrophage M2	0	0.2408
TCGA-FS-A1ZR	SKCM	Macrophage M2	0.0054	0.1141
TCGA-FS-A1ZR	SKCM	Macrophage M2	0.0054	0.1141
TCGA-FS-A1ZH	SKCM	Macrophage M2	0.0381	0.1398
TCGA-FS-A1ZH	SKCM	Macrophage M2	0.0381	0.1398
TCGA-EE-A185	SKCM	Macrophage M2	0.0006	0
TCGA-EE-A185	SKCM	Macrophage M2	0.0006	0
TCGA-FR-A8YE	SKCM	Macrophage M2	0.068	0.1087
TCGA-FR-A8YE	SKCM	Macrophage M2	0.068	0.1087
TCGA-DA-A3F2	SKCM	Macrophage M2	0.2142	0.2256
TCGA-DA-A3F2	SKCM	Macrophage M2	0.2142	0.2256
TCGA-WE-A8K1	SKCM	Macrophage M2	0.0283	0.0658
TCGA-WE-A8K1	SKCM	Macrophage M2	0.0283	0.0658
TCGA-D9-A4Z6	SKCM	Macrophage M2	0.0049	0.0188
TCGA-D9-A4Z6	SKCM	Macrophage M2	0.0049	0.0188
TCGA-3N-A9WD	SKCM	Macrophage M2	0.0148	0.0671
TCGA-3N-A9WD	SKCM	Macrophage M2	0.0148	0.0671
TCGA-FS-A1ZY	SKCM	Macrophage M2	0.009	0.046
TCGA-FS-A1ZY	SKCM	Macrophage M2	0.009	0.046
TCGA-D9-A4Z5	SKCM	Macrophage M2	0	0.4027
TCGA-D9-A4Z5	SKCM	Macrophage M2	0	0.4027
TCGA-EE-A2GJ	SKCM	Macrophage M2	0.0509	0.2869
TCGA-EE-A2GJ	SKCM	Macrophage M2	0.0509	0.2869
TCGA-IH-A3EA	SKCM	Macrophage M2	0.0277	0.2105
TCGA-IH-A3EA	SKCM	Macrophage M2	0.0277	0.2105
TCGA-BF-AAP6	SKCM	Macrophage M2	0.0056	0.2536
TCGA-BF-AAP6	SKCM	Macrophage M2	0.0056	0.2536
TCGA-D3-A2JD	SKCM	Macrophage M2	0.0141	0.0784
TCGA-D3-A2JD	SKCM	Macrophage M2	0.0141	0.0784
TCGA-EE-A20I	SKCM	Macrophage M2	0.0121	0.1774
TCGA-EE-A20I	SKCM	Macrophage M2	0.0121	0.1774
TCGA-EE-A29L	SKCM	Macrophage M2	0.0031	0.1055
TCGA-EE-A29L	SKCM	Macrophage M2	0.0031	0.1055
TCGA-EB-A3XB	SKCM	Macrophage M2	0.0124	0.3033
TCGA-EB-A3XB	SKCM	Macrophage M2	0.0124	0.3033
TCGA-EE-A2A1	SKCM	Macrophage M2	0.0514	0.1915
TCGA-EE-A2A1	SKCM	Macrophage M2	0.0514	0.1915
TCGA-ER-A196	SKCM	Macrophage M2	0.0198	0.0884
TCGA-ER-A196	SKCM	Macrophage M2	0.0198	0.0884
TCGA-EE-A3AA	SKCM	Macrophage M2	0.0221	0.0669
TCGA-EE-A3AA	SKCM	Macrophage M2	0.0221	0.0669
TCGA-EB-A5SH	SKCM	Macrophage M2	0.0034	0.1535
TCGA-EB-A5SH	SKCM	Macrophage M2	0.0034	0.1535
TCGA-GN-A267	SKCM	Macrophage M2	0.0086	0.2521
TCGA-GN-A267	SKCM	Macrophage M2	0.0086	0.2521
TCGA-GN-A4U9	SKCM	Macrophage M2	0.0003	0.2035
TCGA-GN-A4U9	SKCM	Macrophage M2	0.0003	0.2035
TCGA-EE-A3JE	SKCM	Macrophage M2	0.0942	0.0828
TCGA-EE-A3JE	SKCM	Macrophage M2	0.0942	0.0828
TCGA-WE-AAA0	SKCM	Macrophage M2	0.0156	0.1616
TCGA-WE-AAA0	SKCM	Macrophage M2	0.0156	0.1616
TCGA-GF-A769	SKCM	Macrophage M2	0	0.2598
TCGA-GF-A769	SKCM	Macrophage M2	0	0.2598
TCGA-D9-A6EC	SKCM	Macrophage M2	0.0159	0.1961
TCGA-D9-A6EC	SKCM	Macrophage M2	0.0159	0.1961
TCGA-D3-A5GN	SKCM	Macrophage M2	0	0.0466
TCGA-D3-A5GN	SKCM	Macrophage M2	0	0.0466
TCGA-D3-A2J8	SKCM	Macrophage M2	0.0279	0.0951
TCGA-D3-A2J8	SKCM	Macrophage M2	0.0279	0.0951
TCGA-FS-A1ZC	SKCM	Macrophage M2	0	0.2137
TCGA-FS-A1ZC	SKCM	Macrophage M2	0	0.2137
TCGA-XV-AAZY	SKCM	Macrophage M2	0.0128	0.1396
TCGA-XV-AAZY	SKCM	Macrophage M2	0.0128	0.1396
TCGA-EE-A3J3	SKCM	Macrophage M2	0.0234	0.0939
TCGA-EE-A3J3	SKCM	Macrophage M2	0.0234	0.0939
TCGA-EE-A2GI	SKCM	Macrophage M2	0.0197	0.0979
TCGA-EE-A2GI	SKCM	Macrophage M2	0.0197	0.0979
TCGA-BF-A5ER	SKCM	Macrophage M2	0.0099	0.1413
TCGA-BF-A5ER	SKCM	Macrophage M2	0.0099	0.1413
TCGA-EB-A3HV	SKCM	Macrophage M2	0.0245	0.3727
TCGA-EB-A3HV	SKCM	Macrophage M2	0.0245	0.3727
TCGA-FS-A4FC	SKCM	Macrophage M2	0	0.142
TCGA-FS-A4FC	SKCM	Macrophage M2	0	0.142
TCGA-EE-A2M5	SKCM	Macrophage M2	0.0015	0.0882
TCGA-EE-A2M5	SKCM	Macrophage M2	0.0015	0.0882
TCGA-DA-A3F8	SKCM	Macrophage M2	0.0288	0.0691
TCGA-DA-A3F8	SKCM	Macrophage M2	0.0288	0.0691
TCGA-WE-A8ZO	SKCM	Macrophage M2	0.0193	0.2029
TCGA-WE-A8ZO	SKCM	Macrophage M2	0.0193	0.2029
TCGA-GN-A26D	SKCM	Macrophage M2	0.0203	0.3006
TCGA-GN-A26D	SKCM	Macrophage M2	0.0203	0.3006
TCGA-EB-A5VU	SKCM	Macrophage M2	0	0.2942
TCGA-EB-A5VU	SKCM	Macrophage M2	0	0.2942
TCGA-D3-A51N	SKCM	Macrophage M2	0.0307	0.1139
TCGA-D3-A51N	SKCM	Macrophage M2	0.0307	0.1139
TCGA-D3-A3CB	SKCM	Macrophage M2	0.1	0.1086
TCGA-D3-A3CB	SKCM	Macrophage M2	0.1	0.1086
TCGA-ER-A19T	SKCM	Macrophage M2	0.0266	0.4277
TCGA-ER-A19T	SKCM	Macrophage M2	0.0266	0.4277
TCGA-EE-A3JD	SKCM	Macrophage M2	0.0487	0.0885
TCGA-EE-A3JD	SKCM	Macrophage M2	0.0487	0.0885
TCGA-FS-A1ZQ	SKCM	Macrophage M2	0.0166	0.1548
TCGA-FS-A1ZQ	SKCM	Macrophage M2	0.0166	0.1548
TCGA-ER-A3ES	SKCM	Macrophage M2	0.0462	0.0759
TCGA-ER-A3ES	SKCM	Macrophage M2	0.0462	0.0759
TCGA-ER-A2NC	SKCM	Macrophage M2	0.1369	0.4924
TCGA-ER-A2NC	SKCM	Macrophage M2	0.1369	0.4924
TCGA-W3-A828	SKCM	Macrophage M2	0.0449	0.285
TCGA-W3-A828	SKCM	Macrophage M2	0.0449	0.285
TCGA-EE-A20C	SKCM	Macrophage M2	0.0137	0.1686
TCGA-EE-A20C	SKCM	Macrophage M2	0.0137	0.1686
TCGA-EE-A2MH	SKCM	Macrophage M2	0.0362	0.0913
TCGA-EE-A2MH	SKCM	Macrophage M2	0.0362	0.0913
TCGA-EE-A2GN	SKCM	Macrophage M2	0.0178	0.2392
TCGA-EE-A2GN	SKCM	Macrophage M2	0.0178	0.2392
TCGA-D3-A8GI	SKCM	Macrophage M2	0.0163	0.1427
TCGA-D3-A8GI	SKCM	Macrophage M2	0.0163	0.1427
TCGA-D3-A5GS	SKCM	Macrophage M2	0.0206	0.2405
TCGA-D3-A5GS	SKCM	Macrophage M2	0.0206	0.2405
TCGA-EE-A2MI	SKCM	Macrophage M2	0.041	0.3483
TCGA-EE-A2MI	SKCM	Macrophage M2	0.041	0.3483
TCGA-D3-A3C6	SKCM	Macrophage M2	0.0084	0.2564
TCGA-D3-A3C6	SKCM	Macrophage M2	0.0084	0.2564
TCGA-EE-A2MQ	SKCM	Macrophage M2	0.0248	0.1675
TCGA-EE-A2MQ	SKCM	Macrophage M2	0.0248	0.1675
TCGA-FS-A1ZD	SKCM	Macrophage M2	0	0.239
TCGA-FS-A1ZD	SKCM	Macrophage M2	0	0.239
TCGA-GN-A4U5	SKCM	Macrophage M2	0.0204	0.0853
TCGA-GN-A4U5	SKCM	Macrophage M2	0.0204	0.0853
TCGA-FS-A1YY	SKCM	Macrophage M2	0.022	0.3402
TCGA-FS-A1YY	SKCM	Macrophage M2	0.022	0.3402
TCGA-D3-A3BZ	SKCM	Macrophage M2	0.0464	0.0699
TCGA-D3-A3BZ	SKCM	Macrophage M2	0.0464	0.0699
TCGA-D9-A3Z4	SKCM	Macrophage M2	0.0293	0.198
TCGA-D9-A3Z4	SKCM	Macrophage M2	0.0293	0.198
TCGA-EE-A3AC	SKCM	Macrophage M2	0.0303	0.1482
TCGA-EE-A3AC	SKCM	Macrophage M2	0.0303	0.1482
TCGA-D3-A2JF	SKCM	Macrophage M2	0.0107	0.107
TCGA-D3-A2JF	SKCM	Macrophage M2	0.0107	0.107
TCGA-D3-A1QB	SKCM	Macrophage M2	0.0371	0.121
TCGA-D3-A1QB	SKCM	Macrophage M2	0.0371	0.121
TCGA-GN-A268	SKCM	Macrophage M2	0.0123	0.2169
TCGA-GN-A268	SKCM	Macrophage M2	0.0123	0.2169
TCGA-D3-A5GR	SKCM	Macrophage M2	0.0162	0.0372
TCGA-D3-A5GR	SKCM	Macrophage M2	0.0162	0.0372
TCGA-EB-A550	SKCM	Macrophage M2	0.0042	0.1483
TCGA-EB-A550	SKCM	Macrophage M2	0.0042	0.1483
TCGA-D9-A6EG	SKCM	Macrophage M2	0.018	0.1461
TCGA-D9-A6EG	SKCM	Macrophage M2	0.018	0.1461
TCGA-EB-A44O	SKCM	Macrophage M2	0	0.2951
TCGA-EB-A44O	SKCM	Macrophage M2	0	0.2951
TCGA-RP-A690	SKCM	Macrophage M2	0.0375	0.3117
TCGA-RP-A690	SKCM	Macrophage M2	0.0375	0.3117
TCGA-EE-A29H	SKCM	Macrophage M2	0.0141	0.119
TCGA-EE-A29H	SKCM	Macrophage M2	0.0141	0.119
TCGA-EE-A2MM	SKCM	Macrophage M2	0	0.3614
TCGA-EE-A2MM	SKCM	Macrophage M2	0	0.3614
TCGA-EB-A44Q	SKCM	Macrophage M2	0.0359	0.0935
TCGA-EB-A44Q	SKCM	Macrophage M2	0.0359	0.0935
TCGA-EB-A3XE	SKCM	Macrophage M2	0.0119	0.1861
TCGA-EB-A3XE	SKCM	Macrophage M2	0.0119	0.1861
TCGA-FR-A69P	SKCM	Macrophage M2	0.0002	0.2008
TCGA-FR-A69P	SKCM	Macrophage M2	0.0002	0.2008
TCGA-EE-A2A6	SKCM	Macrophage M2	0.0007	0.038
TCGA-EE-A2A6	SKCM	Macrophage M2	0.0007	0.038
TCGA-ER-A19J	SKCM	Macrophage M2	0.0176	0.2254
TCGA-ER-A19J	SKCM	Macrophage M2	0.0176	0.2254
TCGA-RP-A694	SKCM	Macrophage M2	0.0234	0.2722
TCGA-RP-A694	SKCM	Macrophage M2	0.0234	0.2722
TCGA-YD-A9TA	SKCM	Macrophage M2	0.0314	0.1144
TCGA-YD-A9TA	SKCM	Macrophage M2	0.0314	0.1144
TCGA-WE-AAA3	SKCM	Macrophage M2	0.028	0.2898
TCGA-WE-AAA3	SKCM	Macrophage M2	0.028	0.2898
TCGA-EB-A3Y7	SKCM	Macrophage M2	0.0394	0.0382
TCGA-EB-A3Y7	SKCM	Macrophage M2	0.0394	0.0382
TCGA-D9-A6EA	SKCM	Macrophage M2	0	0.1798
TCGA-D9-A6EA	SKCM	Macrophage M2	0	0.1798
TCGA-D3-A8GO	SKCM	Macrophage M2	0.0009	0.0479
TCGA-D3-A8GO	SKCM	Macrophage M2	0.0009	0.0479
TCGA-EB-A430	SKCM	Macrophage M2	0	0.1164
TCGA-EB-A430	SKCM	Macrophage M2	0	0.1164
TCGA-EE-A29W	SKCM	Macrophage M2	0	0.2081
TCGA-EE-A29W	SKCM	Macrophage M2	0	0.2081
TCGA-DA-A95X	SKCM	Macrophage M2	0.0189	0.1902
TCGA-DA-A95X	SKCM	Macrophage M2	0.0189	0.1902
TCGA-EE-A2MD	SKCM	Macrophage M2	0.0122	0.121
TCGA-EE-A2MD	SKCM	Macrophage M2	0.0122	0.121
TCGA-ER-A2NF	SKCM	Macrophage M2	0.0398	0.1122
TCGA-ER-A2NF	SKCM	Macrophage M2	0.0398	0.1122
TCGA-GN-A4U8	SKCM	Macrophage M2	0.0344	0.1084
TCGA-GN-A4U8	SKCM	Macrophage M2	0.0344	0.1084
TCGA-EB-A41B	SKCM	Macrophage M2	0.0062	0.1526
TCGA-EB-A41B	SKCM	Macrophage M2	0.0062	0.1526
TCGA-ER-A19C	SKCM	Macrophage M2	0.0111	0.1282
TCGA-ER-A19C	SKCM	Macrophage M2	0.0111	0.1282
TCGA-EB-A5UN	SKCM	Macrophage M2	0.0108	0.104
TCGA-EB-A5UN	SKCM	Macrophage M2	0.0108	0.104
TCGA-EE-A3J5	SKCM	Macrophage M2	0.0266	0.1533
TCGA-EE-A3J5	SKCM	Macrophage M2	0.0266	0.1533
TCGA-EE-A2ME	SKCM	Macrophage M2	0.0613	0.0588
TCGA-EE-A2ME	SKCM	Macrophage M2	0.0613	0.0588
TCGA-QB-A6FS	SKCM	Macrophage M2	0.0384	0.167
TCGA-QB-A6FS	SKCM	Macrophage M2	0.0384	0.167
TCGA-EE-A29R	SKCM	Macrophage M2	0	0.1767
TCGA-EE-A29R	SKCM	Macrophage M2	0	0.1767
TCGA-FR-A8YC	SKCM	Macrophage M2	0.0107	0.2172
TCGA-FR-A8YC	SKCM	Macrophage M2	0.0107	0.2172
TCGA-DA-A95V	SKCM	Macrophage M2	0.0259	0.1501
TCGA-DA-A95V	SKCM	Macrophage M2	0.0259	0.1501
TCGA-BF-A3DN	SKCM	Macrophage M2	0	0.1914
TCGA-BF-A3DN	SKCM	Macrophage M2	0	0.1914
TCGA-EB-A24D	SKCM	Macrophage M2	0.0029	0.1196
TCGA-EB-A24D	SKCM	Macrophage M2	0.0029	0.1196
TCGA-D3-A2JK	SKCM	Macrophage M2	0.0408	0.1151
TCGA-D3-A2JK	SKCM	Macrophage M2	0.0408	0.1151
TCGA-EE-A17Z	SKCM	Macrophage M2	0.0022	0.0903
TCGA-EE-A17Z	SKCM	Macrophage M2	0.0022	0.0903
TCGA-DA-A3F5	SKCM	Macrophage M2	0	0.0712
TCGA-DA-A3F5	SKCM	Macrophage M2	0	0.0712
TCGA-D3-A2JC	SKCM	Macrophage M2	0.0209	0.1199
TCGA-D3-A2JC	SKCM	Macrophage M2	0.0209	0.1199
TCGA-W3-AA1O	SKCM	Macrophage M2	0.0011	0.2097
TCGA-W3-AA1O	SKCM	Macrophage M2	0.0011	0.2097
TCGA-D3-A8GE	SKCM	Macrophage M2	0.0486	0.2299
TCGA-D3-A8GE	SKCM	Macrophage M2	0.0486	0.2299
TCGA-D3-A2JB	SKCM	Macrophage M2	0.0326	0.0503
TCGA-D3-A2JB	SKCM	Macrophage M2	0.0326	0.0503
TCGA-EE-A181	SKCM	Macrophage M2	0.042	0.0656
TCGA-EE-A181	SKCM	Macrophage M2	0.042	0.0656
TCGA-EB-A4P0	SKCM	Macrophage M2	0.0069	0.256
TCGA-EB-A4P0	SKCM	Macrophage M2	0.0069	0.256
TCGA-D3-A1Q7	SKCM	Macrophage M2	0.0551	0.089
TCGA-D3-A1Q7	SKCM	Macrophage M2	0.0551	0.089
TCGA-DA-A1I7	SKCM	Macrophage M2	0	0.1593
TCGA-DA-A1I7	SKCM	Macrophage M2	0	0.1593
TCGA-BF-AAOU	SKCM	Macrophage M2	0.0004	0.1476
TCGA-BF-AAOU	SKCM	Macrophage M2	0.0004	0.1476
TCGA-FS-A1ZF	SKCM	Macrophage M2	0.0062	0.1854
TCGA-FS-A1ZF	SKCM	Macrophage M2	0.0062	0.1854
TCGA-ER-A19H	SKCM	Macrophage M2	0.0335	0.2074
TCGA-ER-A19H	SKCM	Macrophage M2	0.0335	0.2074
TCGA-ER-A199	SKCM	Macrophage M2	0.0448	0.1044
TCGA-ER-A199	SKCM	Macrophage M2	0.0448	0.1044
TCGA-DA-A1I5	SKCM	Macrophage M2	0.0532	0.113
TCGA-DA-A1I5	SKCM	Macrophage M2	0.0532	0.113
TCGA-ER-A3EV	SKCM	Macrophage M2	0.0167	0.2011
TCGA-ER-A3EV	SKCM	Macrophage M2	0.0167	0.2011
TCGA-GN-A262	SKCM	Macrophage M2	0.0569	0.1287
TCGA-GN-A262	SKCM	Macrophage M2	0.0569	0.1287
TCGA-FR-A7UA	SKCM	Macrophage M2	0.0407	0.0773
TCGA-FR-A7UA	SKCM	Macrophage M2	0.0407	0.0773
TCGA-EE-A2GB	SKCM	Macrophage M2	0	0.2685
TCGA-EE-A2GB	SKCM	Macrophage M2	0	0.2685
TCGA-FW-A3R5	SKCM	Macrophage M2	0.0133	0.2235
TCGA-FW-A3R5	SKCM	Macrophage M2	0.0133	0.2235
TCGA-D3-A51K	SKCM	Macrophage M2	0.0269	0.1299
TCGA-D3-A51K	SKCM	Macrophage M2	0.0269	0.1299
TCGA-EE-A2MG	SKCM	Macrophage M2	0.0631	0.102
TCGA-EE-A2MG	SKCM	Macrophage M2	0.0631	0.102
TCGA-EE-A17Y	SKCM	Macrophage M2	0	0.0293
TCGA-EE-A17Y	SKCM	Macrophage M2	0	0.0293
TCGA-D3-A1Q4	SKCM	Macrophage M2	0.002	0.1379
TCGA-D3-A1Q4	SKCM	Macrophage M2	0.002	0.1379
TCGA-WE-A8K4	SKCM	Macrophage M2	0.0055	0.0402
TCGA-WE-A8K4	SKCM	Macrophage M2	0.0055	0.0402
TCGA-ER-A19W	SKCM	Macrophage M2	0.0606	0.1175
TCGA-ER-A19W	SKCM	Macrophage M2	0.0606	0.1175
TCGA-D3-A2JP	SKCM	Macrophage M2	0.0226	0.0487
TCGA-D3-A2JP	SKCM	Macrophage M2	0.0226	0.0487
TCGA-D3-A2J9	SKCM	Macrophage M2	0.04	0.0697
TCGA-D3-A2J9	SKCM	Macrophage M2	0.04	0.0697
TCGA-BF-A3DL	SKCM	Macrophage M2	0.0025	0.1974
TCGA-BF-A3DL	SKCM	Macrophage M2	0.0025	0.1974
TCGA-ER-A198	SKCM	Macrophage M2	0.0367	0.2375
TCGA-ER-A198	SKCM	Macrophage M2	0.0367	0.2375
TCGA-ER-A42H	SKCM	Macrophage M2	0.019	0.433
TCGA-ER-A42H	SKCM	Macrophage M2	0.019	0.433
TCGA-FR-A728	SKCM	Macrophage M2	0.0234	0.1525
TCGA-FR-A728	SKCM	Macrophage M2	0.0234	0.1525
TCGA-GN-A9SD	SKCM	Macrophage M2	0.0169	0.0878
TCGA-GN-A9SD	SKCM	Macrophage M2	0.0169	0.0878
TCGA-GF-A4EO	SKCM	Macrophage M2	0.0484	0.0957
TCGA-GF-A4EO	SKCM	Macrophage M2	0.0484	0.0957
TCGA-W3-A824	SKCM	Macrophage M2	0.0265	0.1371
TCGA-W3-A824	SKCM	Macrophage M2	0.0265	0.1371
TCGA-EB-A85J	SKCM	Macrophage M2	0.0178	0.0689
TCGA-EB-A85J	SKCM	Macrophage M2	0.0178	0.0689
TCGA-EB-A41A	SKCM	Macrophage M2	0.02	0.3353
TCGA-EB-A41A	SKCM	Macrophage M2	0.02	0.3353
TCGA-EB-A42Z	SKCM	Macrophage M2	0	0.1331
TCGA-EB-A42Z	SKCM	Macrophage M2	0	0.1331
TCGA-BF-A5ES	SKCM	Macrophage M2	0.0836	0.3308
TCGA-BF-A5ES	SKCM	Macrophage M2	0.0836	0.3308
TCGA-EE-A29D	SKCM	Macrophage M2	0.0277	0.2898
TCGA-EE-A29D	SKCM	Macrophage M2	0.0277	0.2898
TCGA-EB-A42Y	SKCM	Macrophage M2	0.0603	0.4365
TCGA-EB-A42Y	SKCM	Macrophage M2	0.0603	0.4365
TCGA-OD-A75X	SKCM	Macrophage M2	0.0002	0.3098
TCGA-OD-A75X	SKCM	Macrophage M2	0.0002	0.3098
TCGA-BF-A1PV	SKCM	Macrophage M2	0	0.25
TCGA-BF-A1PV	SKCM	Macrophage M2	0	0.25
TCGA-FR-A3YN	SKCM	Macrophage M2	0.0193	0.1725
TCGA-FR-A3YN	SKCM	Macrophage M2	0.0193	0.1725
TCGA-D9-A1X3	SKCM	Macrophage M2	0	0.2732
TCGA-D9-A1X3	SKCM	Macrophage M2	0	0.2732
TCGA-EE-A3AG	SKCM	Macrophage M2	0	0.0126
TCGA-EE-A3AG	SKCM	Macrophage M2	0	0.0126
TCGA-WE-A8ZX	SKCM	Macrophage M2	0.0114	0.0782
TCGA-WE-A8ZX	SKCM	Macrophage M2	0.0114	0.0782
TCGA-YG-AA3P	SKCM	Macrophage M2	0.0006	0.3332
TCGA-YG-AA3P	SKCM	Macrophage M2	0.0006	0.3332
TCGA-EE-A2GK	SKCM	Macrophage M2	0.0648	0.0593
TCGA-EE-A2GK	SKCM	Macrophage M2	0.0648	0.0593
TCGA-FR-A2OS	SKCM	Macrophage M2	0.024	0.1271
TCGA-FR-A2OS	SKCM	Macrophage M2	0.024	0.1271
TCGA-WE-A8ZN	SKCM	Macrophage M2	0.0357	0.1703
TCGA-WE-A8ZN	SKCM	Macrophage M2	0.0357	0.1703
TCGA-FS-A1Z7	SKCM	Macrophage M2	0.0284	0.1376
TCGA-FS-A1Z7	SKCM	Macrophage M2	0.0284	0.1376
TCGA-ER-A19S	SKCM	Macrophage M2	0.0064	0.0604
TCGA-ER-A19S	SKCM	Macrophage M2	0.0064	0.0604
TCGA-D9-A1JX	SKCM	Macrophage M2	0	0.1877
TCGA-D9-A1JX	SKCM	Macrophage M2	0	0.1877
TCGA-FS-A1ZG	SKCM	Macrophage M2	0.0156	0.2934
TCGA-FS-A1ZG	SKCM	Macrophage M2	0.0156	0.2934
TCGA-FR-A729	SKCM	Macrophage M2	0.0404	0.0866
TCGA-FR-A729	SKCM	Macrophage M2	0.0404	0.0866
TCGA-D3-A3MV	SKCM	Macrophage M2	0	0.0298
TCGA-D3-A3MV	SKCM	Macrophage M2	0	0.0298
TCGA-EB-A5UL	SKCM	Macrophage M2	0.0034	0.0475
TCGA-EB-A5UL	SKCM	Macrophage M2	0.0034	0.0475
TCGA-EE-A20B	SKCM	Macrophage M2	0.0134	0.1884
TCGA-EE-A20B	SKCM	Macrophage M2	0.0134	0.1884
TCGA-FS-A1ZZ	SKCM	Macrophage M2	0	0.306
TCGA-FS-A1ZZ	SKCM	Macrophage M2	0	0.306
TCGA-ER-A19B	SKCM	Macrophage M2	0	0.0279
TCGA-ER-A19B	SKCM	Macrophage M2	0	0.0279
TCGA-ER-A2NG	SKCM	Macrophage M2	0.0213	0.0799
TCGA-ER-A2NG	SKCM	Macrophage M2	0.0213	0.0799
TCGA-WE-A8ZM	SKCM	Macrophage M2	0.0059	0.0706
TCGA-WE-A8ZM	SKCM	Macrophage M2	0.0059	0.0706
TCGA-GF-A3OT	SKCM	Macrophage M2	0	0.1974
TCGA-GF-A3OT	SKCM	Macrophage M2	0	0.1974
TCGA-ER-A19K	SKCM	Macrophage M2	0.0268	0.2236
TCGA-ER-A19K	SKCM	Macrophage M2	0.0268	0.2236
TCGA-GN-A26C	SKCM	Macrophage M2	0.0452	0.1784
TCGA-GN-A26C	SKCM	Macrophage M2	0.0452	0.1784
TCGA-EB-A6L9	SKCM	Macrophage M2	0.0437	0.0919
TCGA-EB-A6L9	SKCM	Macrophage M2	0.0437	0.0919
TCGA-D3-A1QA	SKCM	Macrophage M2	0.0121	0.2607
TCGA-D3-A1QA	SKCM	Macrophage M2	0.0121	0.2607
TCGA-D3-A3C3	SKCM	Macrophage M2	0.0138	0.1055
TCGA-D3-A3C3	SKCM	Macrophage M2	0.0138	0.1055
TCGA-EE-A29C	SKCM	Macrophage M2	0.0292	0.1938
TCGA-EE-A29C	SKCM	Macrophage M2	0.0292	0.1938
TCGA-EE-A29P	SKCM	Macrophage M2	0.0056	0.1166
TCGA-EE-A29P	SKCM	Macrophage M2	0.0056	0.1166
TCGA-EB-A5SE	SKCM	Macrophage M2	0	0.1117
TCGA-EB-A5SE	SKCM	Macrophage M2	0	0.1117
TCGA-D9-A4Z2	SKCM	Macrophage M2	0.0063	0.1398
TCGA-D9-A4Z2	SKCM	Macrophage M2	0.0063	0.1398
TCGA-D3-A8GR	SKCM	Macrophage M2	0.0142	0.2317
TCGA-D3-A8GR	SKCM	Macrophage M2	0.0142	0.2317
TCGA-ER-A19P	SKCM	Macrophage M2	0.0495	0.0588
TCGA-ER-A19P	SKCM	Macrophage M2	0.0495	0.0588
TCGA-D9-A148	SKCM	Macrophage M2	0.0101	0.0609
TCGA-D9-A148	SKCM	Macrophage M2	0.0101	0.0609
TCGA-D3-A3ML	SKCM	Monocyte	0.0063	0
TCGA-D3-A3ML	SKCM	Monocyte	0.0063	0
TCGA-EE-A3AF	SKCM	Monocyte	0	0
TCGA-EE-A3AF	SKCM	Monocyte	0	0
TCGA-DA-A1I2	SKCM	Monocyte	0.1213	0
TCGA-DA-A1I2	SKCM	Monocyte	0.1213	0
TCGA-EE-A29V	SKCM	Monocyte	0.0563	0.0079
TCGA-EE-A29V	SKCM	Monocyte	0.0563	0.0079
TCGA-EE-A2ML	SKCM	Monocyte	0.1094	0
TCGA-EE-A2ML	SKCM	Monocyte	0.1094	0
TCGA-ER-A42L	SKCM	Monocyte	0.0611	0
TCGA-ER-A42L	SKCM	Monocyte	0.0611	0
TCGA-HR-A2OG	SKCM	Monocyte	0.0752	0
TCGA-HR-A2OG	SKCM	Monocyte	0.0752	0
TCGA-XV-AB01	SKCM	Monocyte	0.0918	0
TCGA-XV-AB01	SKCM	Monocyte	0.0918	0
TCGA-FW-A3TV	SKCM	Monocyte	0.0691	0
TCGA-FW-A3TV	SKCM	Monocyte	0.0691	0
TCGA-D3-A2JO	SKCM	Monocyte	0.0195	0
TCGA-D3-A2JO	SKCM	Monocyte	0.0195	0
TCGA-EB-A57M	SKCM	Monocyte	0.0745	0
TCGA-EB-A57M	SKCM	Monocyte	0.0745	0
TCGA-EE-A2GP	SKCM	Monocyte	0.0951	0.0382
TCGA-EE-A2GP	SKCM	Monocyte	0.0951	0.0382
TCGA-EE-A2MN	SKCM	Monocyte	0.0623	0
TCGA-EE-A2MN	SKCM	Monocyte	0.0623	0
TCGA-EB-A5VV	SKCM	Monocyte	0.0241	0
TCGA-EB-A5VV	SKCM	Monocyte	0.0241	0
TCGA-GN-A4U7	SKCM	Monocyte	0.0331	0
TCGA-GN-A4U7	SKCM	Monocyte	0.0331	0
TCGA-GN-A263	SKCM	Monocyte	0	0
TCGA-GN-A263	SKCM	Monocyte	0	0
TCGA-EE-A2GC	SKCM	Monocyte	0.04	0
TCGA-EE-A2GC	SKCM	Monocyte	0.04	0
TCGA-D9-A149	SKCM	Monocyte	0.0682	0
TCGA-D9-A149	SKCM	Monocyte	0.0682	0
TCGA-ER-A19F	SKCM	Monocyte	0.0344	0
TCGA-ER-A19F	SKCM	Monocyte	0.0344	0
TCGA-FS-A4F9	SKCM	Monocyte	0	0
TCGA-FS-A4F9	SKCM	Monocyte	0	0
TCGA-EE-A3J8	SKCM	Monocyte	0.0643	0
TCGA-EE-A3J8	SKCM	Monocyte	0.0643	0
TCGA-EE-A2MU	SKCM	Monocyte	0.0708	0
TCGA-EE-A2MU	SKCM	Monocyte	0.0708	0
TCGA-EE-A2MF	SKCM	Monocyte	0.1475	0.0014
TCGA-EE-A2MF	SKCM	Monocyte	0.1475	0.0014
TCGA-D3-A3MR	SKCM	Monocyte	0.05	0
TCGA-D3-A3MR	SKCM	Monocyte	0.05	0
TCGA-EB-A5KH	SKCM	Monocyte	0.0668	0.0045
TCGA-EB-A5KH	SKCM	Monocyte	0.0668	0.0045
TCGA-EE-A3AD	SKCM	Monocyte	0.0785	0
TCGA-EE-A3AD	SKCM	Monocyte	0.0785	0
TCGA-WE-A8K5	SKCM	Monocyte	0.1157	0
TCGA-WE-A8K5	SKCM	Monocyte	0.1157	0
TCGA-EE-A3AB	SKCM	Monocyte	0.1381	0.0812
TCGA-EE-A3AB	SKCM	Monocyte	0.1381	0.0812
TCGA-ER-A2NE	SKCM	Monocyte	0.0853	0.054
TCGA-ER-A2NE	SKCM	Monocyte	0.0853	0.054
TCGA-GF-A6C8	SKCM	Monocyte	0.1342	0.0018
TCGA-GF-A6C8	SKCM	Monocyte	0.1342	0.0018
TCGA-WE-AA9Y	SKCM	Monocyte	0.0592	0.0202
TCGA-WE-AA9Y	SKCM	Monocyte	0.0592	0.0202
TCGA-ER-A1A1	SKCM	Monocyte	0.0133	0
TCGA-ER-A1A1	SKCM	Monocyte	0.0133	0
TCGA-D3-A3CF	SKCM	Monocyte	0.0264	0
TCGA-D3-A3CF	SKCM	Monocyte	0.0264	0
TCGA-FS-A1ZK	SKCM	Monocyte	0.0323	0
TCGA-FS-A1ZK	SKCM	Monocyte	0.0323	0
TCGA-BF-A9VF	SKCM	Monocyte	0.0484	0
TCGA-BF-A9VF	SKCM	Monocyte	0.0484	0
TCGA-D3-A8GL	SKCM	Monocyte	0.0614	0
TCGA-D3-A8GL	SKCM	Monocyte	0.0614	0
TCGA-D3-A3C8	SKCM	Monocyte	0.0773	0
TCGA-D3-A3C8	SKCM	Monocyte	0.0773	0
TCGA-FS-A1ZA	SKCM	Monocyte	0.1404	0
TCGA-FS-A1ZA	SKCM	Monocyte	0.1404	0
TCGA-EB-A4IS	SKCM	Monocyte	0.0843	0
TCGA-EB-A4IS	SKCM	Monocyte	0.0843	0
TCGA-FR-A44A	SKCM	Monocyte	0.0472	0
TCGA-FR-A44A	SKCM	Monocyte	0.0472	0
TCGA-D3-A2J7	SKCM	Monocyte	0.1067	0
TCGA-D3-A2J7	SKCM	Monocyte	0.1067	0
TCGA-BF-A1PX	SKCM	Monocyte	0.0375	0
TCGA-BF-A1PX	SKCM	Monocyte	0.0375	0
TCGA-YG-AA3O	SKCM	Monocyte	0.0552	0
TCGA-YG-AA3O	SKCM	Monocyte	0.0552	0
TCGA-EE-A29M	SKCM	Monocyte	0	0
TCGA-EE-A29M	SKCM	Monocyte	0	0
TCGA-ER-A2ND	SKCM	Monocyte	0.0385	0
TCGA-ER-A2ND	SKCM	Monocyte	0.0385	0
TCGA-YG-AA3N	SKCM	Monocyte	0.0654	0
TCGA-YG-AA3N	SKCM	Monocyte	0.0654	0
TCGA-BF-A3DM	SKCM	Monocyte	0.3213	0.017
TCGA-BF-A3DM	SKCM	Monocyte	0.3213	0.017
TCGA-D9-A4Z3	SKCM	Monocyte	0.062	0
TCGA-D9-A4Z3	SKCM	Monocyte	0.062	0
TCGA-D3-A1Q6	SKCM	Monocyte	0.0171	0
TCGA-D3-A1Q6	SKCM	Monocyte	0.0171	0
TCGA-D3-A8GC	SKCM	Monocyte	0.0471	0
TCGA-D3-A8GC	SKCM	Monocyte	0.0471	0
TCGA-D3-A51R	SKCM	Monocyte	0	0.0262
TCGA-D3-A51R	SKCM	Monocyte	0	0.0262
TCGA-FR-A7U9	SKCM	Monocyte	0.0143	0.0183
TCGA-FR-A7U9	SKCM	Monocyte	0.0143	0.0183
TCGA-D3-A2JN	SKCM	Monocyte	0	0
TCGA-D3-A2JN	SKCM	Monocyte	0	0
TCGA-DA-A1HV	SKCM	Monocyte	0.0614	0
TCGA-DA-A1HV	SKCM	Monocyte	0.0614	0
TCGA-D3-A51F	SKCM	Monocyte	0.0717	0
TCGA-D3-A51F	SKCM	Monocyte	0.0717	0
TCGA-EB-A4OZ	SKCM	Monocyte	0.0414	0
TCGA-EB-A4OZ	SKCM	Monocyte	0.0414	0
TCGA-FR-A7U8	SKCM	Monocyte	0.0585	0
TCGA-FR-A7U8	SKCM	Monocyte	0.0585	0
TCGA-D3-A1Q5	SKCM	Monocyte	0.074	0
TCGA-D3-A1Q5	SKCM	Monocyte	0.074	0
TCGA-EE-A2GU	SKCM	Monocyte	0.0496	0
TCGA-EE-A2GU	SKCM	Monocyte	0.0496	0
TCGA-D9-A6E9	SKCM	Monocyte	0.0491	0
TCGA-D9-A6E9	SKCM	Monocyte	0.0491	0
TCGA-EE-A29X	SKCM	Monocyte	0.0528	0
TCGA-EE-A29X	SKCM	Monocyte	0.0528	0
TCGA-EE-A20H	SKCM	Monocyte	0.1428	0
TCGA-EE-A20H	SKCM	Monocyte	0.1428	0
TCGA-EB-A1NK	SKCM	Monocyte	0.0344	0
TCGA-EB-A1NK	SKCM	Monocyte	0.0344	0
TCGA-GF-A2C7	SKCM	Monocyte	0.1815	0.0132
TCGA-GF-A2C7	SKCM	Monocyte	0.1815	0.0132
TCGA-FR-A8YD	SKCM	Monocyte	0.0929	0
TCGA-FR-A8YD	SKCM	Monocyte	0.0929	0
TCGA-D3-A2JL	SKCM	Monocyte	0.0175	0
TCGA-D3-A2JL	SKCM	Monocyte	0.0175	0
TCGA-D3-A1Q3	SKCM	Monocyte	0.0451	0
TCGA-D3-A1Q3	SKCM	Monocyte	0.0451	0
TCGA-EE-A3JI	SKCM	Monocyte	0.0395	0.1033
TCGA-EE-A3JI	SKCM	Monocyte	0.0395	0.1033
TCGA-FS-A1Z3	SKCM	Monocyte	0.1533	0.0189
TCGA-FS-A1Z3	SKCM	Monocyte	0.1533	0.0189
TCGA-ER-A194	SKCM	Monocyte	0.0244	0.005
TCGA-ER-A194	SKCM	Monocyte	0.0244	0.005
TCGA-QB-AA9O	SKCM	Monocyte	0	0
TCGA-QB-AA9O	SKCM	Monocyte	0	0
TCGA-FS-A1ZE	SKCM	Monocyte	0.1997	0
TCGA-FS-A1ZE	SKCM	Monocyte	0.1997	0
TCGA-HR-A5NC	SKCM	Monocyte	0.2261	0
TCGA-HR-A5NC	SKCM	Monocyte	0.2261	0
TCGA-D3-A3CC	SKCM	Monocyte	0.0178	0.0061
TCGA-D3-A3CC	SKCM	Monocyte	0.0178	0.0061
TCGA-D3-A51J	SKCM	Monocyte	0.0745	0
TCGA-D3-A51J	SKCM	Monocyte	0.0745	0
TCGA-BF-AAOX	SKCM	Monocyte	0.0506	0
TCGA-BF-AAOX	SKCM	Monocyte	0.0506	0
TCGA-EB-A5FP	SKCM	Monocyte	0.0172	0
TCGA-EB-A5FP	SKCM	Monocyte	0.0172	0
TCGA-EE-A3JH	SKCM	Monocyte	0.0265	0
TCGA-EE-A3JH	SKCM	Monocyte	0.0265	0
TCGA-DA-A1IA	SKCM	Monocyte	0.0872	0.0578
TCGA-DA-A1IA	SKCM	Monocyte	0.0872	0.0578
TCGA-D3-A2JE	SKCM	Monocyte	0.1142	0
TCGA-D3-A2JE	SKCM	Monocyte	0.1142	0
TCGA-FS-A1ZJ	SKCM	Monocyte	0.098	0
TCGA-FS-A1ZJ	SKCM	Monocyte	0.098	0
TCGA-EB-A24C	SKCM	Monocyte	0.0798	0.0076
TCGA-EB-A24C	SKCM	Monocyte	0.0798	0.0076
TCGA-FS-A4F8	SKCM	Monocyte	0.0187	0
TCGA-FS-A4F8	SKCM	Monocyte	0.0187	0
TCGA-W3-A825	SKCM	Monocyte	0.1037	0
TCGA-W3-A825	SKCM	Monocyte	0.1037	0
TCGA-D3-A3C1	SKCM	Monocyte	0.2193	0.0023
TCGA-D3-A3C1	SKCM	Monocyte	0.2193	0.0023
TCGA-FS-A1ZS	SKCM	Monocyte	0	0
TCGA-FS-A1ZS	SKCM	Monocyte	0	0
TCGA-D3-A8GQ	SKCM	Monocyte	0.0704	0
TCGA-D3-A8GQ	SKCM	Monocyte	0.0704	0
TCGA-EB-A5SF	SKCM	Monocyte	0.0209	0
TCGA-EB-A5SF	SKCM	Monocyte	0.0209	0
TCGA-D3-A2JA	SKCM	Monocyte	0.2502	0
TCGA-D3-A2JA	SKCM	Monocyte	0.2502	0
TCGA-ER-A19D	SKCM	Monocyte	0.1019	0.0077
TCGA-ER-A19D	SKCM	Monocyte	0.1019	0.0077
TCGA-GN-A266	SKCM	Monocyte	0.1549	0
TCGA-GN-A266	SKCM	Monocyte	0.1549	0
TCGA-DA-A3F3	SKCM	Monocyte	0.0396	0
TCGA-DA-A3F3	SKCM	Monocyte	0.0396	0
TCGA-W3-AA1W	SKCM	Monocyte	0.071	0
TCGA-W3-AA1W	SKCM	Monocyte	0.071	0
TCGA-EE-A2MC	SKCM	Monocyte	0	0
TCGA-EE-A2MC	SKCM	Monocyte	0	0
TCGA-RP-A695	SKCM	Monocyte	0.0232	0
TCGA-RP-A695	SKCM	Monocyte	0.0232	0
TCGA-ER-A19Q	SKCM	Monocyte	0.0493	0.0128
TCGA-ER-A19Q	SKCM	Monocyte	0.0493	0.0128
TCGA-D3-A2JH	SKCM	Monocyte	0.0598	0
TCGA-D3-A2JH	SKCM	Monocyte	0.0598	0
TCGA-D3-A8GV	SKCM	Monocyte	0.0489	0
TCGA-D3-A8GV	SKCM	Monocyte	0.0489	0
TCGA-EE-A184	SKCM	Monocyte	0.0067	0
TCGA-EE-A184	SKCM	Monocyte	0.0067	0
TCGA-RP-A693	SKCM	Monocyte	0.1526	0.0008
TCGA-RP-A693	SKCM	Monocyte	0.1526	0.0008
TCGA-D3-A3C7	SKCM	Monocyte	0.0967	0
TCGA-D3-A3C7	SKCM	Monocyte	0.0967	0
TCGA-EE-A2GM	SKCM	Monocyte	0.2211	0.0387
TCGA-EE-A2GM	SKCM	Monocyte	0.2211	0.0387
TCGA-BF-A1PU	SKCM	Monocyte	0.1057	0
TCGA-BF-A1PU	SKCM	Monocyte	0.1057	0
TCGA-EE-A3J7	SKCM	Monocyte	0.1241	0
TCGA-EE-A3J7	SKCM	Monocyte	0.1241	0
TCGA-BF-AAP7	SKCM	Monocyte	0.101	0
TCGA-BF-AAP7	SKCM	Monocyte	0.101	0
TCGA-ER-A197	SKCM	Monocyte	0.0036	0
TCGA-ER-A197	SKCM	Monocyte	0.0036	0
TCGA-ER-A19E	SKCM	Monocyte	0.2716	0
TCGA-ER-A19E	SKCM	Monocyte	0.2716	0
TCGA-EE-A3J4	SKCM	Monocyte	0.1556	0.005
TCGA-EE-A3J4	SKCM	Monocyte	0.1556	0.005
TCGA-DA-A95Y	SKCM	Monocyte	0.0649	0.0245
TCGA-DA-A95Y	SKCM	Monocyte	0.0649	0.0245
TCGA-DA-A1HY	SKCM	Monocyte	0	0
TCGA-DA-A1HY	SKCM	Monocyte	0	0
TCGA-EE-A3JA	SKCM	Monocyte	0	0
TCGA-EE-A3JA	SKCM	Monocyte	0	0
TCGA-ER-A19A	SKCM	Monocyte	0.0296	0
TCGA-ER-A19A	SKCM	Monocyte	0.0296	0
TCGA-D3-A8GB	SKCM	Monocyte	0.0269	0
TCGA-D3-A8GB	SKCM	Monocyte	0.0269	0
TCGA-D3-A8GJ	SKCM	Monocyte	0.0755	0
TCGA-D3-A8GJ	SKCM	Monocyte	0.0755	0
TCGA-FW-A3I3	SKCM	Monocyte	0.0137	0
TCGA-FW-A3I3	SKCM	Monocyte	0.0137	0
TCGA-EE-A2MR	SKCM	Monocyte	0.0713	0
TCGA-EE-A2MR	SKCM	Monocyte	0.0713	0
TCGA-D3-A8GM	SKCM	Monocyte	0.0661	0
TCGA-D3-A8GM	SKCM	Monocyte	0.0661	0
TCGA-D3-A51G	SKCM	Monocyte	0.1731	0
TCGA-D3-A51G	SKCM	Monocyte	0.1731	0
TCGA-EB-A5SG	SKCM	Monocyte	0.009	0
TCGA-EB-A5SG	SKCM	Monocyte	0.009	0
TCGA-FS-A1YX	SKCM	Monocyte	0.1284	0.0202
TCGA-FS-A1YX	SKCM	Monocyte	0.1284	0.0202
TCGA-BF-A1PZ	SKCM	Monocyte	0.1311	0.0008
TCGA-BF-A1PZ	SKCM	Monocyte	0.1311	0.0008
TCGA-GF-A6C9	SKCM	Monocyte	0.0502	0
TCGA-GF-A6C9	SKCM	Monocyte	0.0502	0
TCGA-D3-A2JG	SKCM	Monocyte	0.0286	0.023
TCGA-D3-A2JG	SKCM	Monocyte	0.0286	0.023
TCGA-EE-A2MK	SKCM	Monocyte	0.0957	0.0117
TCGA-EE-A2MK	SKCM	Monocyte	0.0957	0.0117
TCGA-EE-A2GE	SKCM	Monocyte	0.0762	0
TCGA-EE-A2GE	SKCM	Monocyte	0.0762	0
TCGA-EE-A29A	SKCM	Monocyte	0.1222	0
TCGA-EE-A29A	SKCM	Monocyte	0.1222	0
TCGA-FS-A1ZW	SKCM	Monocyte	0.0765	0
TCGA-FS-A1ZW	SKCM	Monocyte	0.0765	0
TCGA-FR-A726	SKCM	Monocyte	0.0514	0.0077
TCGA-FR-A726	SKCM	Monocyte	0.0514	0.0077
TCGA-XV-A9VZ	SKCM	Monocyte	0.0514	0
TCGA-XV-A9VZ	SKCM	Monocyte	0.0514	0
TCGA-EE-A2MS	SKCM	Monocyte	0.1718	0
TCGA-EE-A2MS	SKCM	Monocyte	0.1718	0
TCGA-W3-AA21	SKCM	Monocyte	0.0224	0
TCGA-W3-AA21	SKCM	Monocyte	0.0224	0
TCGA-ER-A3ET	SKCM	Monocyte	0.0366	0.0703
TCGA-ER-A3ET	SKCM	Monocyte	0.0366	0.0703
TCGA-FS-A1ZP	SKCM	Monocyte	0.1302	0
TCGA-FS-A1ZP	SKCM	Monocyte	0.1302	0
TCGA-FS-A4F2	SKCM	Monocyte	0.0431	0.0318
TCGA-FS-A4F2	SKCM	Monocyte	0.0431	0.0318
TCGA-EB-A4IQ	SKCM	Monocyte	0.0322	0
TCGA-EB-A4IQ	SKCM	Monocyte	0.0322	0
TCGA-FS-A4F0	SKCM	Monocyte	0.2122	0.0096
TCGA-FS-A4F0	SKCM	Monocyte	0.2122	0.0096
TCGA-D9-A3Z1	SKCM	Monocyte	0	0
TCGA-D9-A3Z1	SKCM	Monocyte	0	0
TCGA-EB-A85I	SKCM	Monocyte	0.0899	0.0021
TCGA-EB-A85I	SKCM	Monocyte	0.0899	0.0021
TCGA-D3-A51H	SKCM	Monocyte	0	0
TCGA-D3-A51H	SKCM	Monocyte	0	0
TCGA-FW-A3TU	SKCM	Monocyte	0.0337	0
TCGA-FW-A3TU	SKCM	Monocyte	0.0337	0
TCGA-ER-A195	SKCM	Monocyte	0.0192	0
TCGA-ER-A195	SKCM	Monocyte	0.0192	0
TCGA-EB-A97M	SKCM	Monocyte	0.0767	0.0056
TCGA-EB-A97M	SKCM	Monocyte	0.0767	0.0056
TCGA-EB-A3XC	SKCM	Monocyte	0.0194	0
TCGA-EB-A3XC	SKCM	Monocyte	0.0194	0
TCGA-RP-A6K9	SKCM	Monocyte	0	0
TCGA-RP-A6K9	SKCM	Monocyte	0	0
TCGA-EB-A82C	SKCM	Monocyte	0.0211	0.0214
TCGA-EB-A82C	SKCM	Monocyte	0.0211	0.0214
TCGA-DA-A95W	SKCM	Monocyte	0.1075	0
TCGA-DA-A95W	SKCM	Monocyte	0.1075	0
TCGA-BF-A5EQ	SKCM	Monocyte	0.1159	0
TCGA-BF-A5EQ	SKCM	Monocyte	0.1159	0
TCGA-W3-AA1R	SKCM	Monocyte	0	0
TCGA-W3-AA1R	SKCM	Monocyte	0	0
TCGA-EE-A2MP	SKCM	Monocyte	0.0881	0
TCGA-EE-A2MP	SKCM	Monocyte	0.0881	0
TCGA-3N-A9WC	SKCM	Monocyte	0	0
TCGA-3N-A9WC	SKCM	Monocyte	0	0
TCGA-EB-A51B	SKCM	Monocyte	0.0542	0.0003
TCGA-EB-A51B	SKCM	Monocyte	0.0542	0.0003
TCGA-EB-A3XF	SKCM	Monocyte	0.1232	0.1395
TCGA-EB-A3XF	SKCM	Monocyte	0.1232	0.1395
TCGA-3N-A9WB	SKCM	Monocyte	0.0485	0
TCGA-3N-A9WB	SKCM	Monocyte	0.0485	0
TCGA-WE-A8ZR	SKCM	Monocyte	0	0
TCGA-WE-A8ZR	SKCM	Monocyte	0	0
TCGA-D9-A3Z3	SKCM	Monocyte	0.048	0
TCGA-D9-A3Z3	SKCM	Monocyte	0.048	0
TCGA-FS-A1ZT	SKCM	Monocyte	0.0386	0
TCGA-FS-A1ZT	SKCM	Monocyte	0.0386	0
TCGA-FS-A1YW	SKCM	Monocyte	0.0317	0.0049
TCGA-FS-A1YW	SKCM	Monocyte	0.0317	0.0049
TCGA-EE-A2A2	SKCM	Monocyte	0	0
TCGA-EE-A2A2	SKCM	Monocyte	0	0
TCGA-D3-A8GS	SKCM	Monocyte	0.1215	0
TCGA-D3-A8GS	SKCM	Monocyte	0.1215	0
TCGA-EE-A2M6	SKCM	Monocyte	0.1244	0.0056
TCGA-EE-A2M6	SKCM	Monocyte	0.1244	0.0056
TCGA-Z2-A8RT	SKCM	Monocyte	0.135	0.0026
TCGA-Z2-A8RT	SKCM	Monocyte	0.135	0.0026
TCGA-WE-A8ZT	SKCM	Monocyte	0.2091	0.0106
TCGA-WE-A8ZT	SKCM	Monocyte	0.2091	0.0106
TCGA-Z2-AA3V	SKCM	Monocyte	0	0
TCGA-Z2-AA3V	SKCM	Monocyte	0	0
TCGA-GN-A26A	SKCM	Monocyte	0.0556	0
TCGA-GN-A26A	SKCM	Monocyte	0.0556	0
TCGA-EE-A183	SKCM	Monocyte	0.0731	0
TCGA-EE-A183	SKCM	Monocyte	0.0731	0
TCGA-EB-A6R0	SKCM	Monocyte	0.0874	0
TCGA-EB-A6R0	SKCM	Monocyte	0.0874	0
TCGA-EB-A44R	SKCM	Monocyte	0.0491	0
TCGA-EB-A44R	SKCM	Monocyte	0.0491	0
TCGA-EE-A2GD	SKCM	Monocyte	0.1689	0
TCGA-EE-A2GD	SKCM	Monocyte	0.1689	0
TCGA-EE-A29S	SKCM	Monocyte	0.0755	0
TCGA-EE-A29S	SKCM	Monocyte	0.0755	0
TCGA-EE-A2M8	SKCM	Monocyte	0.0983	0
TCGA-EE-A2M8	SKCM	Monocyte	0.0983	0
TCGA-BF-AAP0	SKCM	Monocyte	0.08	0
TCGA-BF-AAP0	SKCM	Monocyte	0.08	0
TCGA-WE-A8ZY	SKCM	Monocyte	0.0132	0
TCGA-WE-A8ZY	SKCM	Monocyte	0.0132	0
TCGA-ER-A19L	SKCM	Monocyte	0.2091	0.0272
TCGA-ER-A19L	SKCM	Monocyte	0.2091	0.0272
TCGA-EE-A17X	SKCM	Monocyte	0	0
TCGA-EE-A17X	SKCM	Monocyte	0	0
TCGA-GN-A265	SKCM	Monocyte	0.0408	0
TCGA-GN-A265	SKCM	Monocyte	0.0408	0
TCGA-BF-A3DJ	SKCM	Monocyte	0.1205	0.0593
TCGA-BF-A3DJ	SKCM	Monocyte	0.1205	0.0593
TCGA-D3-A5GT	SKCM	Monocyte	0.0523	0.0441
TCGA-D3-A5GT	SKCM	Monocyte	0.0523	0.0441
TCGA-FR-A3YO	SKCM	Monocyte	0.0477	0.0098
TCGA-FR-A3YO	SKCM	Monocyte	0.0477	0.0098
TCGA-BF-A1Q0	SKCM	Monocyte	0.0884	0
TCGA-BF-A1Q0	SKCM	Monocyte	0.0884	0
TCGA-GN-A8LL	SKCM	Monocyte	0.0296	0
TCGA-GN-A8LL	SKCM	Monocyte	0.0296	0
TCGA-EB-A551	SKCM	Monocyte	0.0931	0
TCGA-EB-A551	SKCM	Monocyte	0.0931	0
TCGA-XV-A9W5	SKCM	Monocyte	0.1893	0
TCGA-XV-A9W5	SKCM	Monocyte	0.1893	0
TCGA-FS-A4FB	SKCM	Monocyte	0.1463	0
TCGA-FS-A4FB	SKCM	Monocyte	0.1463	0
TCGA-DA-A1IC	SKCM	Monocyte	0.0431	0
TCGA-DA-A1IC	SKCM	Monocyte	0.0431	0
TCGA-HR-A2OH	SKCM	Monocyte	0.1226	0
TCGA-HR-A2OH	SKCM	Monocyte	0.1226	0
TCGA-EB-A5UM	SKCM	Monocyte	0.0612	0
TCGA-EB-A5UM	SKCM	Monocyte	0.0612	0
TCGA-DA-A95Z	SKCM	Monocyte	0.0979	0
TCGA-DA-A95Z	SKCM	Monocyte	0.0979	0
TCGA-BF-AAP1	SKCM	Monocyte	0.1266	0.1857
TCGA-BF-AAP1	SKCM	Monocyte	0.1266	0.1857
TCGA-FR-A3R1	SKCM	Monocyte	0.1175	0
TCGA-FR-A3R1	SKCM	Monocyte	0.1175	0
TCGA-DA-A1I0	SKCM	Monocyte	0.0597	0
TCGA-DA-A1I0	SKCM	Monocyte	0.0597	0
TCGA-ER-A42K	SKCM	Monocyte	0.1919	0
TCGA-ER-A42K	SKCM	Monocyte	0.1919	0
TCGA-DA-A1I1	SKCM	Monocyte	0.1165	0
TCGA-DA-A1I1	SKCM	Monocyte	0.1165	0
TCGA-EE-A2MT	SKCM	Monocyte	0.0666	0
TCGA-EE-A2MT	SKCM	Monocyte	0.0666	0
TCGA-ER-A19O	SKCM	Monocyte	0	0.0324
TCGA-ER-A19O	SKCM	Monocyte	0	0.0324
TCGA-EE-A29Q	SKCM	Monocyte	0.119	0.0422
TCGA-EE-A29Q	SKCM	Monocyte	0.119	0.0422
TCGA-FS-A1Z0	SKCM	Monocyte	0.1196	0
TCGA-FS-A1Z0	SKCM	Monocyte	0.1196	0
TCGA-D3-A5GU	SKCM	Monocyte	0.1883	0
TCGA-D3-A5GU	SKCM	Monocyte	0.1883	0
TCGA-EB-A44P	SKCM	Monocyte	0.1107	0
TCGA-EB-A44P	SKCM	Monocyte	0.1107	0
TCGA-ER-A2NH	SKCM	Monocyte	0.1371	0
TCGA-ER-A2NH	SKCM	Monocyte	0.1371	0
TCGA-GN-A4U4	SKCM	Monocyte	0.0022	0.0122
TCGA-GN-A4U4	SKCM	Monocyte	0.0022	0.0122
TCGA-EE-A3JB	SKCM	Monocyte	0.0672	0.0321
TCGA-EE-A3JB	SKCM	Monocyte	0.0672	0.0321
TCGA-EB-A4OY	SKCM	Monocyte	0.039	0
TCGA-EB-A4OY	SKCM	Monocyte	0.039	0
TCGA-D3-A8GK	SKCM	Monocyte	0.032	0
TCGA-D3-A8GK	SKCM	Monocyte	0.032	0
TCGA-FS-A1ZB	SKCM	Monocyte	0.0162	0.0748
TCGA-FS-A1ZB	SKCM	Monocyte	0.0162	0.0748
TCGA-D3-A2J6	SKCM	Monocyte	0.041	0
TCGA-D3-A2J6	SKCM	Monocyte	0.041	0
TCGA-EB-A3XD	SKCM	Monocyte	0.0184	0
TCGA-EB-A3XD	SKCM	Monocyte	0.0184	0
TCGA-D3-A8GN	SKCM	Monocyte	0.0466	0
TCGA-D3-A8GN	SKCM	Monocyte	0.0466	0
TCGA-EE-A20F	SKCM	Monocyte	0.0137	0.004
TCGA-EE-A20F	SKCM	Monocyte	0.0137	0.004
TCGA-WE-A8JZ	SKCM	Monocyte	0.0475	0
TCGA-WE-A8JZ	SKCM	Monocyte	0.0475	0
TCGA-EE-A182	SKCM	Monocyte	0.0237	0.0092
TCGA-EE-A182	SKCM	Monocyte	0.0237	0.0092
TCGA-D3-A3MU	SKCM	Monocyte	0.0779	0
TCGA-D3-A3MU	SKCM	Monocyte	0.0779	0
TCGA-Z2-AA3S	SKCM	Monocyte	0.0868	0.0048
TCGA-Z2-AA3S	SKCM	Monocyte	0.0868	0.0048
TCGA-BF-AAP4	SKCM	Monocyte	0	0
TCGA-BF-AAP4	SKCM	Monocyte	0	0
TCGA-D3-A3CE	SKCM	Monocyte	0.1053	0.008
TCGA-D3-A3CE	SKCM	Monocyte	0.1053	0.008
TCGA-XV-AAZW	SKCM	Monocyte	0.0911	0
TCGA-XV-AAZW	SKCM	Monocyte	0.0911	0
TCGA-FS-A4F4	SKCM	Monocyte	0.0742	0
TCGA-FS-A4F4	SKCM	Monocyte	0.0742	0
TCGA-FS-A4FD	SKCM	Monocyte	0.0409	0
TCGA-FS-A4FD	SKCM	Monocyte	0.0409	0
TCGA-D3-A8GD	SKCM	Monocyte	0.042	0
TCGA-D3-A8GD	SKCM	Monocyte	0.042	0
TCGA-GN-A264	SKCM	Monocyte	0.1256	0
TCGA-GN-A264	SKCM	Monocyte	0.1256	0
TCGA-WE-A8ZQ	SKCM	Monocyte	0.1382	0
TCGA-WE-A8ZQ	SKCM	Monocyte	0.1382	0
TCGA-EE-A2GO	SKCM	Monocyte	0.0498	0
TCGA-EE-A2GO	SKCM	Monocyte	0.0498	0
TCGA-EB-A82B	SKCM	Monocyte	0.0244	0
TCGA-EB-A82B	SKCM	Monocyte	0.0244	0
TCGA-D3-A51T	SKCM	Monocyte	0.0248	0
TCGA-D3-A51T	SKCM	Monocyte	0.0248	0
TCGA-D3-A1Q9	SKCM	Monocyte	0	0
TCGA-D3-A1Q9	SKCM	Monocyte	0	0
TCGA-ER-A19M	SKCM	Monocyte	0.0389	0
TCGA-ER-A19M	SKCM	Monocyte	0.0389	0
TCGA-EE-A2M7	SKCM	Monocyte	0.1366	0
TCGA-EE-A2M7	SKCM	Monocyte	0.1366	0
TCGA-YD-A89C	SKCM	Monocyte	0.0873	0.013
TCGA-YD-A89C	SKCM	Monocyte	0.0873	0.013
TCGA-D3-A1Q8	SKCM	Monocyte	0.1722	0.1058
TCGA-D3-A1Q8	SKCM	Monocyte	0.1722	0.1058
TCGA-DA-A1I8	SKCM	Monocyte	0.1139	0
TCGA-DA-A1I8	SKCM	Monocyte	0.1139	0
TCGA-BF-AAP2	SKCM	Monocyte	0.0749	0.003
TCGA-BF-AAP2	SKCM	Monocyte	0.0749	0.003
TCGA-FS-A1ZU	SKCM	Monocyte	0	0
TCGA-FS-A1ZU	SKCM	Monocyte	0	0
TCGA-EE-A180	SKCM	Monocyte	0.1517	0
TCGA-EE-A180	SKCM	Monocyte	0.1517	0
TCGA-GN-A8LN	SKCM	Monocyte	0.1412	0.0236
TCGA-GN-A8LN	SKCM	Monocyte	0.1412	0.0236
TCGA-DA-A1I4	SKCM	Monocyte	0.0374	0
TCGA-DA-A1I4	SKCM	Monocyte	0.0374	0
TCGA-DA-A1HW	SKCM	Monocyte	0.0474	0
TCGA-DA-A1HW	SKCM	Monocyte	0.0474	0
TCGA-EB-A6QZ	SKCM	Monocyte	0.1549	0
TCGA-EB-A6QZ	SKCM	Monocyte	0.1549	0
TCGA-YD-A9TB	SKCM	Monocyte	0.121	0
TCGA-YD-A9TB	SKCM	Monocyte	0.121	0
TCGA-W3-AA1Q	SKCM	Monocyte	0.0398	0
TCGA-W3-AA1Q	SKCM	Monocyte	0.0398	0
TCGA-EE-A2A0	SKCM	Monocyte	0.0364	0
TCGA-EE-A2A0	SKCM	Monocyte	0.0364	0
TCGA-EB-A6QY	SKCM	Monocyte	0.0008	0
TCGA-EB-A6QY	SKCM	Monocyte	0.0008	0
TCGA-BF-A5EO	SKCM	Monocyte	0.052	0.0203
TCGA-BF-A5EO	SKCM	Monocyte	0.052	0.0203
TCGA-EE-A29E	SKCM	Monocyte	0.0761	0
TCGA-EE-A29E	SKCM	Monocyte	0.0761	0
TCGA-FS-A1Z4	SKCM	Monocyte	0.0599	0
TCGA-FS-A1Z4	SKCM	Monocyte	0.0599	0
TCGA-EE-A2MJ	SKCM	Monocyte	0.0446	0
TCGA-EE-A2MJ	SKCM	Monocyte	0.0446	0
TCGA-D3-A3MO	SKCM	Monocyte	0.1217	0
TCGA-D3-A3MO	SKCM	Monocyte	0.1217	0
TCGA-D3-A5GO	SKCM	Monocyte	0.0551	0
TCGA-D3-A5GO	SKCM	Monocyte	0.0551	0
TCGA-EE-A2A5	SKCM	Monocyte	0.0815	0.0045
TCGA-EE-A2A5	SKCM	Monocyte	0.0815	0.0045
TCGA-FS-A4F5	SKCM	Monocyte	0.1691	0
TCGA-FS-A4F5	SKCM	Monocyte	0.1691	0
TCGA-EE-A2GS	SKCM	Monocyte	0.1415	0.0206
TCGA-EE-A2GS	SKCM	Monocyte	0.1415	0.0206
TCGA-ER-A3PL	SKCM	Monocyte	0.2252	0
TCGA-ER-A3PL	SKCM	Monocyte	0.2252	0
TCGA-BF-A5EP	SKCM	Monocyte	0.117	0.0025
TCGA-BF-A5EP	SKCM	Monocyte	0.117	0.0025
TCGA-FW-A5DX	SKCM	Monocyte	0.0643	0
TCGA-FW-A5DX	SKCM	Monocyte	0.0643	0
TCGA-EE-A29N	SKCM	Monocyte	0.0477	0
TCGA-EE-A29N	SKCM	Monocyte	0.0477	0
TCGA-ER-A193	SKCM	Monocyte	0.054	0
TCGA-ER-A193	SKCM	Monocyte	0.054	0
TCGA-XV-A9W2	SKCM	Monocyte	0.0149	0.0124
TCGA-XV-A9W2	SKCM	Monocyte	0.0149	0.0124
TCGA-EB-A3Y6	SKCM	Monocyte	0.0757	0
TCGA-EB-A3Y6	SKCM	Monocyte	0.0757	0
TCGA-D3-A1Q1	SKCM	Monocyte	0.2081	0.0237
TCGA-D3-A1Q1	SKCM	Monocyte	0.2081	0.0237
TCGA-WE-A8K6	SKCM	Monocyte	0.0502	0
TCGA-WE-A8K6	SKCM	Monocyte	0.0502	0
TCGA-EE-A29G	SKCM	Monocyte	0	0
TCGA-EE-A29G	SKCM	Monocyte	0	0
TCGA-DA-A1IB	SKCM	Monocyte	0.0143	0
TCGA-DA-A1IB	SKCM	Monocyte	0.0143	0
TCGA-EB-A299	SKCM	Monocyte	0.0366	0
TCGA-EB-A299	SKCM	Monocyte	0.0366	0
TCGA-EE-A29B	SKCM	Monocyte	0	0.0533
TCGA-EE-A29B	SKCM	Monocyte	0	0.0533
TCGA-GN-A4U3	SKCM	Monocyte	0.0788	0.0175
TCGA-GN-A4U3	SKCM	Monocyte	0.0788	0.0175
TCGA-ER-A19G	SKCM	Monocyte	0.0411	0
TCGA-ER-A19G	SKCM	Monocyte	0.0411	0
TCGA-EE-A2GH	SKCM	Monocyte	0.0157	0
TCGA-EE-A2GH	SKCM	Monocyte	0.0157	0
TCGA-EE-A2GR	SKCM	Monocyte	0.0757	0
TCGA-EE-A2GR	SKCM	Monocyte	0.0757	0
TCGA-XV-AAZV	SKCM	Monocyte	0	0
TCGA-XV-AAZV	SKCM	Monocyte	0	0
TCGA-EE-A3AH	SKCM	Monocyte	0.2311	0.0458
TCGA-EE-A3AH	SKCM	Monocyte	0.2311	0.0458
TCGA-DA-A960	SKCM	Monocyte	0	0.0407
TCGA-DA-A960	SKCM	Monocyte	0	0.0407
TCGA-EE-A3AE	SKCM	Monocyte	0.0871	0.044
TCGA-EE-A3AE	SKCM	Monocyte	0.0871	0.044
TCGA-D3-A8GP	SKCM	Monocyte	0.1069	0
TCGA-D3-A8GP	SKCM	Monocyte	0.1069	0
TCGA-EB-A553	SKCM	Monocyte	0.0406	0
TCGA-EB-A553	SKCM	Monocyte	0.0406	0
TCGA-GN-A8LK	SKCM	Monocyte	0.0096	0
TCGA-GN-A8LK	SKCM	Monocyte	0.0096	0
TCGA-D3-A51E	SKCM	Monocyte	0.0486	0
TCGA-D3-A51E	SKCM	Monocyte	0.0486	0
TCGA-EB-A431	SKCM	Monocyte	0.0063	0
TCGA-EB-A431	SKCM	Monocyte	0.0063	0
TCGA-BF-AAP8	SKCM	Monocyte	0	0
TCGA-BF-AAP8	SKCM	Monocyte	0	0
TCGA-EE-A2GT	SKCM	Monocyte	0.003	0
TCGA-EE-A2GT	SKCM	Monocyte	0.003	0
TCGA-W3-AA1V	SKCM	Monocyte	0.0079	0
TCGA-W3-AA1V	SKCM	Monocyte	0.0079	0
TCGA-FS-A1ZM	SKCM	Monocyte	0.3227	0
TCGA-FS-A1ZM	SKCM	Monocyte	0.3227	0
TCGA-WE-AAA4	SKCM	Monocyte	0.0708	0.0544
TCGA-WE-AAA4	SKCM	Monocyte	0.0708	0.0544
TCGA-FW-A5DY	SKCM	Monocyte	0.0783	0
TCGA-FW-A5DY	SKCM	Monocyte	0.0783	0
TCGA-D9-A1JW	SKCM	Monocyte	0.012	0
TCGA-D9-A1JW	SKCM	Monocyte	0.012	0
TCGA-EE-A29T	SKCM	Monocyte	0.0858	0
TCGA-EE-A29T	SKCM	Monocyte	0.0858	0
TCGA-EE-A2GL	SKCM	Monocyte	0.1024	0
TCGA-EE-A2GL	SKCM	Monocyte	0.1024	0
TCGA-EB-A4XL	SKCM	Monocyte	0.0858	0
TCGA-EB-A4XL	SKCM	Monocyte	0.0858	0
TCGA-FS-A1ZN	SKCM	Monocyte	0.1128	0
TCGA-FS-A1ZN	SKCM	Monocyte	0.1128	0
TCGA-EB-A44N	SKCM	Monocyte	0.0645	0
TCGA-EB-A44N	SKCM	Monocyte	0.0645	0
TCGA-D3-A5GL	SKCM	Monocyte	0.0163	0.0052
TCGA-D3-A5GL	SKCM	Monocyte	0.0163	0.0052
TCGA-ER-A19N	SKCM	Monocyte	0.0208	0
TCGA-ER-A19N	SKCM	Monocyte	0.0208	0
TCGA-LH-A9QB	SKCM	Monocyte	0.1048	0.0031
TCGA-LH-A9QB	SKCM	Monocyte	0.1048	0.0031
TCGA-FS-A1ZR	SKCM	Monocyte	0.139	0.0185
TCGA-FS-A1ZR	SKCM	Monocyte	0.139	0.0185
TCGA-FS-A1ZH	SKCM	Monocyte	0.0897	0
TCGA-FS-A1ZH	SKCM	Monocyte	0.0897	0
TCGA-EE-A185	SKCM	Monocyte	0.0342	0
TCGA-EE-A185	SKCM	Monocyte	0.0342	0
TCGA-FR-A8YE	SKCM	Monocyte	0.0589	0
TCGA-FR-A8YE	SKCM	Monocyte	0.0589	0
TCGA-DA-A3F2	SKCM	Monocyte	0	0
TCGA-DA-A3F2	SKCM	Monocyte	0	0
TCGA-WE-A8K1	SKCM	Monocyte	0.0266	0
TCGA-WE-A8K1	SKCM	Monocyte	0.0266	0
TCGA-D9-A4Z6	SKCM	Monocyte	0.0362	0
TCGA-D9-A4Z6	SKCM	Monocyte	0.0362	0
TCGA-3N-A9WD	SKCM	Monocyte	0.0154	0
TCGA-3N-A9WD	SKCM	Monocyte	0.0154	0
TCGA-FS-A1ZY	SKCM	Monocyte	0.1026	0.0691
TCGA-FS-A1ZY	SKCM	Monocyte	0.1026	0.0691
TCGA-D9-A4Z5	SKCM	Monocyte	0.632	0.0027
TCGA-D9-A4Z5	SKCM	Monocyte	0.632	0.0027
TCGA-EE-A2GJ	SKCM	Monocyte	0.0844	0
TCGA-EE-A2GJ	SKCM	Monocyte	0.0844	0
TCGA-IH-A3EA	SKCM	Monocyte	0.0189	0.0096
TCGA-IH-A3EA	SKCM	Monocyte	0.0189	0.0096
TCGA-BF-AAP6	SKCM	Monocyte	0.1039	0
TCGA-BF-AAP6	SKCM	Monocyte	0.1039	0
TCGA-D3-A2JD	SKCM	Monocyte	0.0584	0
TCGA-D3-A2JD	SKCM	Monocyte	0.0584	0
TCGA-EE-A20I	SKCM	Monocyte	0.0587	0
TCGA-EE-A20I	SKCM	Monocyte	0.0587	0
TCGA-EE-A29L	SKCM	Monocyte	0	0
TCGA-EE-A29L	SKCM	Monocyte	0	0
TCGA-EB-A3XB	SKCM	Monocyte	0.1096	0
TCGA-EB-A3XB	SKCM	Monocyte	0.1096	0
TCGA-EE-A2A1	SKCM	Monocyte	0	0
TCGA-EE-A2A1	SKCM	Monocyte	0	0
TCGA-ER-A196	SKCM	Monocyte	0.0193	0
TCGA-ER-A196	SKCM	Monocyte	0.0193	0
TCGA-EE-A3AA	SKCM	Monocyte	0.0438	0
TCGA-EE-A3AA	SKCM	Monocyte	0.0438	0
TCGA-EB-A5SH	SKCM	Monocyte	0.0746	0
TCGA-EB-A5SH	SKCM	Monocyte	0.0746	0
TCGA-GN-A267	SKCM	Monocyte	0.0936	0
TCGA-GN-A267	SKCM	Monocyte	0.0936	0
TCGA-GN-A4U9	SKCM	Monocyte	0.0693	0.0398
TCGA-GN-A4U9	SKCM	Monocyte	0.0693	0.0398
TCGA-EE-A3JE	SKCM	Monocyte	0.0963	0
TCGA-EE-A3JE	SKCM	Monocyte	0.0963	0
TCGA-WE-AAA0	SKCM	Monocyte	0.0202	0
TCGA-WE-AAA0	SKCM	Monocyte	0.0202	0
TCGA-GF-A769	SKCM	Monocyte	0.1683	0.022
TCGA-GF-A769	SKCM	Monocyte	0.1683	0.022
TCGA-D9-A6EC	SKCM	Monocyte	0.0297	0
TCGA-D9-A6EC	SKCM	Monocyte	0.0297	0
TCGA-D3-A5GN	SKCM	Monocyte	0.15	0
TCGA-D3-A5GN	SKCM	Monocyte	0.15	0
TCGA-D3-A2J8	SKCM	Monocyte	0	0
TCGA-D3-A2J8	SKCM	Monocyte	0	0
TCGA-FS-A1ZC	SKCM	Monocyte	0.1605	0
TCGA-FS-A1ZC	SKCM	Monocyte	0.1605	0
TCGA-XV-AAZY	SKCM	Monocyte	0.0413	0
TCGA-XV-AAZY	SKCM	Monocyte	0.0413	0
TCGA-EE-A3J3	SKCM	Monocyte	0.1056	0
TCGA-EE-A3J3	SKCM	Monocyte	0.1056	0
TCGA-EE-A2GI	SKCM	Monocyte	0.0467	0
TCGA-EE-A2GI	SKCM	Monocyte	0.0467	0
TCGA-BF-A5ER	SKCM	Monocyte	0.0751	0
TCGA-BF-A5ER	SKCM	Monocyte	0.0751	0
TCGA-EB-A3HV	SKCM	Monocyte	0.1411	0
TCGA-EB-A3HV	SKCM	Monocyte	0.1411	0
TCGA-FS-A4FC	SKCM	Monocyte	0.198	0
TCGA-FS-A4FC	SKCM	Monocyte	0.198	0
TCGA-EE-A2M5	SKCM	Monocyte	0	0
TCGA-EE-A2M5	SKCM	Monocyte	0	0
TCGA-DA-A3F8	SKCM	Monocyte	0.1253	0
TCGA-DA-A3F8	SKCM	Monocyte	0.1253	0
TCGA-WE-A8ZO	SKCM	Monocyte	0	0
TCGA-WE-A8ZO	SKCM	Monocyte	0	0
TCGA-GN-A26D	SKCM	Monocyte	0.0871	0
TCGA-GN-A26D	SKCM	Monocyte	0.0871	0
TCGA-EB-A5VU	SKCM	Monocyte	0.1801	0.0882
TCGA-EB-A5VU	SKCM	Monocyte	0.1801	0.0882
TCGA-D3-A51N	SKCM	Monocyte	0.0552	0
TCGA-D3-A51N	SKCM	Monocyte	0.0552	0
TCGA-D3-A3CB	SKCM	Monocyte	0.0637	0
TCGA-D3-A3CB	SKCM	Monocyte	0.0637	0
TCGA-ER-A19T	SKCM	Monocyte	0	0
TCGA-ER-A19T	SKCM	Monocyte	0	0
TCGA-EE-A3JD	SKCM	Monocyte	0.0409	0
TCGA-EE-A3JD	SKCM	Monocyte	0.0409	0
TCGA-FS-A1ZQ	SKCM	Monocyte	0.0449	0
TCGA-FS-A1ZQ	SKCM	Monocyte	0.0449	0
TCGA-ER-A3ES	SKCM	Monocyte	0	0
TCGA-ER-A3ES	SKCM	Monocyte	0	0
TCGA-ER-A2NC	SKCM	Monocyte	0.032	0.1819
TCGA-ER-A2NC	SKCM	Monocyte	0.032	0.1819
TCGA-W3-A828	SKCM	Monocyte	0.0066	0
TCGA-W3-A828	SKCM	Monocyte	0.0066	0
TCGA-EE-A20C	SKCM	Monocyte	0.0685	0.0314
TCGA-EE-A20C	SKCM	Monocyte	0.0685	0.0314
TCGA-EE-A2MH	SKCM	Monocyte	0.0631	0
TCGA-EE-A2MH	SKCM	Monocyte	0.0631	0
TCGA-EE-A2GN	SKCM	Monocyte	0.1873	0
TCGA-EE-A2GN	SKCM	Monocyte	0.1873	0
TCGA-D3-A8GI	SKCM	Monocyte	0.0143	0
TCGA-D3-A8GI	SKCM	Monocyte	0.0143	0
TCGA-D3-A5GS	SKCM	Monocyte	0.1348	0
TCGA-D3-A5GS	SKCM	Monocyte	0.1348	0
TCGA-EE-A2MI	SKCM	Monocyte	0.2721	0.0337
TCGA-EE-A2MI	SKCM	Monocyte	0.2721	0.0337
TCGA-D3-A3C6	SKCM	Monocyte	0.1257	0
TCGA-D3-A3C6	SKCM	Monocyte	0.1257	0
TCGA-EE-A2MQ	SKCM	Monocyte	0.0914	0
TCGA-EE-A2MQ	SKCM	Monocyte	0.0914	0
TCGA-FS-A1ZD	SKCM	Monocyte	0.5347	0
TCGA-FS-A1ZD	SKCM	Monocyte	0.5347	0
TCGA-GN-A4U5	SKCM	Monocyte	0.0914	0
TCGA-GN-A4U5	SKCM	Monocyte	0.0914	0
TCGA-FS-A1YY	SKCM	Monocyte	0.0278	0
TCGA-FS-A1YY	SKCM	Monocyte	0.0278	0
TCGA-D3-A3BZ	SKCM	Monocyte	0.0261	0
TCGA-D3-A3BZ	SKCM	Monocyte	0.0261	0
TCGA-D9-A3Z4	SKCM	Monocyte	0.1201	0
TCGA-D9-A3Z4	SKCM	Monocyte	0.1201	0
TCGA-EE-A3AC	SKCM	Monocyte	0.0747	0.0104
TCGA-EE-A3AC	SKCM	Monocyte	0.0747	0.0104
TCGA-D3-A2JF	SKCM	Monocyte	0.0929	0
TCGA-D3-A2JF	SKCM	Monocyte	0.0929	0
TCGA-D3-A1QB	SKCM	Monocyte	0.0314	0
TCGA-D3-A1QB	SKCM	Monocyte	0.0314	0
TCGA-GN-A268	SKCM	Monocyte	0.0717	0.0387
TCGA-GN-A268	SKCM	Monocyte	0.0717	0.0387
TCGA-D3-A5GR	SKCM	Monocyte	0.0936	0
TCGA-D3-A5GR	SKCM	Monocyte	0.0936	0
TCGA-EB-A550	SKCM	Monocyte	0.0759	0
TCGA-EB-A550	SKCM	Monocyte	0.0759	0
TCGA-D9-A6EG	SKCM	Monocyte	0	0
TCGA-D9-A6EG	SKCM	Monocyte	0	0
TCGA-EB-A44O	SKCM	Monocyte	0.0575	0
TCGA-EB-A44O	SKCM	Monocyte	0.0575	0
TCGA-RP-A690	SKCM	Monocyte	0	0.012
TCGA-RP-A690	SKCM	Monocyte	0	0.012
TCGA-EE-A29H	SKCM	Monocyte	0	0
TCGA-EE-A29H	SKCM	Monocyte	0	0
TCGA-EE-A2MM	SKCM	Monocyte	0.1974	0.01
TCGA-EE-A2MM	SKCM	Monocyte	0.1974	0.01
TCGA-EB-A44Q	SKCM	Monocyte	0.0051	0
TCGA-EB-A44Q	SKCM	Monocyte	0.0051	0
TCGA-EB-A3XE	SKCM	Monocyte	0.0626	0
TCGA-EB-A3XE	SKCM	Monocyte	0.0626	0
TCGA-FR-A69P	SKCM	Monocyte	0.1282	0.0341
TCGA-FR-A69P	SKCM	Monocyte	0.1282	0.0341
TCGA-EE-A2A6	SKCM	Monocyte	0.1307	0
TCGA-EE-A2A6	SKCM	Monocyte	0.1307	0
TCGA-ER-A19J	SKCM	Monocyte	0.0916	0
TCGA-ER-A19J	SKCM	Monocyte	0.0916	0
TCGA-RP-A694	SKCM	Monocyte	0	0
TCGA-RP-A694	SKCM	Monocyte	0	0
TCGA-YD-A9TA	SKCM	Monocyte	0	0
TCGA-YD-A9TA	SKCM	Monocyte	0	0
TCGA-WE-AAA3	SKCM	Monocyte	0	0
TCGA-WE-AAA3	SKCM	Monocyte	0	0
TCGA-EB-A3Y7	SKCM	Monocyte	0.0364	0
TCGA-EB-A3Y7	SKCM	Monocyte	0.0364	0
TCGA-D9-A6EA	SKCM	Monocyte	0.087	0.0258
TCGA-D9-A6EA	SKCM	Monocyte	0.087	0.0258
TCGA-D3-A8GO	SKCM	Monocyte	0.0893	0
TCGA-D3-A8GO	SKCM	Monocyte	0.0893	0
TCGA-EB-A430	SKCM	Monocyte	0.06	0
TCGA-EB-A430	SKCM	Monocyte	0.06	0
TCGA-EE-A29W	SKCM	Monocyte	0.1508	0.025
TCGA-EE-A29W	SKCM	Monocyte	0.1508	0.025
TCGA-DA-A95X	SKCM	Monocyte	0.0696	0.0462
TCGA-DA-A95X	SKCM	Monocyte	0.0696	0.0462
TCGA-EE-A2MD	SKCM	Monocyte	0	0
TCGA-EE-A2MD	SKCM	Monocyte	0	0
TCGA-ER-A2NF	SKCM	Monocyte	0.0018	0
TCGA-ER-A2NF	SKCM	Monocyte	0.0018	0
TCGA-GN-A4U8	SKCM	Monocyte	0.0542	0
TCGA-GN-A4U8	SKCM	Monocyte	0.0542	0
TCGA-EB-A41B	SKCM	Monocyte	0.0272	0
TCGA-EB-A41B	SKCM	Monocyte	0.0272	0
TCGA-ER-A19C	SKCM	Monocyte	0.0338	0
TCGA-ER-A19C	SKCM	Monocyte	0.0338	0
TCGA-EB-A5UN	SKCM	Monocyte	0.0592	0
TCGA-EB-A5UN	SKCM	Monocyte	0.0592	0
TCGA-EE-A3J5	SKCM	Monocyte	0.0365	0
TCGA-EE-A3J5	SKCM	Monocyte	0.0365	0
TCGA-EE-A2ME	SKCM	Monocyte	0.0492	0
TCGA-EE-A2ME	SKCM	Monocyte	0.0492	0
TCGA-QB-A6FS	SKCM	Monocyte	0.0417	0
TCGA-QB-A6FS	SKCM	Monocyte	0.0417	0
TCGA-EE-A29R	SKCM	Monocyte	0.1108	0
TCGA-EE-A29R	SKCM	Monocyte	0.1108	0
TCGA-FR-A8YC	SKCM	Monocyte	0.0663	0
TCGA-FR-A8YC	SKCM	Monocyte	0.0663	0
TCGA-DA-A95V	SKCM	Monocyte	0.0158	0
TCGA-DA-A95V	SKCM	Monocyte	0.0158	0
TCGA-BF-A3DN	SKCM	Monocyte	0.1912	0.0153
TCGA-BF-A3DN	SKCM	Monocyte	0.1912	0.0153
TCGA-EB-A24D	SKCM	Monocyte	0.0546	0
TCGA-EB-A24D	SKCM	Monocyte	0.0546	0
TCGA-D3-A2JK	SKCM	Monocyte	0.0578	0
TCGA-D3-A2JK	SKCM	Monocyte	0.0578	0
TCGA-EE-A17Z	SKCM	Monocyte	0.0614	0.0768
TCGA-EE-A17Z	SKCM	Monocyte	0.0614	0.0768
TCGA-DA-A3F5	SKCM	Monocyte	0	0
TCGA-DA-A3F5	SKCM	Monocyte	0	0
TCGA-D3-A2JC	SKCM	Monocyte	0.0796	0.0109
TCGA-D3-A2JC	SKCM	Monocyte	0.0796	0.0109
TCGA-W3-AA1O	SKCM	Monocyte	0.0851	0
TCGA-W3-AA1O	SKCM	Monocyte	0.0851	0
TCGA-D3-A8GE	SKCM	Monocyte	0.1895	0
TCGA-D3-A8GE	SKCM	Monocyte	0.1895	0
TCGA-D3-A2JB	SKCM	Monocyte	0.0297	0
TCGA-D3-A2JB	SKCM	Monocyte	0.0297	0
TCGA-EE-A181	SKCM	Monocyte	0.0566	0
TCGA-EE-A181	SKCM	Monocyte	0.0566	0
TCGA-EB-A4P0	SKCM	Monocyte	0.0636	0.0053
TCGA-EB-A4P0	SKCM	Monocyte	0.0636	0.0053
TCGA-D3-A1Q7	SKCM	Monocyte	0.0957	0
TCGA-D3-A1Q7	SKCM	Monocyte	0.0957	0
TCGA-DA-A1I7	SKCM	Monocyte	0	0
TCGA-DA-A1I7	SKCM	Monocyte	0	0
TCGA-BF-AAOU	SKCM	Monocyte	0.1329	0
TCGA-BF-AAOU	SKCM	Monocyte	0.1329	0
TCGA-FS-A1ZF	SKCM	Monocyte	0.113	0
TCGA-FS-A1ZF	SKCM	Monocyte	0.113	0
TCGA-ER-A19H	SKCM	Monocyte	0.1144	0
TCGA-ER-A19H	SKCM	Monocyte	0.1144	0
TCGA-ER-A199	SKCM	Monocyte	0.1118	0
TCGA-ER-A199	SKCM	Monocyte	0.1118	0
TCGA-DA-A1I5	SKCM	Monocyte	0.0445	0
TCGA-DA-A1I5	SKCM	Monocyte	0.0445	0
TCGA-ER-A3EV	SKCM	Monocyte	0.0506	0
TCGA-ER-A3EV	SKCM	Monocyte	0.0506	0
TCGA-GN-A262	SKCM	Monocyte	0.0972	0
TCGA-GN-A262	SKCM	Monocyte	0.0972	0
TCGA-FR-A7UA	SKCM	Monocyte	0.0566	0
TCGA-FR-A7UA	SKCM	Monocyte	0.0566	0
TCGA-EE-A2GB	SKCM	Monocyte	0.158	0
TCGA-EE-A2GB	SKCM	Monocyte	0.158	0
TCGA-FW-A3R5	SKCM	Monocyte	0.0566	0
TCGA-FW-A3R5	SKCM	Monocyte	0.0566	0
TCGA-D3-A51K	SKCM	Monocyte	0.0136	0.0011
TCGA-D3-A51K	SKCM	Monocyte	0.0136	0.0011
TCGA-EE-A2MG	SKCM	Monocyte	0.0199	0
TCGA-EE-A2MG	SKCM	Monocyte	0.0199	0
TCGA-EE-A17Y	SKCM	Monocyte	0.1445	0
TCGA-EE-A17Y	SKCM	Monocyte	0.1445	0
TCGA-D3-A1Q4	SKCM	Monocyte	0.1924	0
TCGA-D3-A1Q4	SKCM	Monocyte	0.1924	0
TCGA-WE-A8K4	SKCM	Monocyte	0.0831	0
TCGA-WE-A8K4	SKCM	Monocyte	0.0831	0
TCGA-ER-A19W	SKCM	Monocyte	0.0948	0
TCGA-ER-A19W	SKCM	Monocyte	0.0948	0
TCGA-D3-A2JP	SKCM	Monocyte	0.05	0
TCGA-D3-A2JP	SKCM	Monocyte	0.05	0
TCGA-D3-A2J9	SKCM	Monocyte	0.0401	0
TCGA-D3-A2J9	SKCM	Monocyte	0.0401	0
TCGA-BF-A3DL	SKCM	Monocyte	0.0513	0
TCGA-BF-A3DL	SKCM	Monocyte	0.0513	0
TCGA-ER-A198	SKCM	Monocyte	0.0189	0.0069
TCGA-ER-A198	SKCM	Monocyte	0.0189	0.0069
TCGA-ER-A42H	SKCM	Monocyte	0.0887	0.0183
TCGA-ER-A42H	SKCM	Monocyte	0.0887	0.0183
TCGA-FR-A728	SKCM	Monocyte	0.0543	0
TCGA-FR-A728	SKCM	Monocyte	0.0543	0
TCGA-GN-A9SD	SKCM	Monocyte	0.0753	0
TCGA-GN-A9SD	SKCM	Monocyte	0.0753	0
TCGA-GF-A4EO	SKCM	Monocyte	0.0424	0
TCGA-GF-A4EO	SKCM	Monocyte	0.0424	0
TCGA-W3-A824	SKCM	Monocyte	0.0717	0
TCGA-W3-A824	SKCM	Monocyte	0.0717	0
TCGA-EB-A85J	SKCM	Monocyte	0.0684	0
TCGA-EB-A85J	SKCM	Monocyte	0.0684	0
TCGA-EB-A41A	SKCM	Monocyte	0.0372	0.002
TCGA-EB-A41A	SKCM	Monocyte	0.0372	0.002
TCGA-EB-A42Z	SKCM	Monocyte	0.1711	0
TCGA-EB-A42Z	SKCM	Monocyte	0.1711	0
TCGA-BF-A5ES	SKCM	Monocyte	0.0175	0
TCGA-BF-A5ES	SKCM	Monocyte	0.0175	0
TCGA-EE-A29D	SKCM	Monocyte	0.0827	0
TCGA-EE-A29D	SKCM	Monocyte	0.0827	0
TCGA-EB-A42Y	SKCM	Monocyte	0	0.0148
TCGA-EB-A42Y	SKCM	Monocyte	0	0.0148
TCGA-OD-A75X	SKCM	Monocyte	0.1912	0.025
TCGA-OD-A75X	SKCM	Monocyte	0.1912	0.025
TCGA-BF-A1PV	SKCM	Monocyte	0.0542	0.0283
TCGA-BF-A1PV	SKCM	Monocyte	0.0542	0.0283
TCGA-FR-A3YN	SKCM	Monocyte	0.0825	0
TCGA-FR-A3YN	SKCM	Monocyte	0.0825	0
TCGA-D9-A1X3	SKCM	Monocyte	0.194	0
TCGA-D9-A1X3	SKCM	Monocyte	0.194	0
TCGA-EE-A3AG	SKCM	Monocyte	0.1185	0
TCGA-EE-A3AG	SKCM	Monocyte	0.1185	0
TCGA-WE-A8ZX	SKCM	Monocyte	0.0933	0.0007
TCGA-WE-A8ZX	SKCM	Monocyte	0.0933	0.0007
TCGA-YG-AA3P	SKCM	Monocyte	0.0493	0.0078
TCGA-YG-AA3P	SKCM	Monocyte	0.0493	0.0078
TCGA-EE-A2GK	SKCM	Monocyte	0.0134	0
TCGA-EE-A2GK	SKCM	Monocyte	0.0134	0
TCGA-FR-A2OS	SKCM	Monocyte	0.0449	0
TCGA-FR-A2OS	SKCM	Monocyte	0.0449	0
TCGA-WE-A8ZN	SKCM	Monocyte	0	0
TCGA-WE-A8ZN	SKCM	Monocyte	0	0
TCGA-FS-A1Z7	SKCM	Monocyte	0.1322	0
TCGA-FS-A1Z7	SKCM	Monocyte	0.1322	0
TCGA-ER-A19S	SKCM	Monocyte	0.1171	0
TCGA-ER-A19S	SKCM	Monocyte	0.1171	0
TCGA-D9-A1JX	SKCM	Monocyte	0.1712	0
TCGA-D9-A1JX	SKCM	Monocyte	0.1712	0
TCGA-FS-A1ZG	SKCM	Monocyte	0	0.0359
TCGA-FS-A1ZG	SKCM	Monocyte	0	0.0359
TCGA-FR-A729	SKCM	Monocyte	0.0771	0
TCGA-FR-A729	SKCM	Monocyte	0.0771	0
TCGA-D3-A3MV	SKCM	Monocyte	0.1545	0.0172
TCGA-D3-A3MV	SKCM	Monocyte	0.1545	0.0172
TCGA-EB-A5UL	SKCM	Monocyte	0.0579	0
TCGA-EB-A5UL	SKCM	Monocyte	0.0579	0
TCGA-EE-A20B	SKCM	Monocyte	0.1812	0
TCGA-EE-A20B	SKCM	Monocyte	0.1812	0
TCGA-FS-A1ZZ	SKCM	Monocyte	0.1299	0
TCGA-FS-A1ZZ	SKCM	Monocyte	0.1299	0
TCGA-ER-A19B	SKCM	Monocyte	0.1966	0
TCGA-ER-A19B	SKCM	Monocyte	0.1966	0
TCGA-ER-A2NG	SKCM	Monocyte	0	0
TCGA-ER-A2NG	SKCM	Monocyte	0	0
TCGA-WE-A8ZM	SKCM	Monocyte	0.1413	0.0191
TCGA-WE-A8ZM	SKCM	Monocyte	0.1413	0.0191
TCGA-GF-A3OT	SKCM	Monocyte	0	0
TCGA-GF-A3OT	SKCM	Monocyte	0	0
TCGA-ER-A19K	SKCM	Monocyte	0.0065	0
TCGA-ER-A19K	SKCM	Monocyte	0.0065	0
TCGA-GN-A26C	SKCM	Monocyte	0.1805	0
TCGA-GN-A26C	SKCM	Monocyte	0.1805	0
TCGA-EB-A6L9	SKCM	Monocyte	0.0153	0
TCGA-EB-A6L9	SKCM	Monocyte	0.0153	0
TCGA-D3-A1QA	SKCM	Monocyte	0	0
TCGA-D3-A1QA	SKCM	Monocyte	0	0
TCGA-D3-A3C3	SKCM	Monocyte	0.0785	0
TCGA-D3-A3C3	SKCM	Monocyte	0.0785	0
TCGA-EE-A29C	SKCM	Monocyte	0.0001	0
TCGA-EE-A29C	SKCM	Monocyte	0.0001	0
TCGA-EE-A29P	SKCM	Monocyte	0.2152	0
TCGA-EE-A29P	SKCM	Monocyte	0.2152	0
TCGA-EB-A5SE	SKCM	Monocyte	0.1943	0.0182
TCGA-EB-A5SE	SKCM	Monocyte	0.1943	0.0182
TCGA-D9-A4Z2	SKCM	Monocyte	0.147	0.0063
TCGA-D9-A4Z2	SKCM	Monocyte	0.147	0.0063
TCGA-D3-A8GR	SKCM	Monocyte	0.0179	0.0353
TCGA-D3-A8GR	SKCM	Monocyte	0.0179	0.0353
TCGA-ER-A19P	SKCM	Monocyte	0.0809	0
TCGA-ER-A19P	SKCM	Monocyte	0.0809	0
TCGA-D9-A148	SKCM	Monocyte	0	0
TCGA-D9-A148	SKCM	Monocyte	0	0
TCGA-D3-A3ML	SKCM	Natural killer cells	0.0143	
TCGA-D3-A3ML	SKCM	Natural killer cells	0.0143	
TCGA-EE-A3AF	SKCM	Natural killer cells	0.0028	
TCGA-EE-A3AF	SKCM	Natural killer cells	0.0028	
TCGA-DA-A1I2	SKCM	Natural killer cells	0.0389	
TCGA-DA-A1I2	SKCM	Natural killer cells	0.0389	
TCGA-EE-A29V	SKCM	Natural killer cells	0.011	
TCGA-EE-A29V	SKCM	Natural killer cells	0.011	
TCGA-EE-A2ML	SKCM	Natural killer cells	0.0206	
TCGA-EE-A2ML	SKCM	Natural killer cells	0.0206	
TCGA-ER-A42L	SKCM	Natural killer cells	0.0136	
TCGA-ER-A42L	SKCM	Natural killer cells	0.0136	
TCGA-HR-A2OG	SKCM	Natural killer cells	0.0157	
TCGA-HR-A2OG	SKCM	Natural killer cells	0.0157	
TCGA-XV-AB01	SKCM	Natural killer cells	0.013	
TCGA-XV-AB01	SKCM	Natural killer cells	0.013	
TCGA-FW-A3TV	SKCM	Natural killer cells	0.0115	
TCGA-FW-A3TV	SKCM	Natural killer cells	0.0115	
TCGA-D3-A2JO	SKCM	Natural killer cells	0	
TCGA-D3-A2JO	SKCM	Natural killer cells	0	
TCGA-EB-A57M	SKCM	Natural killer cells	0.0166	
TCGA-EB-A57M	SKCM	Natural killer cells	0.0166	
TCGA-EE-A2GP	SKCM	Natural killer cells	0.0248	
TCGA-EE-A2GP	SKCM	Natural killer cells	0.0248	
TCGA-EE-A2MN	SKCM	Natural killer cells	0.0127	
TCGA-EE-A2MN	SKCM	Natural killer cells	0.0127	
TCGA-EB-A5VV	SKCM	Natural killer cells	0.006	
TCGA-EB-A5VV	SKCM	Natural killer cells	0.006	
TCGA-GN-A4U7	SKCM	Natural killer cells	0.0027	
TCGA-GN-A4U7	SKCM	Natural killer cells	0.0027	
TCGA-GN-A263	SKCM	Natural killer cells	0	
TCGA-GN-A263	SKCM	Natural killer cells	0	
TCGA-EE-A2GC	SKCM	Natural killer cells	0.03	
TCGA-EE-A2GC	SKCM	Natural killer cells	0.03	
TCGA-D9-A149	SKCM	Natural killer cells	0.0049	
TCGA-D9-A149	SKCM	Natural killer cells	0.0049	
TCGA-ER-A19F	SKCM	Natural killer cells	0.0156	
TCGA-ER-A19F	SKCM	Natural killer cells	0.0156	
TCGA-FS-A4F9	SKCM	Natural killer cells	0.0121	
TCGA-FS-A4F9	SKCM	Natural killer cells	0.0121	
TCGA-EE-A3J8	SKCM	Natural killer cells	0.0139	
TCGA-EE-A3J8	SKCM	Natural killer cells	0.0139	
TCGA-EE-A2MU	SKCM	Natural killer cells	0.0074	
TCGA-EE-A2MU	SKCM	Natural killer cells	0.0074	
TCGA-EE-A2MF	SKCM	Natural killer cells	0.0425	
TCGA-EE-A2MF	SKCM	Natural killer cells	0.0425	
TCGA-D3-A3MR	SKCM	Natural killer cells	0.0184	
TCGA-D3-A3MR	SKCM	Natural killer cells	0.0184	
TCGA-EB-A5KH	SKCM	Natural killer cells	0.0147	
TCGA-EB-A5KH	SKCM	Natural killer cells	0.0147	
TCGA-EE-A3AD	SKCM	Natural killer cells	0.0135	
TCGA-EE-A3AD	SKCM	Natural killer cells	0.0135	
TCGA-WE-A8K5	SKCM	Natural killer cells	0.0203	
TCGA-WE-A8K5	SKCM	Natural killer cells	0.0203	
TCGA-EE-A3AB	SKCM	Natural killer cells	0.0296	
TCGA-EE-A3AB	SKCM	Natural killer cells	0.0296	
TCGA-ER-A2NE	SKCM	Natural killer cells	0.0091	
TCGA-ER-A2NE	SKCM	Natural killer cells	0.0091	
TCGA-GF-A6C8	SKCM	Natural killer cells	0.0438	
TCGA-GF-A6C8	SKCM	Natural killer cells	0.0438	
TCGA-WE-AA9Y	SKCM	Natural killer cells	0.031	
TCGA-WE-AA9Y	SKCM	Natural killer cells	0.031	
TCGA-ER-A1A1	SKCM	Natural killer cells	0	
TCGA-ER-A1A1	SKCM	Natural killer cells	0	
TCGA-D3-A3CF	SKCM	Natural killer cells	0.0093	
TCGA-D3-A3CF	SKCM	Natural killer cells	0.0093	
TCGA-FS-A1ZK	SKCM	Natural killer cells	0.0067	
TCGA-FS-A1ZK	SKCM	Natural killer cells	0.0067	
TCGA-BF-A9VF	SKCM	Natural killer cells	0.0066	
TCGA-BF-A9VF	SKCM	Natural killer cells	0.0066	
TCGA-D3-A8GL	SKCM	Natural killer cells	0.0042	
TCGA-D3-A8GL	SKCM	Natural killer cells	0.0042	
TCGA-D3-A3C8	SKCM	Natural killer cells	0	
TCGA-D3-A3C8	SKCM	Natural killer cells	0	
TCGA-FS-A1ZA	SKCM	Natural killer cells	0.0286	
TCGA-FS-A1ZA	SKCM	Natural killer cells	0.0286	
TCGA-EB-A4IS	SKCM	Natural killer cells	0.024	
TCGA-EB-A4IS	SKCM	Natural killer cells	0.024	
TCGA-FR-A44A	SKCM	Natural killer cells	0.0061	
TCGA-FR-A44A	SKCM	Natural killer cells	0.0061	
TCGA-D3-A2J7	SKCM	Natural killer cells	0.0246	
TCGA-D3-A2J7	SKCM	Natural killer cells	0.0246	
TCGA-BF-A1PX	SKCM	Natural killer cells	0.0074	
TCGA-BF-A1PX	SKCM	Natural killer cells	0.0074	
TCGA-YG-AA3O	SKCM	Natural killer cells	0.0059	
TCGA-YG-AA3O	SKCM	Natural killer cells	0.0059	
TCGA-EE-A29M	SKCM	Natural killer cells	0.0043	
TCGA-EE-A29M	SKCM	Natural killer cells	0.0043	
TCGA-ER-A2ND	SKCM	Natural killer cells	0.0077	
TCGA-ER-A2ND	SKCM	Natural killer cells	0.0077	
TCGA-YG-AA3N	SKCM	Natural killer cells	0	
TCGA-YG-AA3N	SKCM	Natural killer cells	0	
TCGA-BF-A3DM	SKCM	Natural killer cells	0.0456	
TCGA-BF-A3DM	SKCM	Natural killer cells	0.0456	
TCGA-D9-A4Z3	SKCM	Natural killer cells	0.0166	
TCGA-D9-A4Z3	SKCM	Natural killer cells	0.0166	
TCGA-D3-A1Q6	SKCM	Natural killer cells	0.0307	
TCGA-D3-A1Q6	SKCM	Natural killer cells	0.0307	
TCGA-D3-A8GC	SKCM	Natural killer cells	0.0127	
TCGA-D3-A8GC	SKCM	Natural killer cells	0.0127	
TCGA-D3-A51R	SKCM	Natural killer cells	0.0234	
TCGA-D3-A51R	SKCM	Natural killer cells	0.0234	
TCGA-FR-A7U9	SKCM	Natural killer cells	0.0078	
TCGA-FR-A7U9	SKCM	Natural killer cells	0.0078	
TCGA-D3-A2JN	SKCM	Natural killer cells	0.0131	
TCGA-D3-A2JN	SKCM	Natural killer cells	0.0131	
TCGA-DA-A1HV	SKCM	Natural killer cells	0.0111	
TCGA-DA-A1HV	SKCM	Natural killer cells	0.0111	
TCGA-D3-A51F	SKCM	Natural killer cells	0	
TCGA-D3-A51F	SKCM	Natural killer cells	0	
TCGA-EB-A4OZ	SKCM	Natural killer cells	0.0169	
TCGA-EB-A4OZ	SKCM	Natural killer cells	0.0169	
TCGA-FR-A7U8	SKCM	Natural killer cells	0.0425	
TCGA-FR-A7U8	SKCM	Natural killer cells	0.0425	
TCGA-D3-A1Q5	SKCM	Natural killer cells	0.0494	
TCGA-D3-A1Q5	SKCM	Natural killer cells	0.0494	
TCGA-EE-A2GU	SKCM	Natural killer cells	0.0096	
TCGA-EE-A2GU	SKCM	Natural killer cells	0.0096	
TCGA-D9-A6E9	SKCM	Natural killer cells	0	
TCGA-D9-A6E9	SKCM	Natural killer cells	0	
TCGA-EE-A29X	SKCM	Natural killer cells	0.0145	
TCGA-EE-A29X	SKCM	Natural killer cells	0.0145	
TCGA-EE-A20H	SKCM	Natural killer cells	0.0298	
TCGA-EE-A20H	SKCM	Natural killer cells	0.0298	
TCGA-EB-A1NK	SKCM	Natural killer cells	0.008	
TCGA-EB-A1NK	SKCM	Natural killer cells	0.008	
TCGA-GF-A2C7	SKCM	Natural killer cells	0.0458	
TCGA-GF-A2C7	SKCM	Natural killer cells	0.0458	
TCGA-FR-A8YD	SKCM	Natural killer cells	0.0192	
TCGA-FR-A8YD	SKCM	Natural killer cells	0.0192	
TCGA-D3-A2JL	SKCM	Natural killer cells	0.0032	
TCGA-D3-A2JL	SKCM	Natural killer cells	0.0032	
TCGA-D3-A1Q3	SKCM	Natural killer cells	0.0204	
TCGA-D3-A1Q3	SKCM	Natural killer cells	0.0204	
TCGA-EE-A3JI	SKCM	Natural killer cells	0.0317	
TCGA-EE-A3JI	SKCM	Natural killer cells	0.0317	
TCGA-FS-A1Z3	SKCM	Natural killer cells	0.0262	
TCGA-FS-A1Z3	SKCM	Natural killer cells	0.0262	
TCGA-ER-A194	SKCM	Natural killer cells	0.0067	
TCGA-ER-A194	SKCM	Natural killer cells	0.0067	
TCGA-QB-AA9O	SKCM	Natural killer cells	0.0085	
TCGA-QB-AA9O	SKCM	Natural killer cells	0.0085	
TCGA-FS-A1ZE	SKCM	Natural killer cells	0.0239	
TCGA-FS-A1ZE	SKCM	Natural killer cells	0.0239	
TCGA-HR-A5NC	SKCM	Natural killer cells	0.0486	
TCGA-HR-A5NC	SKCM	Natural killer cells	0.0486	
TCGA-D3-A3CC	SKCM	Natural killer cells	0.0139	
TCGA-D3-A3CC	SKCM	Natural killer cells	0.0139	
TCGA-D3-A51J	SKCM	Natural killer cells	0.0198	
TCGA-D3-A51J	SKCM	Natural killer cells	0.0198	
TCGA-BF-AAOX	SKCM	Natural killer cells	0.0117	
TCGA-BF-AAOX	SKCM	Natural killer cells	0.0117	
TCGA-EB-A5FP	SKCM	Natural killer cells	0.0069	
TCGA-EB-A5FP	SKCM	Natural killer cells	0.0069	
TCGA-EE-A3JH	SKCM	Natural killer cells	0.001	
TCGA-EE-A3JH	SKCM	Natural killer cells	0.001	
TCGA-DA-A1IA	SKCM	Natural killer cells	0.0098	
TCGA-DA-A1IA	SKCM	Natural killer cells	0.0098	
TCGA-D3-A2JE	SKCM	Natural killer cells	0.0387	
TCGA-D3-A2JE	SKCM	Natural killer cells	0.0387	
TCGA-FS-A1ZJ	SKCM	Natural killer cells	0.019	
TCGA-FS-A1ZJ	SKCM	Natural killer cells	0.019	
TCGA-EB-A24C	SKCM	Natural killer cells	0.0239	
TCGA-EB-A24C	SKCM	Natural killer cells	0.0239	
TCGA-FS-A4F8	SKCM	Natural killer cells	0.0075	
TCGA-FS-A4F8	SKCM	Natural killer cells	0.0075	
TCGA-W3-A825	SKCM	Natural killer cells	0.0223	
TCGA-W3-A825	SKCM	Natural killer cells	0.0223	
TCGA-D3-A3C1	SKCM	Natural killer cells	0.0304	
TCGA-D3-A3C1	SKCM	Natural killer cells	0.0304	
TCGA-FS-A1ZS	SKCM	Natural killer cells	0.0368	
TCGA-FS-A1ZS	SKCM	Natural killer cells	0.0368	
TCGA-D3-A8GQ	SKCM	Natural killer cells	0.0325	
TCGA-D3-A8GQ	SKCM	Natural killer cells	0.0325	
TCGA-EB-A5SF	SKCM	Natural killer cells	0.0036	
TCGA-EB-A5SF	SKCM	Natural killer cells	0.0036	
TCGA-D3-A2JA	SKCM	Natural killer cells	0.0844	
TCGA-D3-A2JA	SKCM	Natural killer cells	0.0844	
TCGA-ER-A19D	SKCM	Natural killer cells	0.0492	
TCGA-ER-A19D	SKCM	Natural killer cells	0.0492	
TCGA-GN-A266	SKCM	Natural killer cells	0.0576	
TCGA-GN-A266	SKCM	Natural killer cells	0.0576	
TCGA-DA-A3F3	SKCM	Natural killer cells	0.0188	
TCGA-DA-A3F3	SKCM	Natural killer cells	0.0188	
TCGA-W3-AA1W	SKCM	Natural killer cells	0	
TCGA-W3-AA1W	SKCM	Natural killer cells	0	
TCGA-EE-A2MC	SKCM	Natural killer cells	0.0188	
TCGA-EE-A2MC	SKCM	Natural killer cells	0.0188	
TCGA-RP-A695	SKCM	Natural killer cells	0.0065	
TCGA-RP-A695	SKCM	Natural killer cells	0.0065	
TCGA-ER-A19Q	SKCM	Natural killer cells	0.003	
TCGA-ER-A19Q	SKCM	Natural killer cells	0.003	
TCGA-D3-A2JH	SKCM	Natural killer cells	0	
TCGA-D3-A2JH	SKCM	Natural killer cells	0	
TCGA-D3-A8GV	SKCM	Natural killer cells	0.0142	
TCGA-D3-A8GV	SKCM	Natural killer cells	0.0142	
TCGA-EE-A184	SKCM	Natural killer cells	0.0114	
TCGA-EE-A184	SKCM	Natural killer cells	0.0114	
TCGA-RP-A693	SKCM	Natural killer cells	0.0741	
TCGA-RP-A693	SKCM	Natural killer cells	0.0741	
TCGA-D3-A3C7	SKCM	Natural killer cells	0.0168	
TCGA-D3-A3C7	SKCM	Natural killer cells	0.0168	
TCGA-EE-A2GM	SKCM	Natural killer cells	0.0351	
TCGA-EE-A2GM	SKCM	Natural killer cells	0.0351	
TCGA-BF-A1PU	SKCM	Natural killer cells	0.0333	
TCGA-BF-A1PU	SKCM	Natural killer cells	0.0333	
TCGA-EE-A3J7	SKCM	Natural killer cells	0.0313	
TCGA-EE-A3J7	SKCM	Natural killer cells	0.0313	
TCGA-BF-AAP7	SKCM	Natural killer cells	0.017	
TCGA-BF-AAP7	SKCM	Natural killer cells	0.017	
TCGA-ER-A197	SKCM	Natural killer cells	0.0011	
TCGA-ER-A197	SKCM	Natural killer cells	0.0011	
TCGA-ER-A19E	SKCM	Natural killer cells	0.0501	
TCGA-ER-A19E	SKCM	Natural killer cells	0.0501	
TCGA-EE-A3J4	SKCM	Natural killer cells	0.0344	
TCGA-EE-A3J4	SKCM	Natural killer cells	0.0344	
TCGA-DA-A95Y	SKCM	Natural killer cells	0.0059	
TCGA-DA-A95Y	SKCM	Natural killer cells	0.0059	
TCGA-DA-A1HY	SKCM	Natural killer cells	0.0235	
TCGA-DA-A1HY	SKCM	Natural killer cells	0.0235	
TCGA-EE-A3JA	SKCM	Natural killer cells	0.0149	
TCGA-EE-A3JA	SKCM	Natural killer cells	0.0149	
TCGA-ER-A19A	SKCM	Natural killer cells	0.0171	
TCGA-ER-A19A	SKCM	Natural killer cells	0.0171	
TCGA-D3-A8GB	SKCM	Natural killer cells	0.0112	
TCGA-D3-A8GB	SKCM	Natural killer cells	0.0112	
TCGA-D3-A8GJ	SKCM	Natural killer cells	0.0157	
TCGA-D3-A8GJ	SKCM	Natural killer cells	0.0157	
TCGA-FW-A3I3	SKCM	Natural killer cells	0.0221	
TCGA-FW-A3I3	SKCM	Natural killer cells	0.0221	
TCGA-EE-A2MR	SKCM	Natural killer cells	0.0298	
TCGA-EE-A2MR	SKCM	Natural killer cells	0.0298	
TCGA-D3-A8GM	SKCM	Natural killer cells	0.0074	
TCGA-D3-A8GM	SKCM	Natural killer cells	0.0074	
TCGA-D3-A51G	SKCM	Natural killer cells	0.0521	
TCGA-D3-A51G	SKCM	Natural killer cells	0.0521	
TCGA-EB-A5SG	SKCM	Natural killer cells	0	
TCGA-EB-A5SG	SKCM	Natural killer cells	0	
TCGA-FS-A1YX	SKCM	Natural killer cells	0.0337	
TCGA-FS-A1YX	SKCM	Natural killer cells	0.0337	
TCGA-BF-A1PZ	SKCM	Natural killer cells	0.0141	
TCGA-BF-A1PZ	SKCM	Natural killer cells	0.0141	
TCGA-GF-A6C9	SKCM	Natural killer cells	0.0162	
TCGA-GF-A6C9	SKCM	Natural killer cells	0.0162	
TCGA-D3-A2JG	SKCM	Natural killer cells	0.0102	
TCGA-D3-A2JG	SKCM	Natural killer cells	0.0102	
TCGA-EE-A2MK	SKCM	Natural killer cells	0.0243	
TCGA-EE-A2MK	SKCM	Natural killer cells	0.0243	
TCGA-EE-A2GE	SKCM	Natural killer cells	0.01	
TCGA-EE-A2GE	SKCM	Natural killer cells	0.01	
TCGA-EE-A29A	SKCM	Natural killer cells	0.0442	
TCGA-EE-A29A	SKCM	Natural killer cells	0.0442	
TCGA-FS-A1ZW	SKCM	Natural killer cells	0.0207	
TCGA-FS-A1ZW	SKCM	Natural killer cells	0.0207	
TCGA-FR-A726	SKCM	Natural killer cells	0.0123	
TCGA-FR-A726	SKCM	Natural killer cells	0.0123	
TCGA-XV-A9VZ	SKCM	Natural killer cells	0.0115	
TCGA-XV-A9VZ	SKCM	Natural killer cells	0.0115	
TCGA-EE-A2MS	SKCM	Natural killer cells	0.0388	
TCGA-EE-A2MS	SKCM	Natural killer cells	0.0388	
TCGA-W3-AA21	SKCM	Natural killer cells	0.0101	
TCGA-W3-AA21	SKCM	Natural killer cells	0.0101	
TCGA-ER-A3ET	SKCM	Natural killer cells	0.0157	
TCGA-ER-A3ET	SKCM	Natural killer cells	0.0157	
TCGA-FS-A1ZP	SKCM	Natural killer cells	0.0351	
TCGA-FS-A1ZP	SKCM	Natural killer cells	0.0351	
TCGA-FS-A4F2	SKCM	Natural killer cells	0.0167	
TCGA-FS-A4F2	SKCM	Natural killer cells	0.0167	
TCGA-EB-A4IQ	SKCM	Natural killer cells	0.0101	
TCGA-EB-A4IQ	SKCM	Natural killer cells	0.0101	
TCGA-FS-A4F0	SKCM	Natural killer cells	0.0404	
TCGA-FS-A4F0	SKCM	Natural killer cells	0.0404	
TCGA-D9-A3Z1	SKCM	Natural killer cells	0.0011	
TCGA-D9-A3Z1	SKCM	Natural killer cells	0.0011	
TCGA-EB-A85I	SKCM	Natural killer cells	0.0108	
TCGA-EB-A85I	SKCM	Natural killer cells	0.0108	
TCGA-D3-A51H	SKCM	Natural killer cells	0.0057	
TCGA-D3-A51H	SKCM	Natural killer cells	0.0057	
TCGA-FW-A3TU	SKCM	Natural killer cells	0.0106	
TCGA-FW-A3TU	SKCM	Natural killer cells	0.0106	
TCGA-ER-A195	SKCM	Natural killer cells	0.0609	
TCGA-ER-A195	SKCM	Natural killer cells	0.0609	
TCGA-EB-A97M	SKCM	Natural killer cells	0.0137	
TCGA-EB-A97M	SKCM	Natural killer cells	0.0137	
TCGA-EB-A3XC	SKCM	Natural killer cells	0.0074	
TCGA-EB-A3XC	SKCM	Natural killer cells	0.0074	
TCGA-RP-A6K9	SKCM	Natural killer cells	0.0024	
TCGA-RP-A6K9	SKCM	Natural killer cells	0.0024	
TCGA-EB-A82C	SKCM	Natural killer cells	0.0217	
TCGA-EB-A82C	SKCM	Natural killer cells	0.0217	
TCGA-DA-A95W	SKCM	Natural killer cells	0.0287	
TCGA-DA-A95W	SKCM	Natural killer cells	0.0287	
TCGA-BF-A5EQ	SKCM	Natural killer cells	0.0261	
TCGA-BF-A5EQ	SKCM	Natural killer cells	0.0261	
TCGA-W3-AA1R	SKCM	Natural killer cells	0.0017	
TCGA-W3-AA1R	SKCM	Natural killer cells	0.0017	
TCGA-EE-A2MP	SKCM	Natural killer cells	0.0208	
TCGA-EE-A2MP	SKCM	Natural killer cells	0.0208	
TCGA-3N-A9WC	SKCM	Natural killer cells	0.013	
TCGA-3N-A9WC	SKCM	Natural killer cells	0.013	
TCGA-EB-A51B	SKCM	Natural killer cells	0.0179	
TCGA-EB-A51B	SKCM	Natural killer cells	0.0179	
TCGA-EB-A3XF	SKCM	Natural killer cells	0.0376	
TCGA-EB-A3XF	SKCM	Natural killer cells	0.0376	
TCGA-3N-A9WB	SKCM	Natural killer cells	0.0086	
TCGA-3N-A9WB	SKCM	Natural killer cells	0.0086	
TCGA-WE-A8ZR	SKCM	Natural killer cells	0.0119	
TCGA-WE-A8ZR	SKCM	Natural killer cells	0.0119	
TCGA-D9-A3Z3	SKCM	Natural killer cells	0.0063	
TCGA-D9-A3Z3	SKCM	Natural killer cells	0.0063	
TCGA-FS-A1ZT	SKCM	Natural killer cells	0.0143	
TCGA-FS-A1ZT	SKCM	Natural killer cells	0.0143	
TCGA-FS-A1YW	SKCM	Natural killer cells	0.0148	
TCGA-FS-A1YW	SKCM	Natural killer cells	0.0148	
TCGA-EE-A2A2	SKCM	Natural killer cells	0.0031	
TCGA-EE-A2A2	SKCM	Natural killer cells	0.0031	
TCGA-D3-A8GS	SKCM	Natural killer cells	0.0177	
TCGA-D3-A8GS	SKCM	Natural killer cells	0.0177	
TCGA-EE-A2M6	SKCM	Natural killer cells	0.045	
TCGA-EE-A2M6	SKCM	Natural killer cells	0.045	
TCGA-Z2-A8RT	SKCM	Natural killer cells	0.0209	
TCGA-Z2-A8RT	SKCM	Natural killer cells	0.0209	
TCGA-WE-A8ZT	SKCM	Natural killer cells	0.0588	
TCGA-WE-A8ZT	SKCM	Natural killer cells	0.0588	
TCGA-Z2-AA3V	SKCM	Natural killer cells	0.0042	
TCGA-Z2-AA3V	SKCM	Natural killer cells	0.0042	
TCGA-GN-A26A	SKCM	Natural killer cells	0.0195	
TCGA-GN-A26A	SKCM	Natural killer cells	0.0195	
TCGA-EE-A183	SKCM	Natural killer cells	0.0057	
TCGA-EE-A183	SKCM	Natural killer cells	0.0057	
TCGA-EB-A6R0	SKCM	Natural killer cells	0.0184	
TCGA-EB-A6R0	SKCM	Natural killer cells	0.0184	
TCGA-EB-A44R	SKCM	Natural killer cells	0.0115	
TCGA-EB-A44R	SKCM	Natural killer cells	0.0115	
TCGA-EE-A2GD	SKCM	Natural killer cells	0.0332	
TCGA-EE-A2GD	SKCM	Natural killer cells	0.0332	
TCGA-EE-A29S	SKCM	Natural killer cells	0.0239	
TCGA-EE-A29S	SKCM	Natural killer cells	0.0239	
TCGA-EE-A2M8	SKCM	Natural killer cells	0	
TCGA-EE-A2M8	SKCM	Natural killer cells	0	
TCGA-BF-AAP0	SKCM	Natural killer cells	0.0089	
TCGA-BF-AAP0	SKCM	Natural killer cells	0.0089	
TCGA-WE-A8ZY	SKCM	Natural killer cells	0.0052	
TCGA-WE-A8ZY	SKCM	Natural killer cells	0.0052	
TCGA-ER-A19L	SKCM	Natural killer cells	0.0366	
TCGA-ER-A19L	SKCM	Natural killer cells	0.0366	
TCGA-EE-A17X	SKCM	Natural killer cells	0.0043	
TCGA-EE-A17X	SKCM	Natural killer cells	0.0043	
TCGA-GN-A265	SKCM	Natural killer cells	0.0148	
TCGA-GN-A265	SKCM	Natural killer cells	0.0148	
TCGA-BF-A3DJ	SKCM	Natural killer cells	0.0348	
TCGA-BF-A3DJ	SKCM	Natural killer cells	0.0348	
TCGA-D3-A5GT	SKCM	Natural killer cells	0.0161	
TCGA-D3-A5GT	SKCM	Natural killer cells	0.0161	
TCGA-FR-A3YO	SKCM	Natural killer cells	0.0075	
TCGA-FR-A3YO	SKCM	Natural killer cells	0.0075	
TCGA-BF-A1Q0	SKCM	Natural killer cells	0.0264	
TCGA-BF-A1Q0	SKCM	Natural killer cells	0.0264	
TCGA-GN-A8LL	SKCM	Natural killer cells	0	
TCGA-GN-A8LL	SKCM	Natural killer cells	0	
TCGA-EB-A551	SKCM	Natural killer cells	0.0331	
TCGA-EB-A551	SKCM	Natural killer cells	0.0331	
TCGA-XV-A9W5	SKCM	Natural killer cells	0.0436	
TCGA-XV-A9W5	SKCM	Natural killer cells	0.0436	
TCGA-FS-A4FB	SKCM	Natural killer cells	0.0416	
TCGA-FS-A4FB	SKCM	Natural killer cells	0.0416	
TCGA-DA-A1IC	SKCM	Natural killer cells	0.0086	
TCGA-DA-A1IC	SKCM	Natural killer cells	0.0086	
TCGA-HR-A2OH	SKCM	Natural killer cells	0	
TCGA-HR-A2OH	SKCM	Natural killer cells	0	
TCGA-EB-A5UM	SKCM	Natural killer cells	0.0173	
TCGA-EB-A5UM	SKCM	Natural killer cells	0.0173	
TCGA-DA-A95Z	SKCM	Natural killer cells	0.0211	
TCGA-DA-A95Z	SKCM	Natural killer cells	0.0211	
TCGA-BF-AAP1	SKCM	Natural killer cells	0.0185	
TCGA-BF-AAP1	SKCM	Natural killer cells	0.0185	
TCGA-FR-A3R1	SKCM	Natural killer cells	0.0361	
TCGA-FR-A3R1	SKCM	Natural killer cells	0.0361	
TCGA-DA-A1I0	SKCM	Natural killer cells	0.0069	
TCGA-DA-A1I0	SKCM	Natural killer cells	0.0069	
TCGA-ER-A42K	SKCM	Natural killer cells	0.0326	
TCGA-ER-A42K	SKCM	Natural killer cells	0.0326	
TCGA-DA-A1I1	SKCM	Natural killer cells	0.0302	
TCGA-DA-A1I1	SKCM	Natural killer cells	0.0302	
TCGA-EE-A2MT	SKCM	Natural killer cells	0.0151	
TCGA-EE-A2MT	SKCM	Natural killer cells	0.0151	
TCGA-ER-A19O	SKCM	Natural killer cells	0.0043	
TCGA-ER-A19O	SKCM	Natural killer cells	0.0043	
TCGA-EE-A29Q	SKCM	Natural killer cells	0.0262	
TCGA-EE-A29Q	SKCM	Natural killer cells	0.0262	
TCGA-FS-A1Z0	SKCM	Natural killer cells	0.0315	
TCGA-FS-A1Z0	SKCM	Natural killer cells	0.0315	
TCGA-D3-A5GU	SKCM	Natural killer cells	0.0492	
TCGA-D3-A5GU	SKCM	Natural killer cells	0.0492	
TCGA-EB-A44P	SKCM	Natural killer cells	0.0322	
TCGA-EB-A44P	SKCM	Natural killer cells	0.0322	
TCGA-ER-A2NH	SKCM	Natural killer cells	0.0054	
TCGA-ER-A2NH	SKCM	Natural killer cells	0.0054	
TCGA-GN-A4U4	SKCM	Natural killer cells	0.009	
TCGA-GN-A4U4	SKCM	Natural killer cells	0.009	
TCGA-EE-A3JB	SKCM	Natural killer cells	0.0245	
TCGA-EE-A3JB	SKCM	Natural killer cells	0.0245	
TCGA-EB-A4OY	SKCM	Natural killer cells	0.0408	
TCGA-EB-A4OY	SKCM	Natural killer cells	0.0408	
TCGA-D3-A8GK	SKCM	Natural killer cells	0.0198	
TCGA-D3-A8GK	SKCM	Natural killer cells	0.0198	
TCGA-FS-A1ZB	SKCM	Natural killer cells	0.0082	
TCGA-FS-A1ZB	SKCM	Natural killer cells	0.0082	
TCGA-D3-A2J6	SKCM	Natural killer cells	0.0154	
TCGA-D3-A2J6	SKCM	Natural killer cells	0.0154	
TCGA-EB-A3XD	SKCM	Natural killer cells	0.0073	
TCGA-EB-A3XD	SKCM	Natural killer cells	0.0073	
TCGA-D3-A8GN	SKCM	Natural killer cells	0.0104	
TCGA-D3-A8GN	SKCM	Natural killer cells	0.0104	
TCGA-EE-A20F	SKCM	Natural killer cells	0.0095	
TCGA-EE-A20F	SKCM	Natural killer cells	0.0095	
TCGA-WE-A8JZ	SKCM	Natural killer cells	0.0093	
TCGA-WE-A8JZ	SKCM	Natural killer cells	0.0093	
TCGA-EE-A182	SKCM	Natural killer cells	0.025	
TCGA-EE-A182	SKCM	Natural killer cells	0.025	
TCGA-D3-A3MU	SKCM	Natural killer cells	0.014	
TCGA-D3-A3MU	SKCM	Natural killer cells	0.014	
TCGA-Z2-AA3S	SKCM	Natural killer cells	0.0406	
TCGA-Z2-AA3S	SKCM	Natural killer cells	0.0406	
TCGA-BF-AAP4	SKCM	Natural killer cells	0	
TCGA-BF-AAP4	SKCM	Natural killer cells	0	
TCGA-D3-A3CE	SKCM	Natural killer cells	0.0257	
TCGA-D3-A3CE	SKCM	Natural killer cells	0.0257	
TCGA-XV-AAZW	SKCM	Natural killer cells	0.0212	
TCGA-XV-AAZW	SKCM	Natural killer cells	0.0212	
TCGA-FS-A4F4	SKCM	Natural killer cells	0.0104	
TCGA-FS-A4F4	SKCM	Natural killer cells	0.0104	
TCGA-FS-A4FD	SKCM	Natural killer cells	0.0269	
TCGA-FS-A4FD	SKCM	Natural killer cells	0.0269	
TCGA-D3-A8GD	SKCM	Natural killer cells	0.0106	
TCGA-D3-A8GD	SKCM	Natural killer cells	0.0106	
TCGA-GN-A264	SKCM	Natural killer cells	0.0482	
TCGA-GN-A264	SKCM	Natural killer cells	0.0482	
TCGA-WE-A8ZQ	SKCM	Natural killer cells	0.0314	
TCGA-WE-A8ZQ	SKCM	Natural killer cells	0.0314	
TCGA-EE-A2GO	SKCM	Natural killer cells	0.0354	
TCGA-EE-A2GO	SKCM	Natural killer cells	0.0354	
TCGA-EB-A82B	SKCM	Natural killer cells	0.0142	
TCGA-EB-A82B	SKCM	Natural killer cells	0.0142	
TCGA-D3-A51T	SKCM	Natural killer cells	0.0136	
TCGA-D3-A51T	SKCM	Natural killer cells	0.0136	
TCGA-D3-A1Q9	SKCM	Natural killer cells	0.0132	
TCGA-D3-A1Q9	SKCM	Natural killer cells	0.0132	
TCGA-ER-A19M	SKCM	Natural killer cells	0.0013	
TCGA-ER-A19M	SKCM	Natural killer cells	0.0013	
TCGA-EE-A2M7	SKCM	Natural killer cells	0.0593	
TCGA-EE-A2M7	SKCM	Natural killer cells	0.0593	
TCGA-YD-A89C	SKCM	Natural killer cells	0.0286	
TCGA-YD-A89C	SKCM	Natural killer cells	0.0286	
TCGA-D3-A1Q8	SKCM	Natural killer cells	0.0563	
TCGA-D3-A1Q8	SKCM	Natural killer cells	0.0563	
TCGA-DA-A1I8	SKCM	Natural killer cells	0.0275	
TCGA-DA-A1I8	SKCM	Natural killer cells	0.0275	
TCGA-BF-AAP2	SKCM	Natural killer cells	0.0146	
TCGA-BF-AAP2	SKCM	Natural killer cells	0.0146	
TCGA-FS-A1ZU	SKCM	Natural killer cells	0.019	
TCGA-FS-A1ZU	SKCM	Natural killer cells	0.019	
TCGA-EE-A180	SKCM	Natural killer cells	0.0282	
TCGA-EE-A180	SKCM	Natural killer cells	0.0282	
TCGA-GN-A8LN	SKCM	Natural killer cells	0.0343	
TCGA-GN-A8LN	SKCM	Natural killer cells	0.0343	
TCGA-DA-A1I4	SKCM	Natural killer cells	0.0148	
TCGA-DA-A1I4	SKCM	Natural killer cells	0.0148	
TCGA-DA-A1HW	SKCM	Natural killer cells	0.0125	
TCGA-DA-A1HW	SKCM	Natural killer cells	0.0125	
TCGA-EB-A6QZ	SKCM	Natural killer cells	0.0309	
TCGA-EB-A6QZ	SKCM	Natural killer cells	0.0309	
TCGA-YD-A9TB	SKCM	Natural killer cells	0.0366	
TCGA-YD-A9TB	SKCM	Natural killer cells	0.0366	
TCGA-W3-AA1Q	SKCM	Natural killer cells	0.0218	
TCGA-W3-AA1Q	SKCM	Natural killer cells	0.0218	
TCGA-EE-A2A0	SKCM	Natural killer cells	0.0232	
TCGA-EE-A2A0	SKCM	Natural killer cells	0.0232	
TCGA-EB-A6QY	SKCM	Natural killer cells	0.0055	
TCGA-EB-A6QY	SKCM	Natural killer cells	0.0055	
TCGA-BF-A5EO	SKCM	Natural killer cells	0.0149	
TCGA-BF-A5EO	SKCM	Natural killer cells	0.0149	
TCGA-EE-A29E	SKCM	Natural killer cells	0.0097	
TCGA-EE-A29E	SKCM	Natural killer cells	0.0097	
TCGA-FS-A1Z4	SKCM	Natural killer cells	0.015	
TCGA-FS-A1Z4	SKCM	Natural killer cells	0.015	
TCGA-EE-A2MJ	SKCM	Natural killer cells	0.002	
TCGA-EE-A2MJ	SKCM	Natural killer cells	0.002	
TCGA-D3-A3MO	SKCM	Natural killer cells	0.0465	
TCGA-D3-A3MO	SKCM	Natural killer cells	0.0465	
TCGA-D3-A5GO	SKCM	Natural killer cells	0.0175	
TCGA-D3-A5GO	SKCM	Natural killer cells	0.0175	
TCGA-EE-A2A5	SKCM	Natural killer cells	0.0295	
TCGA-EE-A2A5	SKCM	Natural killer cells	0.0295	
TCGA-FS-A4F5	SKCM	Natural killer cells	0.0382	
TCGA-FS-A4F5	SKCM	Natural killer cells	0.0382	
TCGA-EE-A2GS	SKCM	Natural killer cells	0.0332	
TCGA-EE-A2GS	SKCM	Natural killer cells	0.0332	
TCGA-ER-A3PL	SKCM	Natural killer cells	0.0266	
TCGA-ER-A3PL	SKCM	Natural killer cells	0.0266	
TCGA-BF-A5EP	SKCM	Natural killer cells	0.0256	
TCGA-BF-A5EP	SKCM	Natural killer cells	0.0256	
TCGA-FW-A5DX	SKCM	Natural killer cells	0.0266	
TCGA-FW-A5DX	SKCM	Natural killer cells	0.0266	
TCGA-EE-A29N	SKCM	Natural killer cells	0.0169	
TCGA-EE-A29N	SKCM	Natural killer cells	0.0169	
TCGA-ER-A193	SKCM	Natural killer cells	0.0128	
TCGA-ER-A193	SKCM	Natural killer cells	0.0128	
TCGA-XV-A9W2	SKCM	Natural killer cells	0.0115	
TCGA-XV-A9W2	SKCM	Natural killer cells	0.0115	
TCGA-EB-A3Y6	SKCM	Natural killer cells	0.0068	
TCGA-EB-A3Y6	SKCM	Natural killer cells	0.0068	
TCGA-D3-A1Q1	SKCM	Natural killer cells	0.0248	
TCGA-D3-A1Q1	SKCM	Natural killer cells	0.0248	
TCGA-WE-A8K6	SKCM	Natural killer cells	0.0187	
TCGA-WE-A8K6	SKCM	Natural killer cells	0.0187	
TCGA-EE-A29G	SKCM	Natural killer cells	0.0079	
TCGA-EE-A29G	SKCM	Natural killer cells	0.0079	
TCGA-DA-A1IB	SKCM	Natural killer cells	0.0023	
TCGA-DA-A1IB	SKCM	Natural killer cells	0.0023	
TCGA-EB-A299	SKCM	Natural killer cells	0.0139	
TCGA-EB-A299	SKCM	Natural killer cells	0.0139	
TCGA-EE-A29B	SKCM	Natural killer cells	0.0046	
TCGA-EE-A29B	SKCM	Natural killer cells	0.0046	
TCGA-GN-A4U3	SKCM	Natural killer cells	0.0131	
TCGA-GN-A4U3	SKCM	Natural killer cells	0.0131	
TCGA-ER-A19G	SKCM	Natural killer cells	0.0226	
TCGA-ER-A19G	SKCM	Natural killer cells	0.0226	
TCGA-EE-A2GH	SKCM	Natural killer cells	0.0053	
TCGA-EE-A2GH	SKCM	Natural killer cells	0.0053	
TCGA-EE-A2GR	SKCM	Natural killer cells	0.035	
TCGA-EE-A2GR	SKCM	Natural killer cells	0.035	
TCGA-XV-AAZV	SKCM	Natural killer cells	0.0317	
TCGA-XV-AAZV	SKCM	Natural killer cells	0.0317	
TCGA-EE-A3AH	SKCM	Natural killer cells	0.0412	
TCGA-EE-A3AH	SKCM	Natural killer cells	0.0412	
TCGA-DA-A960	SKCM	Natural killer cells	0.0023	
TCGA-DA-A960	SKCM	Natural killer cells	0.0023	
TCGA-EE-A3AE	SKCM	Natural killer cells	0.0325	
TCGA-EE-A3AE	SKCM	Natural killer cells	0.0325	
TCGA-D3-A8GP	SKCM	Natural killer cells	0.0232	
TCGA-D3-A8GP	SKCM	Natural killer cells	0.0232	
TCGA-EB-A553	SKCM	Natural killer cells	0.0058	
TCGA-EB-A553	SKCM	Natural killer cells	0.0058	
TCGA-GN-A8LK	SKCM	Natural killer cells	0.0054	
TCGA-GN-A8LK	SKCM	Natural killer cells	0.0054	
TCGA-D3-A51E	SKCM	Natural killer cells	0.0153	
TCGA-D3-A51E	SKCM	Natural killer cells	0.0153	
TCGA-EB-A431	SKCM	Natural killer cells	0.0027	
TCGA-EB-A431	SKCM	Natural killer cells	0.0027	
TCGA-BF-AAP8	SKCM	Natural killer cells	0.0237	
TCGA-BF-AAP8	SKCM	Natural killer cells	0.0237	
TCGA-EE-A2GT	SKCM	Natural killer cells	0.0078	
TCGA-EE-A2GT	SKCM	Natural killer cells	0.0078	
TCGA-W3-AA1V	SKCM	Natural killer cells	0.0053	
TCGA-W3-AA1V	SKCM	Natural killer cells	0.0053	
TCGA-FS-A1ZM	SKCM	Natural killer cells	0.0461	
TCGA-FS-A1ZM	SKCM	Natural killer cells	0.0461	
TCGA-WE-AAA4	SKCM	Natural killer cells	0.0028	
TCGA-WE-AAA4	SKCM	Natural killer cells	0.0028	
TCGA-FW-A5DY	SKCM	Natural killer cells	0.0181	
TCGA-FW-A5DY	SKCM	Natural killer cells	0.0181	
TCGA-D9-A1JW	SKCM	Natural killer cells	0.0026	
TCGA-D9-A1JW	SKCM	Natural killer cells	0.0026	
TCGA-EE-A29T	SKCM	Natural killer cells	0.01	
TCGA-EE-A29T	SKCM	Natural killer cells	0.01	
TCGA-EE-A2GL	SKCM	Natural killer cells	0.0254	
TCGA-EE-A2GL	SKCM	Natural killer cells	0.0254	
TCGA-EB-A4XL	SKCM	Natural killer cells	0.0283	
TCGA-EB-A4XL	SKCM	Natural killer cells	0.0283	
TCGA-FS-A1ZN	SKCM	Natural killer cells	0.0356	
TCGA-FS-A1ZN	SKCM	Natural killer cells	0.0356	
TCGA-EB-A44N	SKCM	Natural killer cells	0.0218	
TCGA-EB-A44N	SKCM	Natural killer cells	0.0218	
TCGA-D3-A5GL	SKCM	Natural killer cells	0.0134	
TCGA-D3-A5GL	SKCM	Natural killer cells	0.0134	
TCGA-ER-A19N	SKCM	Natural killer cells	0.0128	
TCGA-ER-A19N	SKCM	Natural killer cells	0.0128	
TCGA-LH-A9QB	SKCM	Natural killer cells	0.0432	
TCGA-LH-A9QB	SKCM	Natural killer cells	0.0432	
TCGA-FS-A1ZR	SKCM	Natural killer cells	0.0319	
TCGA-FS-A1ZR	SKCM	Natural killer cells	0.0319	
TCGA-FS-A1ZH	SKCM	Natural killer cells	0.0318	
TCGA-FS-A1ZH	SKCM	Natural killer cells	0.0318	
TCGA-EE-A185	SKCM	Natural killer cells	0.0053	
TCGA-EE-A185	SKCM	Natural killer cells	0.0053	
TCGA-FR-A8YE	SKCM	Natural killer cells	0.0153	
TCGA-FR-A8YE	SKCM	Natural killer cells	0.0153	
TCGA-DA-A3F2	SKCM	Natural killer cells	0	
TCGA-DA-A3F2	SKCM	Natural killer cells	0	
TCGA-WE-A8K1	SKCM	Natural killer cells	0.0079	
TCGA-WE-A8K1	SKCM	Natural killer cells	0.0079	
TCGA-D9-A4Z6	SKCM	Natural killer cells	0.0165	
TCGA-D9-A4Z6	SKCM	Natural killer cells	0.0165	
TCGA-3N-A9WD	SKCM	Natural killer cells	0.0079	
TCGA-3N-A9WD	SKCM	Natural killer cells	0.0079	
TCGA-FS-A1ZY	SKCM	Natural killer cells	0.027	
TCGA-FS-A1ZY	SKCM	Natural killer cells	0.027	
TCGA-D9-A4Z5	SKCM	Natural killer cells	0.1161	
TCGA-D9-A4Z5	SKCM	Natural killer cells	0.1161	
TCGA-EE-A2GJ	SKCM	Natural killer cells	0.0328	
TCGA-EE-A2GJ	SKCM	Natural killer cells	0.0328	
TCGA-IH-A3EA	SKCM	Natural killer cells	0.0134	
TCGA-IH-A3EA	SKCM	Natural killer cells	0.0134	
TCGA-BF-AAP6	SKCM	Natural killer cells	0.0145	
TCGA-BF-AAP6	SKCM	Natural killer cells	0.0145	
TCGA-D3-A2JD	SKCM	Natural killer cells	0.0028	
TCGA-D3-A2JD	SKCM	Natural killer cells	0.0028	
TCGA-EE-A20I	SKCM	Natural killer cells	0.0069	
TCGA-EE-A20I	SKCM	Natural killer cells	0.0069	
TCGA-EE-A29L	SKCM	Natural killer cells	0.0083	
TCGA-EE-A29L	SKCM	Natural killer cells	0.0083	
TCGA-EB-A3XB	SKCM	Natural killer cells	0.01	
TCGA-EB-A3XB	SKCM	Natural killer cells	0.01	
TCGA-EE-A2A1	SKCM	Natural killer cells	0.0102	
TCGA-EE-A2A1	SKCM	Natural killer cells	0.0102	
TCGA-ER-A196	SKCM	Natural killer cells	0.006	
TCGA-ER-A196	SKCM	Natural killer cells	0.006	
TCGA-EE-A3AA	SKCM	Natural killer cells	0.0118	
TCGA-EE-A3AA	SKCM	Natural killer cells	0.0118	
TCGA-EB-A5SH	SKCM	Natural killer cells	0.0241	
TCGA-EB-A5SH	SKCM	Natural killer cells	0.0241	
TCGA-GN-A267	SKCM	Natural killer cells	0.0128	
TCGA-GN-A267	SKCM	Natural killer cells	0.0128	
TCGA-GN-A4U9	SKCM	Natural killer cells	0.0279	
TCGA-GN-A4U9	SKCM	Natural killer cells	0.0279	
TCGA-EE-A3JE	SKCM	Natural killer cells	0	
TCGA-EE-A3JE	SKCM	Natural killer cells	0	
TCGA-WE-AAA0	SKCM	Natural killer cells	0.0067	
TCGA-WE-AAA0	SKCM	Natural killer cells	0.0067	
TCGA-GF-A769	SKCM	Natural killer cells	0.0327	
TCGA-GF-A769	SKCM	Natural killer cells	0.0327	
TCGA-D9-A6EC	SKCM	Natural killer cells	0.0108	
TCGA-D9-A6EC	SKCM	Natural killer cells	0.0108	
TCGA-D3-A5GN	SKCM	Natural killer cells	0.0378	
TCGA-D3-A5GN	SKCM	Natural killer cells	0.0378	
TCGA-D3-A2J8	SKCM	Natural killer cells	0.0032	
TCGA-D3-A2J8	SKCM	Natural killer cells	0.0032	
TCGA-FS-A1ZC	SKCM	Natural killer cells	0.0492	
TCGA-FS-A1ZC	SKCM	Natural killer cells	0.0492	
TCGA-XV-AAZY	SKCM	Natural killer cells	0.0043	
TCGA-XV-AAZY	SKCM	Natural killer cells	0.0043	
TCGA-EE-A3J3	SKCM	Natural killer cells	0.0271	
TCGA-EE-A3J3	SKCM	Natural killer cells	0.0271	
TCGA-EE-A2GI	SKCM	Natural killer cells	0.0074	
TCGA-EE-A2GI	SKCM	Natural killer cells	0.0074	
TCGA-BF-A5ER	SKCM	Natural killer cells	0.0216	
TCGA-BF-A5ER	SKCM	Natural killer cells	0.0216	
TCGA-EB-A3HV	SKCM	Natural killer cells	0.0284	
TCGA-EB-A3HV	SKCM	Natural killer cells	0.0284	
TCGA-FS-A4FC	SKCM	Natural killer cells	0.043	
TCGA-FS-A4FC	SKCM	Natural killer cells	0.043	
TCGA-EE-A2M5	SKCM	Natural killer cells	0.0052	
TCGA-EE-A2M5	SKCM	Natural killer cells	0.0052	
TCGA-DA-A3F8	SKCM	Natural killer cells	0.0039	
TCGA-DA-A3F8	SKCM	Natural killer cells	0.0039	
TCGA-WE-A8ZO	SKCM	Natural killer cells	0.0131	
TCGA-WE-A8ZO	SKCM	Natural killer cells	0.0131	
TCGA-GN-A26D	SKCM	Natural killer cells	0.0263	
TCGA-GN-A26D	SKCM	Natural killer cells	0.0263	
TCGA-EB-A5VU	SKCM	Natural killer cells	0.0483	
TCGA-EB-A5VU	SKCM	Natural killer cells	0.0483	
TCGA-D3-A51N	SKCM	Natural killer cells	0.0129	
TCGA-D3-A51N	SKCM	Natural killer cells	0.0129	
TCGA-D3-A3CB	SKCM	Natural killer cells	0.0017	
TCGA-D3-A3CB	SKCM	Natural killer cells	0.0017	
TCGA-ER-A19T	SKCM	Natural killer cells	0.0115	
TCGA-ER-A19T	SKCM	Natural killer cells	0.0115	
TCGA-EE-A3JD	SKCM	Natural killer cells	0.0265	
TCGA-EE-A3JD	SKCM	Natural killer cells	0.0265	
TCGA-FS-A1ZQ	SKCM	Natural killer cells	0.0127	
TCGA-FS-A1ZQ	SKCM	Natural killer cells	0.0127	
TCGA-ER-A3ES	SKCM	Natural killer cells	0.0031	
TCGA-ER-A3ES	SKCM	Natural killer cells	0.0031	
TCGA-ER-A2NC	SKCM	Natural killer cells	0.054	
TCGA-ER-A2NC	SKCM	Natural killer cells	0.054	
TCGA-W3-A828	SKCM	Natural killer cells	0.0216	
TCGA-W3-A828	SKCM	Natural killer cells	0.0216	
TCGA-EE-A20C	SKCM	Natural killer cells	0.0186	
TCGA-EE-A20C	SKCM	Natural killer cells	0.0186	
TCGA-EE-A2MH	SKCM	Natural killer cells	0.0177	
TCGA-EE-A2MH	SKCM	Natural killer cells	0.0177	
TCGA-EE-A2GN	SKCM	Natural killer cells	0.0355	
TCGA-EE-A2GN	SKCM	Natural killer cells	0.0355	
TCGA-D3-A8GI	SKCM	Natural killer cells	0.013	
TCGA-D3-A8GI	SKCM	Natural killer cells	0.013	
TCGA-D3-A5GS	SKCM	Natural killer cells	0.0236	
TCGA-D3-A5GS	SKCM	Natural killer cells	0.0236	
TCGA-EE-A2MI	SKCM	Natural killer cells	0.0843	
TCGA-EE-A2MI	SKCM	Natural killer cells	0.0843	
TCGA-D3-A3C6	SKCM	Natural killer cells	0.0444	
TCGA-D3-A3C6	SKCM	Natural killer cells	0.0444	
TCGA-EE-A2MQ	SKCM	Natural killer cells	0.0133	
TCGA-EE-A2MQ	SKCM	Natural killer cells	0.0133	
TCGA-FS-A1ZD	SKCM	Natural killer cells	0.1378	
TCGA-FS-A1ZD	SKCM	Natural killer cells	0.1378	
TCGA-GN-A4U5	SKCM	Natural killer cells	0.0128	
TCGA-GN-A4U5	SKCM	Natural killer cells	0.0128	
TCGA-FS-A1YY	SKCM	Natural killer cells	0.0049	
TCGA-FS-A1YY	SKCM	Natural killer cells	0.0049	
TCGA-D3-A3BZ	SKCM	Natural killer cells	0.0069	
TCGA-D3-A3BZ	SKCM	Natural killer cells	0.0069	
TCGA-D9-A3Z4	SKCM	Natural killer cells	0.0266	
TCGA-D9-A3Z4	SKCM	Natural killer cells	0.0266	
TCGA-EE-A3AC	SKCM	Natural killer cells	0.026	
TCGA-EE-A3AC	SKCM	Natural killer cells	0.026	
TCGA-D3-A2JF	SKCM	Natural killer cells	0.0318	
TCGA-D3-A2JF	SKCM	Natural killer cells	0.0318	
TCGA-D3-A1QB	SKCM	Natural killer cells	0	
TCGA-D3-A1QB	SKCM	Natural killer cells	0	
TCGA-GN-A268	SKCM	Natural killer cells	0.0127	
TCGA-GN-A268	SKCM	Natural killer cells	0.0127	
TCGA-D3-A5GR	SKCM	Natural killer cells	0.0201	
TCGA-D3-A5GR	SKCM	Natural killer cells	0.0201	
TCGA-EB-A550	SKCM	Natural killer cells	0.0263	
TCGA-EB-A550	SKCM	Natural killer cells	0.0263	
TCGA-D9-A6EG	SKCM	Natural killer cells	0.0081	
TCGA-D9-A6EG	SKCM	Natural killer cells	0.0081	
TCGA-EB-A44O	SKCM	Natural killer cells	0.0155	
TCGA-EB-A44O	SKCM	Natural killer cells	0.0155	
TCGA-RP-A690	SKCM	Natural killer cells	0.0055	
TCGA-RP-A690	SKCM	Natural killer cells	0.0055	
TCGA-EE-A29H	SKCM	Natural killer cells	0.0013	
TCGA-EE-A29H	SKCM	Natural killer cells	0.0013	
TCGA-EE-A2MM	SKCM	Natural killer cells	0.0444	
TCGA-EE-A2MM	SKCM	Natural killer cells	0.0444	
TCGA-EB-A44Q	SKCM	Natural killer cells	0.003	
TCGA-EB-A44Q	SKCM	Natural killer cells	0.003	
TCGA-EB-A3XE	SKCM	Natural killer cells	0.0207	
TCGA-EB-A3XE	SKCM	Natural killer cells	0.0207	
TCGA-FR-A69P	SKCM	Natural killer cells	0.029	
TCGA-FR-A69P	SKCM	Natural killer cells	0.029	
TCGA-EE-A2A6	SKCM	Natural killer cells	0.0289	
TCGA-EE-A2A6	SKCM	Natural killer cells	0.0289	
TCGA-ER-A19J	SKCM	Natural killer cells	0.0291	
TCGA-ER-A19J	SKCM	Natural killer cells	0.0291	
TCGA-RP-A694	SKCM	Natural killer cells	0.0165	
TCGA-RP-A694	SKCM	Natural killer cells	0.0165	
TCGA-YD-A9TA	SKCM	Natural killer cells	0.0062	
TCGA-YD-A9TA	SKCM	Natural killer cells	0.0062	
TCGA-WE-AAA3	SKCM	Natural killer cells	0.0147	
TCGA-WE-AAA3	SKCM	Natural killer cells	0.0147	
TCGA-EB-A3Y7	SKCM	Natural killer cells	0.0098	
TCGA-EB-A3Y7	SKCM	Natural killer cells	0.0098	
TCGA-D9-A6EA	SKCM	Natural killer cells	0.0189	
TCGA-D9-A6EA	SKCM	Natural killer cells	0.0189	
TCGA-D3-A8GO	SKCM	Natural killer cells	0.0146	
TCGA-D3-A8GO	SKCM	Natural killer cells	0.0146	
TCGA-EB-A430	SKCM	Natural killer cells	0.0106	
TCGA-EB-A430	SKCM	Natural killer cells	0.0106	
TCGA-EE-A29W	SKCM	Natural killer cells	0.0382	
TCGA-EE-A29W	SKCM	Natural killer cells	0.0382	
TCGA-DA-A95X	SKCM	Natural killer cells	0.0188	
TCGA-DA-A95X	SKCM	Natural killer cells	0.0188	
TCGA-EE-A2MD	SKCM	Natural killer cells	0	
TCGA-EE-A2MD	SKCM	Natural killer cells	0	
TCGA-ER-A2NF	SKCM	Natural killer cells	0.0031	
TCGA-ER-A2NF	SKCM	Natural killer cells	0.0031	
TCGA-GN-A4U8	SKCM	Natural killer cells	0.0173	
TCGA-GN-A4U8	SKCM	Natural killer cells	0.0173	
TCGA-EB-A41B	SKCM	Natural killer cells	0.0045	
TCGA-EB-A41B	SKCM	Natural killer cells	0.0045	
TCGA-ER-A19C	SKCM	Natural killer cells	0.0113	
TCGA-ER-A19C	SKCM	Natural killer cells	0.0113	
TCGA-EB-A5UN	SKCM	Natural killer cells	0.0155	
TCGA-EB-A5UN	SKCM	Natural killer cells	0.0155	
TCGA-EE-A3J5	SKCM	Natural killer cells	0.0061	
TCGA-EE-A3J5	SKCM	Natural killer cells	0.0061	
TCGA-EE-A2ME	SKCM	Natural killer cells	0	
TCGA-EE-A2ME	SKCM	Natural killer cells	0	
TCGA-QB-A6FS	SKCM	Natural killer cells	0.0046	
TCGA-QB-A6FS	SKCM	Natural killer cells	0.0046	
TCGA-EE-A29R	SKCM	Natural killer cells	0.026	
TCGA-EE-A29R	SKCM	Natural killer cells	0.026	
TCGA-FR-A8YC	SKCM	Natural killer cells	0.0126	
TCGA-FR-A8YC	SKCM	Natural killer cells	0.0126	
TCGA-DA-A95V	SKCM	Natural killer cells	0.0047	
TCGA-DA-A95V	SKCM	Natural killer cells	0.0047	
TCGA-BF-A3DN	SKCM	Natural killer cells	0.0404	
TCGA-BF-A3DN	SKCM	Natural killer cells	0.0404	
TCGA-EB-A24D	SKCM	Natural killer cells	0.0226	
TCGA-EB-A24D	SKCM	Natural killer cells	0.0226	
TCGA-D3-A2JK	SKCM	Natural killer cells	0.027	
TCGA-D3-A2JK	SKCM	Natural killer cells	0.027	
TCGA-EE-A17Z	SKCM	Natural killer cells	0.0426	
TCGA-EE-A17Z	SKCM	Natural killer cells	0.0426	
TCGA-DA-A3F5	SKCM	Natural killer cells	0.0113	
TCGA-DA-A3F5	SKCM	Natural killer cells	0.0113	
TCGA-D3-A2JC	SKCM	Natural killer cells	0.013	
TCGA-D3-A2JC	SKCM	Natural killer cells	0.013	
TCGA-W3-AA1O	SKCM	Natural killer cells	0.0067	
TCGA-W3-AA1O	SKCM	Natural killer cells	0.0067	
TCGA-D3-A8GE	SKCM	Natural killer cells	0.0578	
TCGA-D3-A8GE	SKCM	Natural killer cells	0.0578	
TCGA-D3-A2JB	SKCM	Natural killer cells	0.0072	
TCGA-D3-A2JB	SKCM	Natural killer cells	0.0072	
TCGA-EE-A181	SKCM	Natural killer cells	0.0152	
TCGA-EE-A181	SKCM	Natural killer cells	0.0152	
TCGA-EB-A4P0	SKCM	Natural killer cells	0.0222	
TCGA-EB-A4P0	SKCM	Natural killer cells	0.0222	
TCGA-D3-A1Q7	SKCM	Natural killer cells	0.0071	
TCGA-D3-A1Q7	SKCM	Natural killer cells	0.0071	
TCGA-DA-A1I7	SKCM	Natural killer cells	0.0234	
TCGA-DA-A1I7	SKCM	Natural killer cells	0.0234	
TCGA-BF-AAOU	SKCM	Natural killer cells	0.0244	
TCGA-BF-AAOU	SKCM	Natural killer cells	0.0244	
TCGA-FS-A1ZF	SKCM	Natural killer cells	0.0203	
TCGA-FS-A1ZF	SKCM	Natural killer cells	0.0203	
TCGA-ER-A19H	SKCM	Natural killer cells	0.0372	
TCGA-ER-A19H	SKCM	Natural killer cells	0.0372	
TCGA-ER-A199	SKCM	Natural killer cells	0.0136	
TCGA-ER-A199	SKCM	Natural killer cells	0.0136	
TCGA-DA-A1I5	SKCM	Natural killer cells	0.0094	
TCGA-DA-A1I5	SKCM	Natural killer cells	0.0094	
TCGA-ER-A3EV	SKCM	Natural killer cells	0.0155	
TCGA-ER-A3EV	SKCM	Natural killer cells	0.0155	
TCGA-GN-A262	SKCM	Natural killer cells	0.0198	
TCGA-GN-A262	SKCM	Natural killer cells	0.0198	
TCGA-FR-A7UA	SKCM	Natural killer cells	0	
TCGA-FR-A7UA	SKCM	Natural killer cells	0	
TCGA-EE-A2GB	SKCM	Natural killer cells	0.0213	
TCGA-EE-A2GB	SKCM	Natural killer cells	0.0213	
TCGA-FW-A3R5	SKCM	Natural killer cells	0.0099	
TCGA-FW-A3R5	SKCM	Natural killer cells	0.0099	
TCGA-D3-A51K	SKCM	Natural killer cells	0.0134	
TCGA-D3-A51K	SKCM	Natural killer cells	0.0134	
TCGA-EE-A2MG	SKCM	Natural killer cells	0.0076	
TCGA-EE-A2MG	SKCM	Natural killer cells	0.0076	
TCGA-EE-A17Y	SKCM	Natural killer cells	0.0408	
TCGA-EE-A17Y	SKCM	Natural killer cells	0.0408	
TCGA-D3-A1Q4	SKCM	Natural killer cells	0.0523	
TCGA-D3-A1Q4	SKCM	Natural killer cells	0.0523	
TCGA-WE-A8K4	SKCM	Natural killer cells	0.0011	
TCGA-WE-A8K4	SKCM	Natural killer cells	0.0011	
TCGA-ER-A19W	SKCM	Natural killer cells	0.0102	
TCGA-ER-A19W	SKCM	Natural killer cells	0.0102	
TCGA-D3-A2JP	SKCM	Natural killer cells	0.0198	
TCGA-D3-A2JP	SKCM	Natural killer cells	0.0198	
TCGA-D3-A2J9	SKCM	Natural killer cells	0	
TCGA-D3-A2J9	SKCM	Natural killer cells	0	
TCGA-BF-A3DL	SKCM	Natural killer cells	0.0069	
TCGA-BF-A3DL	SKCM	Natural killer cells	0.0069	
TCGA-ER-A198	SKCM	Natural killer cells	0.0112	
TCGA-ER-A198	SKCM	Natural killer cells	0.0112	
TCGA-ER-A42H	SKCM	Natural killer cells	0.0175	
TCGA-ER-A42H	SKCM	Natural killer cells	0.0175	
TCGA-FR-A728	SKCM	Natural killer cells	0.0097	
TCGA-FR-A728	SKCM	Natural killer cells	0.0097	
TCGA-GN-A9SD	SKCM	Natural killer cells	0.0076	
TCGA-GN-A9SD	SKCM	Natural killer cells	0.0076	
TCGA-GF-A4EO	SKCM	Natural killer cells	0.0062	
TCGA-GF-A4EO	SKCM	Natural killer cells	0.0062	
TCGA-W3-A824	SKCM	Natural killer cells	0.0174	
TCGA-W3-A824	SKCM	Natural killer cells	0.0174	
TCGA-EB-A85J	SKCM	Natural killer cells	0.0195	
TCGA-EB-A85J	SKCM	Natural killer cells	0.0195	
TCGA-EB-A41A	SKCM	Natural killer cells	0.016	
TCGA-EB-A41A	SKCM	Natural killer cells	0.016	
TCGA-EB-A42Z	SKCM	Natural killer cells	0.0344	
TCGA-EB-A42Z	SKCM	Natural killer cells	0.0344	
TCGA-BF-A5ES	SKCM	Natural killer cells	0.0048	
TCGA-BF-A5ES	SKCM	Natural killer cells	0.0048	
TCGA-EE-A29D	SKCM	Natural killer cells	0.0293	
TCGA-EE-A29D	SKCM	Natural killer cells	0.0293	
TCGA-EB-A42Y	SKCM	Natural killer cells	0.0073	
TCGA-EB-A42Y	SKCM	Natural killer cells	0.0073	
TCGA-OD-A75X	SKCM	Natural killer cells	0.0414	
TCGA-OD-A75X	SKCM	Natural killer cells	0.0414	
TCGA-BF-A1PV	SKCM	Natural killer cells	0.0357	
TCGA-BF-A1PV	SKCM	Natural killer cells	0.0357	
TCGA-FR-A3YN	SKCM	Natural killer cells	0.0104	
TCGA-FR-A3YN	SKCM	Natural killer cells	0.0104	
TCGA-D9-A1X3	SKCM	Natural killer cells	0.0478	
TCGA-D9-A1X3	SKCM	Natural killer cells	0.0478	
TCGA-EE-A3AG	SKCM	Natural killer cells	0.0251	
TCGA-EE-A3AG	SKCM	Natural killer cells	0.0251	
TCGA-WE-A8ZX	SKCM	Natural killer cells	0.0183	
TCGA-WE-A8ZX	SKCM	Natural killer cells	0.0183	
TCGA-YG-AA3P	SKCM	Natural killer cells	0.013	
TCGA-YG-AA3P	SKCM	Natural killer cells	0.013	
TCGA-EE-A2GK	SKCM	Natural killer cells	0.0079	
TCGA-EE-A2GK	SKCM	Natural killer cells	0.0079	
TCGA-FR-A2OS	SKCM	Natural killer cells	0.0414	
TCGA-FR-A2OS	SKCM	Natural killer cells	0.0414	
TCGA-WE-A8ZN	SKCM	Natural killer cells	0.0029	
TCGA-WE-A8ZN	SKCM	Natural killer cells	0.0029	
TCGA-FS-A1Z7	SKCM	Natural killer cells	0.0301	
TCGA-FS-A1Z7	SKCM	Natural killer cells	0.0301	
TCGA-ER-A19S	SKCM	Natural killer cells	0	
TCGA-ER-A19S	SKCM	Natural killer cells	0	
TCGA-D9-A1JX	SKCM	Natural killer cells	0.034	
TCGA-D9-A1JX	SKCM	Natural killer cells	0.034	
TCGA-FS-A1ZG	SKCM	Natural killer cells	0.0147	
TCGA-FS-A1ZG	SKCM	Natural killer cells	0.0147	
TCGA-FR-A729	SKCM	Natural killer cells	0.021	
TCGA-FR-A729	SKCM	Natural killer cells	0.021	
TCGA-D3-A3MV	SKCM	Natural killer cells	0.0278	
TCGA-D3-A3MV	SKCM	Natural killer cells	0.0278	
TCGA-EB-A5UL	SKCM	Natural killer cells	0.0109	
TCGA-EB-A5UL	SKCM	Natural killer cells	0.0109	
TCGA-EE-A20B	SKCM	Natural killer cells	0.038	
TCGA-EE-A20B	SKCM	Natural killer cells	0.038	
TCGA-FS-A1ZZ	SKCM	Natural killer cells	0.0358	
TCGA-FS-A1ZZ	SKCM	Natural killer cells	0.0358	
TCGA-ER-A19B	SKCM	Natural killer cells	0.0451	
TCGA-ER-A19B	SKCM	Natural killer cells	0.0451	
TCGA-ER-A2NG	SKCM	Natural killer cells	0.0026	
TCGA-ER-A2NG	SKCM	Natural killer cells	0.0026	
TCGA-WE-A8ZM	SKCM	Natural killer cells	0.043	
TCGA-WE-A8ZM	SKCM	Natural killer cells	0.043	
TCGA-GF-A3OT	SKCM	Natural killer cells	0.0046	
TCGA-GF-A3OT	SKCM	Natural killer cells	0.0046	
TCGA-ER-A19K	SKCM	Natural killer cells	0.0055	
TCGA-ER-A19K	SKCM	Natural killer cells	0.0055	
TCGA-GN-A26C	SKCM	Natural killer cells	0.0368	
TCGA-GN-A26C	SKCM	Natural killer cells	0.0368	
TCGA-EB-A6L9	SKCM	Natural killer cells	0	
TCGA-EB-A6L9	SKCM	Natural killer cells	0	
TCGA-D3-A1QA	SKCM	Natural killer cells	0.0035	
TCGA-D3-A1QA	SKCM	Natural killer cells	0.0035	
TCGA-D3-A3C3	SKCM	Natural killer cells	0.0233	
TCGA-D3-A3C3	SKCM	Natural killer cells	0.0233	
TCGA-EE-A29C	SKCM	Natural killer cells	0.0063	
TCGA-EE-A29C	SKCM	Natural killer cells	0.0063	
TCGA-EE-A29P	SKCM	Natural killer cells	0.0194	
TCGA-EE-A29P	SKCM	Natural killer cells	0.0194	
TCGA-EB-A5SE	SKCM	Natural killer cells	0.0289	
TCGA-EB-A5SE	SKCM	Natural killer cells	0.0289	
TCGA-D9-A4Z2	SKCM	Natural killer cells	0.0335	
TCGA-D9-A4Z2	SKCM	Natural killer cells	0.0335	
TCGA-D3-A8GR	SKCM	Natural killer cells	0.005	
TCGA-D3-A8GR	SKCM	Natural killer cells	0.005	
TCGA-ER-A19P	SKCM	Natural killer cells	0.0003	
TCGA-ER-A19P	SKCM	Natural killer cells	0.0003	
TCGA-D9-A148	SKCM	Natural killer cells	0.0053	
TCGA-D9-A148	SKCM	Natural killer cells	0.0053	
TCGA-D3-A3ML	SKCM	Neutrophil	0.1063	0
TCGA-D3-A3ML	SKCM	Neutrophil	0.1063	0
TCGA-EE-A3AF	SKCM	Neutrophil	0.0977	0
TCGA-EE-A3AF	SKCM	Neutrophil	0.0977	0
TCGA-DA-A1I2	SKCM	Neutrophil	0	0
TCGA-DA-A1I2	SKCM	Neutrophil	0	0
TCGA-EE-A29V	SKCM	Neutrophil	0.0234	0.0869
TCGA-EE-A29V	SKCM	Neutrophil	0.0234	0.0869
TCGA-EE-A2ML	SKCM	Neutrophil	0	0
TCGA-EE-A2ML	SKCM	Neutrophil	0	0
TCGA-ER-A42L	SKCM	Neutrophil	0	0.0124
TCGA-ER-A42L	SKCM	Neutrophil	0	0.0124
TCGA-HR-A2OG	SKCM	Neutrophil	0.0076	0.0149
TCGA-HR-A2OG	SKCM	Neutrophil	0.0076	0.0149
TCGA-XV-AB01	SKCM	Neutrophil	0	0.0205
TCGA-XV-AB01	SKCM	Neutrophil	0	0.0205
TCGA-FW-A3TV	SKCM	Neutrophil	0	0.0116
TCGA-FW-A3TV	SKCM	Neutrophil	0	0.0116
TCGA-D3-A2JO	SKCM	Neutrophil	0.0402	0
TCGA-D3-A2JO	SKCM	Neutrophil	0.0402	0
TCGA-EB-A57M	SKCM	Neutrophil	0.0143	0.0302
TCGA-EB-A57M	SKCM	Neutrophil	0.0143	0.0302
TCGA-EE-A2GP	SKCM	Neutrophil	0	0
TCGA-EE-A2GP	SKCM	Neutrophil	0	0
TCGA-EE-A2MN	SKCM	Neutrophil	0.0201	0.0192
TCGA-EE-A2MN	SKCM	Neutrophil	0.0201	0.0192
TCGA-EB-A5VV	SKCM	Neutrophil	0	0.0016
TCGA-EB-A5VV	SKCM	Neutrophil	0	0.0016
TCGA-GN-A4U7	SKCM	Neutrophil	0.0124	0.009
TCGA-GN-A4U7	SKCM	Neutrophil	0.0124	0.009
TCGA-GN-A263	SKCM	Neutrophil	0.2095	0.0412
TCGA-GN-A263	SKCM	Neutrophil	0.2095	0.0412
TCGA-EE-A2GC	SKCM	Neutrophil	0	0.0019
TCGA-EE-A2GC	SKCM	Neutrophil	0	0.0019
TCGA-D9-A149	SKCM	Neutrophil	0.0062	0.0069
TCGA-D9-A149	SKCM	Neutrophil	0.0062	0.0069
TCGA-ER-A19F	SKCM	Neutrophil	0.019	0
TCGA-ER-A19F	SKCM	Neutrophil	0.019	0
TCGA-FS-A4F9	SKCM	Neutrophil	0.107	0.019
TCGA-FS-A4F9	SKCM	Neutrophil	0.107	0.019
TCGA-EE-A3J8	SKCM	Neutrophil	0	0.0044
TCGA-EE-A3J8	SKCM	Neutrophil	0	0.0044
TCGA-EE-A2MU	SKCM	Neutrophil	0.0195	0
TCGA-EE-A2MU	SKCM	Neutrophil	0.0195	0
TCGA-EE-A2MF	SKCM	Neutrophil	0	0.0147
TCGA-EE-A2MF	SKCM	Neutrophil	0	0.0147
TCGA-D3-A3MR	SKCM	Neutrophil	0.0764	0
TCGA-D3-A3MR	SKCM	Neutrophil	0.0764	0
TCGA-EB-A5KH	SKCM	Neutrophil	0	0.0251
TCGA-EB-A5KH	SKCM	Neutrophil	0	0.0251
TCGA-EE-A3AD	SKCM	Neutrophil	0.0389	0.0586
TCGA-EE-A3AD	SKCM	Neutrophil	0.0389	0.0586
TCGA-WE-A8K5	SKCM	Neutrophil	0	0
TCGA-WE-A8K5	SKCM	Neutrophil	0	0
TCGA-EE-A3AB	SKCM	Neutrophil	0	0
TCGA-EE-A3AB	SKCM	Neutrophil	0	0
TCGA-ER-A2NE	SKCM	Neutrophil	0	0
TCGA-ER-A2NE	SKCM	Neutrophil	0	0
TCGA-GF-A6C8	SKCM	Neutrophil	0	0.0096
TCGA-GF-A6C8	SKCM	Neutrophil	0	0.0096
TCGA-WE-AA9Y	SKCM	Neutrophil	0	0.0172
TCGA-WE-AA9Y	SKCM	Neutrophil	0	0.0172
TCGA-ER-A1A1	SKCM	Neutrophil	0	0
TCGA-ER-A1A1	SKCM	Neutrophil	0	0
TCGA-D3-A3CF	SKCM	Neutrophil	0.0185	0.0052
TCGA-D3-A3CF	SKCM	Neutrophil	0.0185	0.0052
TCGA-FS-A1ZK	SKCM	Neutrophil	0.1153	0.0044
TCGA-FS-A1ZK	SKCM	Neutrophil	0.1153	0.0044
TCGA-BF-A9VF	SKCM	Neutrophil	0.0348	0.0116
TCGA-BF-A9VF	SKCM	Neutrophil	0.0348	0.0116
TCGA-D3-A8GL	SKCM	Neutrophil	0	0
TCGA-D3-A8GL	SKCM	Neutrophil	0	0
TCGA-D3-A3C8	SKCM	Neutrophil	0	0.01
TCGA-D3-A3C8	SKCM	Neutrophil	0	0.01
TCGA-FS-A1ZA	SKCM	Neutrophil	0.0173	0.0031
TCGA-FS-A1ZA	SKCM	Neutrophil	0.0173	0.0031
TCGA-EB-A4IS	SKCM	Neutrophil	0	0
TCGA-EB-A4IS	SKCM	Neutrophil	0	0
TCGA-FR-A44A	SKCM	Neutrophil	0	0
TCGA-FR-A44A	SKCM	Neutrophil	0	0
TCGA-D3-A2J7	SKCM	Neutrophil	0.0246	0
TCGA-D3-A2J7	SKCM	Neutrophil	0.0246	0
TCGA-BF-A1PX	SKCM	Neutrophil	0.0426	0
TCGA-BF-A1PX	SKCM	Neutrophil	0.0426	0
TCGA-YG-AA3O	SKCM	Neutrophil	0.0089	0
TCGA-YG-AA3O	SKCM	Neutrophil	0.0089	0
TCGA-EE-A29M	SKCM	Neutrophil	0.1723	0.0031
TCGA-EE-A29M	SKCM	Neutrophil	0.1723	0.0031
TCGA-ER-A2ND	SKCM	Neutrophil	0.0564	0.0222
TCGA-ER-A2ND	SKCM	Neutrophil	0.0564	0.0222
TCGA-YG-AA3N	SKCM	Neutrophil	0	0.0022
TCGA-YG-AA3N	SKCM	Neutrophil	0	0.0022
TCGA-BF-A3DM	SKCM	Neutrophil	0	0.0194
TCGA-BF-A3DM	SKCM	Neutrophil	0	0.0194
TCGA-D9-A4Z3	SKCM	Neutrophil	0	0.0163
TCGA-D9-A4Z3	SKCM	Neutrophil	0	0.0163
TCGA-D3-A1Q6	SKCM	Neutrophil	0.0195	0.0445
TCGA-D3-A1Q6	SKCM	Neutrophil	0.0195	0.0445
TCGA-D3-A8GC	SKCM	Neutrophil	0.0412	0.009
TCGA-D3-A8GC	SKCM	Neutrophil	0.0412	0.009
TCGA-D3-A51R	SKCM	Neutrophil	0.0049	0
TCGA-D3-A51R	SKCM	Neutrophil	0.0049	0
TCGA-FR-A7U9	SKCM	Neutrophil	0.0626	0.0052
TCGA-FR-A7U9	SKCM	Neutrophil	0.0626	0.0052
TCGA-D3-A2JN	SKCM	Neutrophil	0	0
TCGA-D3-A2JN	SKCM	Neutrophil	0	0
TCGA-DA-A1HV	SKCM	Neutrophil	0.0077	0
TCGA-DA-A1HV	SKCM	Neutrophil	0.0077	0
TCGA-D3-A51F	SKCM	Neutrophil	0.0208	0.0041
TCGA-D3-A51F	SKCM	Neutrophil	0.0208	0.0041
TCGA-EB-A4OZ	SKCM	Neutrophil	0.0126	0
TCGA-EB-A4OZ	SKCM	Neutrophil	0.0126	0
TCGA-FR-A7U8	SKCM	Neutrophil	0.0376	0.0208
TCGA-FR-A7U8	SKCM	Neutrophil	0.0376	0.0208
TCGA-D3-A1Q5	SKCM	Neutrophil	0	0
TCGA-D3-A1Q5	SKCM	Neutrophil	0	0
TCGA-EE-A2GU	SKCM	Neutrophil	0.1145	0
TCGA-EE-A2GU	SKCM	Neutrophil	0.1145	0
TCGA-D9-A6E9	SKCM	Neutrophil	0.0284	0
TCGA-D9-A6E9	SKCM	Neutrophil	0.0284	0
TCGA-EE-A29X	SKCM	Neutrophil	0.0101	0.0077
TCGA-EE-A29X	SKCM	Neutrophil	0.0101	0.0077
TCGA-EE-A20H	SKCM	Neutrophil	0	0.009
TCGA-EE-A20H	SKCM	Neutrophil	0	0.009
TCGA-EB-A1NK	SKCM	Neutrophil	0.0151	0.0124
TCGA-EB-A1NK	SKCM	Neutrophil	0.0151	0.0124
TCGA-GF-A2C7	SKCM	Neutrophil	0	0.0089
TCGA-GF-A2C7	SKCM	Neutrophil	0	0.0089
TCGA-FR-A8YD	SKCM	Neutrophil	0.0187	0
TCGA-FR-A8YD	SKCM	Neutrophil	0.0187	0
TCGA-D3-A2JL	SKCM	Neutrophil	0.0433	0
TCGA-D3-A2JL	SKCM	Neutrophil	0.0433	0
TCGA-D3-A1Q3	SKCM	Neutrophil	0	0.0086
TCGA-D3-A1Q3	SKCM	Neutrophil	0	0.0086
TCGA-EE-A3JI	SKCM	Neutrophil	0.186	0
TCGA-EE-A3JI	SKCM	Neutrophil	0.186	0
TCGA-FS-A1Z3	SKCM	Neutrophil	0.0118	0
TCGA-FS-A1Z3	SKCM	Neutrophil	0.0118	0
TCGA-ER-A194	SKCM	Neutrophil	0.0067	0
TCGA-ER-A194	SKCM	Neutrophil	0.0067	0
TCGA-QB-AA9O	SKCM	Neutrophil	0.0258	0.0041
TCGA-QB-AA9O	SKCM	Neutrophil	0.0258	0.0041
TCGA-FS-A1ZE	SKCM	Neutrophil	0	0
TCGA-FS-A1ZE	SKCM	Neutrophil	0	0
TCGA-HR-A5NC	SKCM	Neutrophil	0	0.0358
TCGA-HR-A5NC	SKCM	Neutrophil	0	0.0358
TCGA-D3-A3CC	SKCM	Neutrophil	0	0.0192
TCGA-D3-A3CC	SKCM	Neutrophil	0	0.0192
TCGA-D3-A51J	SKCM	Neutrophil	0	0
TCGA-D3-A51J	SKCM	Neutrophil	0	0
TCGA-BF-AAOX	SKCM	Neutrophil	0	0.0286
TCGA-BF-AAOX	SKCM	Neutrophil	0	0.0286
TCGA-EB-A5FP	SKCM	Neutrophil	0.041	0
TCGA-EB-A5FP	SKCM	Neutrophil	0.041	0
TCGA-EE-A3JH	SKCM	Neutrophil	0.014	0
TCGA-EE-A3JH	SKCM	Neutrophil	0.014	0
TCGA-DA-A1IA	SKCM	Neutrophil	0	0
TCGA-DA-A1IA	SKCM	Neutrophil	0	0
TCGA-D3-A2JE	SKCM	Neutrophil	0	0.0044
TCGA-D3-A2JE	SKCM	Neutrophil	0	0.0044
TCGA-FS-A1ZJ	SKCM	Neutrophil	0	0
TCGA-FS-A1ZJ	SKCM	Neutrophil	0	0
TCGA-EB-A24C	SKCM	Neutrophil	0	0.037
TCGA-EB-A24C	SKCM	Neutrophil	0	0.037
TCGA-FS-A4F8	SKCM	Neutrophil	0.0218	0.0042
TCGA-FS-A4F8	SKCM	Neutrophil	0.0218	0.0042
TCGA-W3-A825	SKCM	Neutrophil	0	0.0051
TCGA-W3-A825	SKCM	Neutrophil	0	0.0051
TCGA-D3-A3C1	SKCM	Neutrophil	0	0.016
TCGA-D3-A3C1	SKCM	Neutrophil	0	0.016
TCGA-FS-A1ZS	SKCM	Neutrophil	0	0.0164
TCGA-FS-A1ZS	SKCM	Neutrophil	0	0.0164
TCGA-D3-A8GQ	SKCM	Neutrophil	0.0026	0.0114
TCGA-D3-A8GQ	SKCM	Neutrophil	0.0026	0.0114
TCGA-EB-A5SF	SKCM	Neutrophil	0.0281	0
TCGA-EB-A5SF	SKCM	Neutrophil	0.0281	0
TCGA-D3-A2JA	SKCM	Neutrophil	0	0.0022
TCGA-D3-A2JA	SKCM	Neutrophil	0	0.0022
TCGA-ER-A19D	SKCM	Neutrophil	0	0
TCGA-ER-A19D	SKCM	Neutrophil	0	0
TCGA-GN-A266	SKCM	Neutrophil	0	0.0124
TCGA-GN-A266	SKCM	Neutrophil	0	0.0124
TCGA-DA-A3F3	SKCM	Neutrophil	0.0318	0
TCGA-DA-A3F3	SKCM	Neutrophil	0.0318	0
TCGA-W3-AA1W	SKCM	Neutrophil	0	0
TCGA-W3-AA1W	SKCM	Neutrophil	0	0
TCGA-EE-A2MC	SKCM	Neutrophil	0.0904	0.0087
TCGA-EE-A2MC	SKCM	Neutrophil	0.0904	0.0087
TCGA-RP-A695	SKCM	Neutrophil	0.0399	0.0116
TCGA-RP-A695	SKCM	Neutrophil	0.0399	0.0116
TCGA-ER-A19Q	SKCM	Neutrophil	0.0555	0
TCGA-ER-A19Q	SKCM	Neutrophil	0.0555	0
TCGA-D3-A2JH	SKCM	Neutrophil	0.0649	0.0054
TCGA-D3-A2JH	SKCM	Neutrophil	0.0649	0.0054
TCGA-D3-A8GV	SKCM	Neutrophil	0	0
TCGA-D3-A8GV	SKCM	Neutrophil	0	0
TCGA-EE-A184	SKCM	Neutrophil	0.0527	0.002
TCGA-EE-A184	SKCM	Neutrophil	0.0527	0.002
TCGA-RP-A693	SKCM	Neutrophil	0	0
TCGA-RP-A693	SKCM	Neutrophil	0	0
TCGA-D3-A3C7	SKCM	Neutrophil	0	0
TCGA-D3-A3C7	SKCM	Neutrophil	0	0
TCGA-EE-A2GM	SKCM	Neutrophil	0	0
TCGA-EE-A2GM	SKCM	Neutrophil	0	0
TCGA-BF-A1PU	SKCM	Neutrophil	0	0.0276
TCGA-BF-A1PU	SKCM	Neutrophil	0	0.0276
TCGA-EE-A3J7	SKCM	Neutrophil	0	0.0035
TCGA-EE-A3J7	SKCM	Neutrophil	0	0.0035
TCGA-BF-AAP7	SKCM	Neutrophil	0	0.0032
TCGA-BF-AAP7	SKCM	Neutrophil	0	0.0032
TCGA-ER-A197	SKCM	Neutrophil	0.0922	0.0265
TCGA-ER-A197	SKCM	Neutrophil	0.0922	0.0265
TCGA-ER-A19E	SKCM	Neutrophil	0	0.0052
TCGA-ER-A19E	SKCM	Neutrophil	0	0.0052
TCGA-EE-A3J4	SKCM	Neutrophil	0	0.0223
TCGA-EE-A3J4	SKCM	Neutrophil	0	0.0223
TCGA-DA-A95Y	SKCM	Neutrophil	0	0
TCGA-DA-A95Y	SKCM	Neutrophil	0	0
TCGA-DA-A1HY	SKCM	Neutrophil	0	0
TCGA-DA-A1HY	SKCM	Neutrophil	0	0
TCGA-EE-A3JA	SKCM	Neutrophil	0.1723	0.0169
TCGA-EE-A3JA	SKCM	Neutrophil	0.1723	0.0169
TCGA-ER-A19A	SKCM	Neutrophil	0.0487	0.0056
TCGA-ER-A19A	SKCM	Neutrophil	0.0487	0.0056
TCGA-D3-A8GB	SKCM	Neutrophil	0.0326	0.0037
TCGA-D3-A8GB	SKCM	Neutrophil	0.0326	0.0037
TCGA-D3-A8GJ	SKCM	Neutrophil	0.024	0
TCGA-D3-A8GJ	SKCM	Neutrophil	0.024	0
TCGA-FW-A3I3	SKCM	Neutrophil	0.0529	0
TCGA-FW-A3I3	SKCM	Neutrophil	0.0529	0
TCGA-EE-A2MR	SKCM	Neutrophil	0	0.0024
TCGA-EE-A2MR	SKCM	Neutrophil	0	0.0024
TCGA-D3-A8GM	SKCM	Neutrophil	0	0.0026
TCGA-D3-A8GM	SKCM	Neutrophil	0	0.0026
TCGA-D3-A51G	SKCM	Neutrophil	0	0
TCGA-D3-A51G	SKCM	Neutrophil	0	0
TCGA-EB-A5SG	SKCM	Neutrophil	0.0141	0
TCGA-EB-A5SG	SKCM	Neutrophil	0.0141	0
TCGA-FS-A1YX	SKCM	Neutrophil	0	0.0001
TCGA-FS-A1YX	SKCM	Neutrophil	0	0.0001
TCGA-BF-A1PZ	SKCM	Neutrophil	0	0.0151
TCGA-BF-A1PZ	SKCM	Neutrophil	0	0.0151
TCGA-GF-A6C9	SKCM	Neutrophil	0	0.0034
TCGA-GF-A6C9	SKCM	Neutrophil	0	0.0034
TCGA-D3-A2JG	SKCM	Neutrophil	0.0368	0
TCGA-D3-A2JG	SKCM	Neutrophil	0.0368	0
TCGA-EE-A2MK	SKCM	Neutrophil	0	0
TCGA-EE-A2MK	SKCM	Neutrophil	0	0
TCGA-EE-A2GE	SKCM	Neutrophil	0.0453	0
TCGA-EE-A2GE	SKCM	Neutrophil	0.0453	0
TCGA-EE-A29A	SKCM	Neutrophil	0	0.0338
TCGA-EE-A29A	SKCM	Neutrophil	0	0.0338
TCGA-FS-A1ZW	SKCM	Neutrophil	0	0.0086
TCGA-FS-A1ZW	SKCM	Neutrophil	0	0.0086
TCGA-FR-A726	SKCM	Neutrophil	0.0155	0.0504
TCGA-FR-A726	SKCM	Neutrophil	0.0155	0.0504
TCGA-XV-A9VZ	SKCM	Neutrophil	0	0
TCGA-XV-A9VZ	SKCM	Neutrophil	0	0
TCGA-EE-A2MS	SKCM	Neutrophil	0	0
TCGA-EE-A2MS	SKCM	Neutrophil	0	0
TCGA-W3-AA21	SKCM	Neutrophil	0.0155	0.0171
TCGA-W3-AA21	SKCM	Neutrophil	0.0155	0.0171
TCGA-ER-A3ET	SKCM	Neutrophil	0.0333	0.0134
TCGA-ER-A3ET	SKCM	Neutrophil	0.0333	0.0134
TCGA-FS-A1ZP	SKCM	Neutrophil	0.0108	0.0062
TCGA-FS-A1ZP	SKCM	Neutrophil	0.0108	0.0062
TCGA-FS-A4F2	SKCM	Neutrophil	0.0033	0.0221
TCGA-FS-A4F2	SKCM	Neutrophil	0.0033	0.0221
TCGA-EB-A4IQ	SKCM	Neutrophil	0.0256	0
TCGA-EB-A4IQ	SKCM	Neutrophil	0.0256	0
TCGA-FS-A4F0	SKCM	Neutrophil	0	0.0326
TCGA-FS-A4F0	SKCM	Neutrophil	0	0.0326
TCGA-D9-A3Z1	SKCM	Neutrophil	0.1362	0.0077
TCGA-D9-A3Z1	SKCM	Neutrophil	0.1362	0.0077
TCGA-EB-A85I	SKCM	Neutrophil	0	0
TCGA-EB-A85I	SKCM	Neutrophil	0	0
TCGA-D3-A51H	SKCM	Neutrophil	0.0518	0
TCGA-D3-A51H	SKCM	Neutrophil	0.0518	0
TCGA-FW-A3TU	SKCM	Neutrophil	0.0127	0
TCGA-FW-A3TU	SKCM	Neutrophil	0.0127	0
TCGA-ER-A195	SKCM	Neutrophil	0.0191	0
TCGA-ER-A195	SKCM	Neutrophil	0.0191	0
TCGA-EB-A97M	SKCM	Neutrophil	0	0
TCGA-EB-A97M	SKCM	Neutrophil	0	0
TCGA-EB-A3XC	SKCM	Neutrophil	0.0319	0.0297
TCGA-EB-A3XC	SKCM	Neutrophil	0.0319	0.0297
TCGA-RP-A6K9	SKCM	Neutrophil	0.0239	0
TCGA-RP-A6K9	SKCM	Neutrophil	0.0239	0
TCGA-EB-A82C	SKCM	Neutrophil	0	0
TCGA-EB-A82C	SKCM	Neutrophil	0	0
TCGA-DA-A95W	SKCM	Neutrophil	0	0
TCGA-DA-A95W	SKCM	Neutrophil	0	0
TCGA-BF-A5EQ	SKCM	Neutrophil	0	0
TCGA-BF-A5EQ	SKCM	Neutrophil	0	0
TCGA-W3-AA1R	SKCM	Neutrophil	0.088	0.014
TCGA-W3-AA1R	SKCM	Neutrophil	0.088	0.014
TCGA-EE-A2MP	SKCM	Neutrophil	0.0049	0.0013
TCGA-EE-A2MP	SKCM	Neutrophil	0.0049	0.0013
TCGA-3N-A9WC	SKCM	Neutrophil	0.1632	0.0085
TCGA-3N-A9WC	SKCM	Neutrophil	0.1632	0.0085
TCGA-EB-A51B	SKCM	Neutrophil	0	0
TCGA-EB-A51B	SKCM	Neutrophil	0	0
TCGA-EB-A3XF	SKCM	Neutrophil	0.0014	0.0114
TCGA-EB-A3XF	SKCM	Neutrophil	0.0014	0.0114
TCGA-3N-A9WB	SKCM	Neutrophil	0.005	0
TCGA-3N-A9WB	SKCM	Neutrophil	0.005	0
TCGA-WE-A8ZR	SKCM	Neutrophil	0.0761	0.0039
TCGA-WE-A8ZR	SKCM	Neutrophil	0.0761	0.0039
TCGA-D9-A3Z3	SKCM	Neutrophil	0.0221	0
TCGA-D9-A3Z3	SKCM	Neutrophil	0.0221	0
TCGA-FS-A1ZT	SKCM	Neutrophil	0.0319	0.0025
TCGA-FS-A1ZT	SKCM	Neutrophil	0.0319	0.0025
TCGA-FS-A1YW	SKCM	Neutrophil	0.017	0.0113
TCGA-FS-A1YW	SKCM	Neutrophil	0.017	0.0113
TCGA-EE-A2A2	SKCM	Neutrophil	0.218	0.01
TCGA-EE-A2A2	SKCM	Neutrophil	0.218	0.01
TCGA-D3-A8GS	SKCM	Neutrophil	0	0
TCGA-D3-A8GS	SKCM	Neutrophil	0	0
TCGA-EE-A2M6	SKCM	Neutrophil	0	0
TCGA-EE-A2M6	SKCM	Neutrophil	0	0
TCGA-Z2-A8RT	SKCM	Neutrophil	0	0.0088
TCGA-Z2-A8RT	SKCM	Neutrophil	0	0.0088
TCGA-WE-A8ZT	SKCM	Neutrophil	0	0.0075
TCGA-WE-A8ZT	SKCM	Neutrophil	0	0.0075
TCGA-Z2-AA3V	SKCM	Neutrophil	0.0222	0
TCGA-Z2-AA3V	SKCM	Neutrophil	0.0222	0
TCGA-GN-A26A	SKCM	Neutrophil	0.0392	0.0193
TCGA-GN-A26A	SKCM	Neutrophil	0.0392	0.0193
TCGA-EE-A183	SKCM	Neutrophil	0	0
TCGA-EE-A183	SKCM	Neutrophil	0	0
TCGA-EB-A6R0	SKCM	Neutrophil	0	0.0121
TCGA-EB-A6R0	SKCM	Neutrophil	0	0.0121
TCGA-EB-A44R	SKCM	Neutrophil	0.0465	0
TCGA-EB-A44R	SKCM	Neutrophil	0.0465	0
TCGA-EE-A2GD	SKCM	Neutrophil	0	0.0399
TCGA-EE-A2GD	SKCM	Neutrophil	0	0.0399
TCGA-EE-A29S	SKCM	Neutrophil	0	0
TCGA-EE-A29S	SKCM	Neutrophil	0	0
TCGA-EE-A2M8	SKCM	Neutrophil	0	0
TCGA-EE-A2M8	SKCM	Neutrophil	0	0
TCGA-BF-AAP0	SKCM	Neutrophil	0	0.0039
TCGA-BF-AAP0	SKCM	Neutrophil	0	0.0039
TCGA-WE-A8ZY	SKCM	Neutrophil	0.1097	0.0306
TCGA-WE-A8ZY	SKCM	Neutrophil	0.1097	0.0306
TCGA-ER-A19L	SKCM	Neutrophil	0	0.0328
TCGA-ER-A19L	SKCM	Neutrophil	0	0.0328
TCGA-EE-A17X	SKCM	Neutrophil	0.0269	0
TCGA-EE-A17X	SKCM	Neutrophil	0.0269	0
TCGA-GN-A265	SKCM	Neutrophil	0.003	0.0052
TCGA-GN-A265	SKCM	Neutrophil	0.003	0.0052
TCGA-BF-A3DJ	SKCM	Neutrophil	0	0.0384
TCGA-BF-A3DJ	SKCM	Neutrophil	0	0.0384
TCGA-D3-A5GT	SKCM	Neutrophil	0	0
TCGA-D3-A5GT	SKCM	Neutrophil	0	0
TCGA-FR-A3YO	SKCM	Neutrophil	0.028	0.0161
TCGA-FR-A3YO	SKCM	Neutrophil	0.028	0.0161
TCGA-BF-A1Q0	SKCM	Neutrophil	0	0.011
TCGA-BF-A1Q0	SKCM	Neutrophil	0	0.011
TCGA-GN-A8LL	SKCM	Neutrophil	0	0
TCGA-GN-A8LL	SKCM	Neutrophil	0	0
TCGA-EB-A551	SKCM	Neutrophil	0	0
TCGA-EB-A551	SKCM	Neutrophil	0	0
TCGA-XV-A9W5	SKCM	Neutrophil	0	0.0081
TCGA-XV-A9W5	SKCM	Neutrophil	0	0.0081
TCGA-FS-A4FB	SKCM	Neutrophil	0	0.0225
TCGA-FS-A4FB	SKCM	Neutrophil	0	0.0225
TCGA-DA-A1IC	SKCM	Neutrophil	0.0667	0
TCGA-DA-A1IC	SKCM	Neutrophil	0.0667	0
TCGA-HR-A2OH	SKCM	Neutrophil	0	0
TCGA-HR-A2OH	SKCM	Neutrophil	0	0
TCGA-EB-A5UM	SKCM	Neutrophil	0	0.0045
TCGA-EB-A5UM	SKCM	Neutrophil	0	0.0045
TCGA-DA-A95Z	SKCM	Neutrophil	0	0.0156
TCGA-DA-A95Z	SKCM	Neutrophil	0	0.0156
TCGA-BF-AAP1	SKCM	Neutrophil	0	0
TCGA-BF-AAP1	SKCM	Neutrophil	0	0
TCGA-FR-A3R1	SKCM	Neutrophil	0	0.0135
TCGA-FR-A3R1	SKCM	Neutrophil	0	0.0135
TCGA-DA-A1I0	SKCM	Neutrophil	0	0.012
TCGA-DA-A1I0	SKCM	Neutrophil	0	0.012
TCGA-ER-A42K	SKCM	Neutrophil	0	0.0119
TCGA-ER-A42K	SKCM	Neutrophil	0	0.0119
TCGA-DA-A1I1	SKCM	Neutrophil	0	0.0062
TCGA-DA-A1I1	SKCM	Neutrophil	0	0.0062
TCGA-EE-A2MT	SKCM	Neutrophil	0.0094	0
TCGA-EE-A2MT	SKCM	Neutrophil	0.0094	0
TCGA-ER-A19O	SKCM	Neutrophil	0.0039	0
TCGA-ER-A19O	SKCM	Neutrophil	0.0039	0
TCGA-EE-A29Q	SKCM	Neutrophil	0	0.0024
TCGA-EE-A29Q	SKCM	Neutrophil	0	0.0024
TCGA-FS-A1Z0	SKCM	Neutrophil	0.0429	0
TCGA-FS-A1Z0	SKCM	Neutrophil	0.0429	0
TCGA-D3-A5GU	SKCM	Neutrophil	0	0.0055
TCGA-D3-A5GU	SKCM	Neutrophil	0	0.0055
TCGA-EB-A44P	SKCM	Neutrophil	0	0.0047
TCGA-EB-A44P	SKCM	Neutrophil	0	0.0047
TCGA-ER-A2NH	SKCM	Neutrophil	0	0
TCGA-ER-A2NH	SKCM	Neutrophil	0	0
TCGA-GN-A4U4	SKCM	Neutrophil	0.12	0
TCGA-GN-A4U4	SKCM	Neutrophil	0.12	0
TCGA-EE-A3JB	SKCM	Neutrophil	0.0092	0.0007
TCGA-EE-A3JB	SKCM	Neutrophil	0.0092	0.0007
TCGA-EB-A4OY	SKCM	Neutrophil	0	0
TCGA-EB-A4OY	SKCM	Neutrophil	0	0
TCGA-D3-A8GK	SKCM	Neutrophil	0.0356	0
TCGA-D3-A8GK	SKCM	Neutrophil	0.0356	0
TCGA-FS-A1ZB	SKCM	Neutrophil	0.0267	0
TCGA-FS-A1ZB	SKCM	Neutrophil	0.0267	0
TCGA-D3-A2J6	SKCM	Neutrophil	0	0
TCGA-D3-A2J6	SKCM	Neutrophil	0	0
TCGA-EB-A3XD	SKCM	Neutrophil	0.0766	0
TCGA-EB-A3XD	SKCM	Neutrophil	0.0766	0
TCGA-D3-A8GN	SKCM	Neutrophil	0.0136	0.0009
TCGA-D3-A8GN	SKCM	Neutrophil	0.0136	0.0009
TCGA-EE-A20F	SKCM	Neutrophil	0.0361	0
TCGA-EE-A20F	SKCM	Neutrophil	0.0361	0
TCGA-WE-A8JZ	SKCM	Neutrophil	0	0
TCGA-WE-A8JZ	SKCM	Neutrophil	0	0
TCGA-EE-A182	SKCM	Neutrophil	0	0
TCGA-EE-A182	SKCM	Neutrophil	0	0
TCGA-D3-A3MU	SKCM	Neutrophil	0	0
TCGA-D3-A3MU	SKCM	Neutrophil	0	0
TCGA-Z2-AA3S	SKCM	Neutrophil	0	0.0023
TCGA-Z2-AA3S	SKCM	Neutrophil	0	0.0023
TCGA-BF-AAP4	SKCM	Neutrophil	0.1222	0
TCGA-BF-AAP4	SKCM	Neutrophil	0.1222	0
TCGA-D3-A3CE	SKCM	Neutrophil	0	0
TCGA-D3-A3CE	SKCM	Neutrophil	0	0
TCGA-XV-AAZW	SKCM	Neutrophil	0	0.0398
TCGA-XV-AAZW	SKCM	Neutrophil	0	0.0398
TCGA-FS-A4F4	SKCM	Neutrophil	0	0.0143
TCGA-FS-A4F4	SKCM	Neutrophil	0	0.0143
TCGA-FS-A4FD	SKCM	Neutrophil	0.0189	0
TCGA-FS-A4FD	SKCM	Neutrophil	0.0189	0
TCGA-D3-A8GD	SKCM	Neutrophil	0.0495	0
TCGA-D3-A8GD	SKCM	Neutrophil	0.0495	0
TCGA-GN-A264	SKCM	Neutrophil	0	0.0127
TCGA-GN-A264	SKCM	Neutrophil	0	0.0127
TCGA-WE-A8ZQ	SKCM	Neutrophil	0	0
TCGA-WE-A8ZQ	SKCM	Neutrophil	0	0
TCGA-EE-A2GO	SKCM	Neutrophil	0	0
TCGA-EE-A2GO	SKCM	Neutrophil	0	0
TCGA-EB-A82B	SKCM	Neutrophil	0.095	0.0096
TCGA-EB-A82B	SKCM	Neutrophil	0.095	0.0096
TCGA-D3-A51T	SKCM	Neutrophil	0.0669	0.0057
TCGA-D3-A51T	SKCM	Neutrophil	0.0669	0.0057
TCGA-D3-A1Q9	SKCM	Neutrophil	0.0703	0.0022
TCGA-D3-A1Q9	SKCM	Neutrophil	0.0703	0.0022
TCGA-ER-A19M	SKCM	Neutrophil	0.0077	0
TCGA-ER-A19M	SKCM	Neutrophil	0.0077	0
TCGA-EE-A2M7	SKCM	Neutrophil	0	0
TCGA-EE-A2M7	SKCM	Neutrophil	0	0
TCGA-YD-A89C	SKCM	Neutrophil	0	0.0226
TCGA-YD-A89C	SKCM	Neutrophil	0	0.0226
TCGA-D3-A1Q8	SKCM	Neutrophil	0	0.0038
TCGA-D3-A1Q8	SKCM	Neutrophil	0	0.0038
TCGA-DA-A1I8	SKCM	Neutrophil	0	0.0082
TCGA-DA-A1I8	SKCM	Neutrophil	0	0.0082
TCGA-BF-AAP2	SKCM	Neutrophil	0	0.0087
TCGA-BF-AAP2	SKCM	Neutrophil	0	0.0087
TCGA-FS-A1ZU	SKCM	Neutrophil	0.0691	0.0186
TCGA-FS-A1ZU	SKCM	Neutrophil	0.0691	0.0186
TCGA-EE-A180	SKCM	Neutrophil	0	0.0195
TCGA-EE-A180	SKCM	Neutrophil	0	0.0195
TCGA-GN-A8LN	SKCM	Neutrophil	0	0.0247
TCGA-GN-A8LN	SKCM	Neutrophil	0	0.0247
TCGA-DA-A1I4	SKCM	Neutrophil	0.0099	0.0285
TCGA-DA-A1I4	SKCM	Neutrophil	0.0099	0.0285
TCGA-DA-A1HW	SKCM	Neutrophil	0.025	0
TCGA-DA-A1HW	SKCM	Neutrophil	0.025	0
TCGA-EB-A6QZ	SKCM	Neutrophil	0	0.0185
TCGA-EB-A6QZ	SKCM	Neutrophil	0	0.0185
TCGA-YD-A9TB	SKCM	Neutrophil	0	0.0131
TCGA-YD-A9TB	SKCM	Neutrophil	0	0.0131
TCGA-W3-AA1Q	SKCM	Neutrophil	0.0105	0.0063
TCGA-W3-AA1Q	SKCM	Neutrophil	0.0105	0.0063
TCGA-EE-A2A0	SKCM	Neutrophil	0.0072	0.0111
TCGA-EE-A2A0	SKCM	Neutrophil	0.0072	0.0111
TCGA-EB-A6QY	SKCM	Neutrophil	0.0223	0
TCGA-EB-A6QY	SKCM	Neutrophil	0.0223	0
TCGA-BF-A5EO	SKCM	Neutrophil	0.0305	0
TCGA-BF-A5EO	SKCM	Neutrophil	0.0305	0
TCGA-EE-A29E	SKCM	Neutrophil	0.0057	0.08
TCGA-EE-A29E	SKCM	Neutrophil	0.0057	0.08
TCGA-FS-A1Z4	SKCM	Neutrophil	0	0.0073
TCGA-FS-A1Z4	SKCM	Neutrophil	0	0.0073
TCGA-EE-A2MJ	SKCM	Neutrophil	0.0207	0.0011
TCGA-EE-A2MJ	SKCM	Neutrophil	0.0207	0.0011
TCGA-D3-A3MO	SKCM	Neutrophil	0	0
TCGA-D3-A3MO	SKCM	Neutrophil	0	0
TCGA-D3-A5GO	SKCM	Neutrophil	0.0033	0
TCGA-D3-A5GO	SKCM	Neutrophil	0.0033	0
TCGA-EE-A2A5	SKCM	Neutrophil	0	0.0103
TCGA-EE-A2A5	SKCM	Neutrophil	0	0.0103
TCGA-FS-A4F5	SKCM	Neutrophil	0	0
TCGA-FS-A4F5	SKCM	Neutrophil	0	0
TCGA-EE-A2GS	SKCM	Neutrophil	0	0.0003
TCGA-EE-A2GS	SKCM	Neutrophil	0	0.0003
TCGA-ER-A3PL	SKCM	Neutrophil	0	0.0246
TCGA-ER-A3PL	SKCM	Neutrophil	0	0.0246
TCGA-BF-A5EP	SKCM	Neutrophil	0	0
TCGA-BF-A5EP	SKCM	Neutrophil	0	0
TCGA-FW-A5DX	SKCM	Neutrophil	0.0071	0.0078
TCGA-FW-A5DX	SKCM	Neutrophil	0.0071	0.0078
TCGA-EE-A29N	SKCM	Neutrophil	0.1069	0
TCGA-EE-A29N	SKCM	Neutrophil	0.1069	0
TCGA-ER-A193	SKCM	Neutrophil	0.0212	0
TCGA-ER-A193	SKCM	Neutrophil	0.0212	0
TCGA-XV-A9W2	SKCM	Neutrophil	0.0323	0.0325
TCGA-XV-A9W2	SKCM	Neutrophil	0.0323	0.0325
TCGA-EB-A3Y6	SKCM	Neutrophil	0	0.0048
TCGA-EB-A3Y6	SKCM	Neutrophil	0	0.0048
TCGA-D3-A1Q1	SKCM	Neutrophil	0	0.0016
TCGA-D3-A1Q1	SKCM	Neutrophil	0	0.0016
TCGA-WE-A8K6	SKCM	Neutrophil	0	0.0013
TCGA-WE-A8K6	SKCM	Neutrophil	0	0.0013
TCGA-EE-A29G	SKCM	Neutrophil	0.2235	0
TCGA-EE-A29G	SKCM	Neutrophil	0.2235	0
TCGA-DA-A1IB	SKCM	Neutrophil	0.0084	0
TCGA-DA-A1IB	SKCM	Neutrophil	0.0084	0
TCGA-EB-A299	SKCM	Neutrophil	0.0381	0.0058
TCGA-EB-A299	SKCM	Neutrophil	0.0381	0.0058
TCGA-EE-A29B	SKCM	Neutrophil	0.0249	0
TCGA-EE-A29B	SKCM	Neutrophil	0.0249	0
TCGA-GN-A4U3	SKCM	Neutrophil	0.0016	0
TCGA-GN-A4U3	SKCM	Neutrophil	0.0016	0
TCGA-ER-A19G	SKCM	Neutrophil	0.0597	0
TCGA-ER-A19G	SKCM	Neutrophil	0.0597	0
TCGA-EE-A2GH	SKCM	Neutrophil	0.0496	0.0053
TCGA-EE-A2GH	SKCM	Neutrophil	0.0496	0.0053
TCGA-EE-A2GR	SKCM	Neutrophil	0	0.02
TCGA-EE-A2GR	SKCM	Neutrophil	0	0.02
TCGA-XV-AAZV	SKCM	Neutrophil	0.0362	0.0129
TCGA-XV-AAZV	SKCM	Neutrophil	0.0362	0.0129
TCGA-EE-A3AH	SKCM	Neutrophil	0	0.0094
TCGA-EE-A3AH	SKCM	Neutrophil	0	0.0094
TCGA-DA-A960	SKCM	Neutrophil	0.0386	0
TCGA-DA-A960	SKCM	Neutrophil	0.0386	0
TCGA-EE-A3AE	SKCM	Neutrophil	0.0172	0.0016
TCGA-EE-A3AE	SKCM	Neutrophil	0.0172	0.0016
TCGA-D3-A8GP	SKCM	Neutrophil	0	0
TCGA-D3-A8GP	SKCM	Neutrophil	0	0
TCGA-EB-A553	SKCM	Neutrophil	0.0168	0
TCGA-EB-A553	SKCM	Neutrophil	0.0168	0
TCGA-GN-A8LK	SKCM	Neutrophil	0	0
TCGA-GN-A8LK	SKCM	Neutrophil	0	0
TCGA-D3-A51E	SKCM	Neutrophil	0.0251	0.0112
TCGA-D3-A51E	SKCM	Neutrophil	0.0251	0.0112
TCGA-EB-A431	SKCM	Neutrophil	0.0561	0.0676
TCGA-EB-A431	SKCM	Neutrophil	0.0561	0.0676
TCGA-BF-AAP8	SKCM	Neutrophil	0.0076	0
TCGA-BF-AAP8	SKCM	Neutrophil	0.0076	0
TCGA-EE-A2GT	SKCM	Neutrophil	0.0354	0
TCGA-EE-A2GT	SKCM	Neutrophil	0.0354	0
TCGA-W3-AA1V	SKCM	Neutrophil	0.1267	0.0125
TCGA-W3-AA1V	SKCM	Neutrophil	0.1267	0.0125
TCGA-FS-A1ZM	SKCM	Neutrophil	0	0
TCGA-FS-A1ZM	SKCM	Neutrophil	0	0
TCGA-WE-AAA4	SKCM	Neutrophil	0.0228	0
TCGA-WE-AAA4	SKCM	Neutrophil	0.0228	0
TCGA-FW-A5DY	SKCM	Neutrophil	0	0
TCGA-FW-A5DY	SKCM	Neutrophil	0	0
TCGA-D9-A1JW	SKCM	Neutrophil	0.0538	0.0008
TCGA-D9-A1JW	SKCM	Neutrophil	0.0538	0.0008
TCGA-EE-A29T	SKCM	Neutrophil	0	0.007
TCGA-EE-A29T	SKCM	Neutrophil	0	0.007
TCGA-EE-A2GL	SKCM	Neutrophil	0	0.0016
TCGA-EE-A2GL	SKCM	Neutrophil	0	0.0016
TCGA-EB-A4XL	SKCM	Neutrophil	0.0113	0.0088
TCGA-EB-A4XL	SKCM	Neutrophil	0.0113	0.0088
TCGA-FS-A1ZN	SKCM	Neutrophil	0	0
TCGA-FS-A1ZN	SKCM	Neutrophil	0	0
TCGA-EB-A44N	SKCM	Neutrophil	0.0407	0.0087
TCGA-EB-A44N	SKCM	Neutrophil	0.0407	0.0087
TCGA-D3-A5GL	SKCM	Neutrophil	0.1069	0.0102
TCGA-D3-A5GL	SKCM	Neutrophil	0.1069	0.0102
TCGA-ER-A19N	SKCM	Neutrophil	0.0049	0.0064
TCGA-ER-A19N	SKCM	Neutrophil	0.0049	0.0064
TCGA-LH-A9QB	SKCM	Neutrophil	0	0.0015
TCGA-LH-A9QB	SKCM	Neutrophil	0	0.0015
TCGA-FS-A1ZR	SKCM	Neutrophil	0	0
TCGA-FS-A1ZR	SKCM	Neutrophil	0	0
TCGA-FS-A1ZH	SKCM	Neutrophil	0	0.0096
TCGA-FS-A1ZH	SKCM	Neutrophil	0	0.0096
TCGA-EE-A185	SKCM	Neutrophil	0.0448	0.0492
TCGA-EE-A185	SKCM	Neutrophil	0.0448	0.0492
TCGA-FR-A8YE	SKCM	Neutrophil	0	0.005
TCGA-FR-A8YE	SKCM	Neutrophil	0	0.005
TCGA-DA-A3F2	SKCM	Neutrophil	0.0176	0
TCGA-DA-A3F2	SKCM	Neutrophil	0.0176	0
TCGA-WE-A8K1	SKCM	Neutrophil	0.0147	0
TCGA-WE-A8K1	SKCM	Neutrophil	0.0147	0
TCGA-D9-A4Z6	SKCM	Neutrophil	0.0201	0
TCGA-D9-A4Z6	SKCM	Neutrophil	0.0201	0
TCGA-3N-A9WD	SKCM	Neutrophil	0.0214	0
TCGA-3N-A9WD	SKCM	Neutrophil	0.0214	0
TCGA-FS-A1ZY	SKCM	Neutrophil	0.0156	0
TCGA-FS-A1ZY	SKCM	Neutrophil	0.0156	0
TCGA-D9-A4Z5	SKCM	Neutrophil	0	0.022
TCGA-D9-A4Z5	SKCM	Neutrophil	0	0.022
TCGA-EE-A2GJ	SKCM	Neutrophil	0.0399	0.0211
TCGA-EE-A2GJ	SKCM	Neutrophil	0.0399	0.0211
TCGA-IH-A3EA	SKCM	Neutrophil	0.0138	0
TCGA-IH-A3EA	SKCM	Neutrophil	0.0138	0
TCGA-BF-AAP6	SKCM	Neutrophil	0	0
TCGA-BF-AAP6	SKCM	Neutrophil	0	0
TCGA-D3-A2JD	SKCM	Neutrophil	0	0.0025
TCGA-D3-A2JD	SKCM	Neutrophil	0	0.0025
TCGA-EE-A20I	SKCM	Neutrophil	0.0418	0.005
TCGA-EE-A20I	SKCM	Neutrophil	0.0418	0.005
TCGA-EE-A29L	SKCM	Neutrophil	0.0529	0
TCGA-EE-A29L	SKCM	Neutrophil	0.0529	0
TCGA-EB-A3XB	SKCM	Neutrophil	0	0.0222
TCGA-EB-A3XB	SKCM	Neutrophil	0	0.0222
TCGA-EE-A2A1	SKCM	Neutrophil	0.1296	0.0009
TCGA-EE-A2A1	SKCM	Neutrophil	0.1296	0.0009
TCGA-ER-A196	SKCM	Neutrophil	0.0402	0.0401
TCGA-ER-A196	SKCM	Neutrophil	0.0402	0.0401
TCGA-EE-A3AA	SKCM	Neutrophil	0.0259	0
TCGA-EE-A3AA	SKCM	Neutrophil	0.0259	0
TCGA-EB-A5SH	SKCM	Neutrophil	0	0
TCGA-EB-A5SH	SKCM	Neutrophil	0	0
TCGA-GN-A267	SKCM	Neutrophil	0	0.0012
TCGA-GN-A267	SKCM	Neutrophil	0	0.0012
TCGA-GN-A4U9	SKCM	Neutrophil	0	0.001
TCGA-GN-A4U9	SKCM	Neutrophil	0	0.001
TCGA-EE-A3JE	SKCM	Neutrophil	0	0.0123
TCGA-EE-A3JE	SKCM	Neutrophil	0	0.0123
TCGA-WE-AAA0	SKCM	Neutrophil	0.0041	0.0064
TCGA-WE-AAA0	SKCM	Neutrophil	0.0041	0.0064
TCGA-GF-A769	SKCM	Neutrophil	0	0.0545
TCGA-GF-A769	SKCM	Neutrophil	0	0.0545
TCGA-D9-A6EC	SKCM	Neutrophil	0.0328	0
TCGA-D9-A6EC	SKCM	Neutrophil	0.0328	0
TCGA-D3-A5GN	SKCM	Neutrophil	0	0.0027
TCGA-D3-A5GN	SKCM	Neutrophil	0	0.0027
TCGA-D3-A2J8	SKCM	Neutrophil	0.0972	0
TCGA-D3-A2J8	SKCM	Neutrophil	0.0972	0
TCGA-FS-A1ZC	SKCM	Neutrophil	0	0
TCGA-FS-A1ZC	SKCM	Neutrophil	0	0
TCGA-XV-AAZY	SKCM	Neutrophil	0.0122	0
TCGA-XV-AAZY	SKCM	Neutrophil	0.0122	0
TCGA-EE-A3J3	SKCM	Neutrophil	0	0
TCGA-EE-A3J3	SKCM	Neutrophil	0	0
TCGA-EE-A2GI	SKCM	Neutrophil	0.0095	0.0071
TCGA-EE-A2GI	SKCM	Neutrophil	0.0095	0.0071
TCGA-BF-A5ER	SKCM	Neutrophil	0	0
TCGA-BF-A5ER	SKCM	Neutrophil	0	0
TCGA-EB-A3HV	SKCM	Neutrophil	0	0.0248
TCGA-EB-A3HV	SKCM	Neutrophil	0	0.0248
TCGA-FS-A4FC	SKCM	Neutrophil	0	0.0033
TCGA-FS-A4FC	SKCM	Neutrophil	0	0.0033
TCGA-EE-A2M5	SKCM	Neutrophil	0.0453	0.0712
TCGA-EE-A2M5	SKCM	Neutrophil	0.0453	0.0712
TCGA-DA-A3F8	SKCM	Neutrophil	0	0.0002
TCGA-DA-A3F8	SKCM	Neutrophil	0	0.0002
TCGA-WE-A8ZO	SKCM	Neutrophil	0.2698	0
TCGA-WE-A8ZO	SKCM	Neutrophil	0.2698	0
TCGA-GN-A26D	SKCM	Neutrophil	0.0218	0.0112
TCGA-GN-A26D	SKCM	Neutrophil	0.0218	0.0112
TCGA-EB-A5VU	SKCM	Neutrophil	0	0.0199
TCGA-EB-A5VU	SKCM	Neutrophil	0	0.0199
TCGA-D3-A51N	SKCM	Neutrophil	0.0147	0
TCGA-D3-A51N	SKCM	Neutrophil	0.0147	0
TCGA-D3-A3CB	SKCM	Neutrophil	0	0
TCGA-D3-A3CB	SKCM	Neutrophil	0	0
TCGA-ER-A19T	SKCM	Neutrophil	0	0.0185
TCGA-ER-A19T	SKCM	Neutrophil	0	0.0185
TCGA-EE-A3JD	SKCM	Neutrophil	0	0.0065
TCGA-EE-A3JD	SKCM	Neutrophil	0	0.0065
TCGA-FS-A1ZQ	SKCM	Neutrophil	0.0222	0
TCGA-FS-A1ZQ	SKCM	Neutrophil	0.0222	0
TCGA-ER-A3ES	SKCM	Neutrophil	0.0059	0
TCGA-ER-A3ES	SKCM	Neutrophil	0.0059	0
TCGA-ER-A2NC	SKCM	Neutrophil	0.0042	0.0024
TCGA-ER-A2NC	SKCM	Neutrophil	0.0042	0.0024
TCGA-W3-A828	SKCM	Neutrophil	0.0044	0.0152
TCGA-W3-A828	SKCM	Neutrophil	0.0044	0.0152
TCGA-EE-A20C	SKCM	Neutrophil	0	0.0158
TCGA-EE-A20C	SKCM	Neutrophil	0	0.0158
TCGA-EE-A2MH	SKCM	Neutrophil	0	0
TCGA-EE-A2MH	SKCM	Neutrophil	0	0
TCGA-EE-A2GN	SKCM	Neutrophil	0	0
TCGA-EE-A2GN	SKCM	Neutrophil	0	0
TCGA-D3-A8GI	SKCM	Neutrophil	0.0229	0.0062
TCGA-D3-A8GI	SKCM	Neutrophil	0.0229	0.0062
TCGA-D3-A5GS	SKCM	Neutrophil	0	0
TCGA-D3-A5GS	SKCM	Neutrophil	0	0
TCGA-EE-A2MI	SKCM	Neutrophil	0	0.0218
TCGA-EE-A2MI	SKCM	Neutrophil	0	0.0218
TCGA-D3-A3C6	SKCM	Neutrophil	0	0.0084
TCGA-D3-A3C6	SKCM	Neutrophil	0	0.0084
TCGA-EE-A2MQ	SKCM	Neutrophil	0	0.0027
TCGA-EE-A2MQ	SKCM	Neutrophil	0	0.0027
TCGA-FS-A1ZD	SKCM	Neutrophil	0	0.0053
TCGA-FS-A1ZD	SKCM	Neutrophil	0	0.0053
TCGA-GN-A4U5	SKCM	Neutrophil	0.0042	0.0148
TCGA-GN-A4U5	SKCM	Neutrophil	0.0042	0.0148
TCGA-FS-A1YY	SKCM	Neutrophil	0	0
TCGA-FS-A1YY	SKCM	Neutrophil	0	0
TCGA-D3-A3BZ	SKCM	Neutrophil	0.0341	0
TCGA-D3-A3BZ	SKCM	Neutrophil	0.0341	0
TCGA-D9-A3Z4	SKCM	Neutrophil	0	0.0024
TCGA-D9-A3Z4	SKCM	Neutrophil	0	0.0024
TCGA-EE-A3AC	SKCM	Neutrophil	0	0.0136
TCGA-EE-A3AC	SKCM	Neutrophil	0	0.0136
TCGA-D3-A2JF	SKCM	Neutrophil	0.0034	0
TCGA-D3-A2JF	SKCM	Neutrophil	0.0034	0
TCGA-D3-A1QB	SKCM	Neutrophil	0.0123	0.0018
TCGA-D3-A1QB	SKCM	Neutrophil	0.0123	0.0018
TCGA-GN-A268	SKCM	Neutrophil	0.0255	0
TCGA-GN-A268	SKCM	Neutrophil	0.0255	0
TCGA-D3-A5GR	SKCM	Neutrophil	0	0.0009
TCGA-D3-A5GR	SKCM	Neutrophil	0	0.0009
TCGA-EB-A550	SKCM	Neutrophil	0.0259	0.0124
TCGA-EB-A550	SKCM	Neutrophil	0.0259	0.0124
TCGA-D9-A6EG	SKCM	Neutrophil	0.1314	0
TCGA-D9-A6EG	SKCM	Neutrophil	0.1314	0
TCGA-EB-A44O	SKCM	Neutrophil	0.0499	0.024
TCGA-EB-A44O	SKCM	Neutrophil	0.0499	0.024
TCGA-RP-A690	SKCM	Neutrophil	0.0524	0.0396
TCGA-RP-A690	SKCM	Neutrophil	0.0524	0.0396
TCGA-EE-A29H	SKCM	Neutrophil	0.0891	0
TCGA-EE-A29H	SKCM	Neutrophil	0.0891	0
TCGA-EE-A2MM	SKCM	Neutrophil	0	0.0269
TCGA-EE-A2MM	SKCM	Neutrophil	0	0.0269
TCGA-EB-A44Q	SKCM	Neutrophil	0.0963	0
TCGA-EB-A44Q	SKCM	Neutrophil	0.0963	0
TCGA-EB-A3XE	SKCM	Neutrophil	0	0
TCGA-EB-A3XE	SKCM	Neutrophil	0	0
TCGA-FR-A69P	SKCM	Neutrophil	0.0048	0.0284
TCGA-FR-A69P	SKCM	Neutrophil	0.0048	0.0284
TCGA-EE-A2A6	SKCM	Neutrophil	0.0187	0.0014
TCGA-EE-A2A6	SKCM	Neutrophil	0.0187	0.0014
TCGA-ER-A19J	SKCM	Neutrophil	0.0301	0.0071
TCGA-ER-A19J	SKCM	Neutrophil	0.0301	0.0071
TCGA-RP-A694	SKCM	Neutrophil	0.0792	0.0145
TCGA-RP-A694	SKCM	Neutrophil	0.0792	0.0145
TCGA-YD-A9TA	SKCM	Neutrophil	0	0.0086
TCGA-YD-A9TA	SKCM	Neutrophil	0	0.0086
TCGA-WE-AAA3	SKCM	Neutrophil	0.056	0.0003
TCGA-WE-AAA3	SKCM	Neutrophil	0.056	0.0003
TCGA-EB-A3Y7	SKCM	Neutrophil	0	0.0209
TCGA-EB-A3Y7	SKCM	Neutrophil	0	0.0209
TCGA-D9-A6EA	SKCM	Neutrophil	0	0
TCGA-D9-A6EA	SKCM	Neutrophil	0	0
TCGA-D3-A8GO	SKCM	Neutrophil	0	0.0032
TCGA-D3-A8GO	SKCM	Neutrophil	0	0.0032
TCGA-EB-A430	SKCM	Neutrophil	0	0
TCGA-EB-A430	SKCM	Neutrophil	0	0
TCGA-EE-A29W	SKCM	Neutrophil	0	0
TCGA-EE-A29W	SKCM	Neutrophil	0	0
TCGA-DA-A95X	SKCM	Neutrophil	0.0204	0.0038
TCGA-DA-A95X	SKCM	Neutrophil	0.0204	0.0038
TCGA-EE-A2MD	SKCM	Neutrophil	0.1002	0.0043
TCGA-EE-A2MD	SKCM	Neutrophil	0.1002	0.0043
TCGA-ER-A2NF	SKCM	Neutrophil	0.0306	0.002
TCGA-ER-A2NF	SKCM	Neutrophil	0.0306	0.002
TCGA-GN-A4U8	SKCM	Neutrophil	0	0
TCGA-GN-A4U8	SKCM	Neutrophil	0	0
TCGA-EB-A41B	SKCM	Neutrophil	0.0109	0
TCGA-EB-A41B	SKCM	Neutrophil	0.0109	0
TCGA-ER-A19C	SKCM	Neutrophil	0.0182	0
TCGA-ER-A19C	SKCM	Neutrophil	0.0182	0
TCGA-EB-A5UN	SKCM	Neutrophil	0.0409	0.0917
TCGA-EB-A5UN	SKCM	Neutrophil	0.0409	0.0917
TCGA-EE-A3J5	SKCM	Neutrophil	0.0231	0
TCGA-EE-A3J5	SKCM	Neutrophil	0.0231	0
TCGA-EE-A2ME	SKCM	Neutrophil	0	0
TCGA-EE-A2ME	SKCM	Neutrophil	0	0
TCGA-QB-A6FS	SKCM	Neutrophil	0.0073	0.0042
TCGA-QB-A6FS	SKCM	Neutrophil	0.0073	0.0042
TCGA-EE-A29R	SKCM	Neutrophil	0	0.0309
TCGA-EE-A29R	SKCM	Neutrophil	0	0.0309
TCGA-FR-A8YC	SKCM	Neutrophil	0	0.02
TCGA-FR-A8YC	SKCM	Neutrophil	0	0.02
TCGA-DA-A95V	SKCM	Neutrophil	0.0121	0.0062
TCGA-DA-A95V	SKCM	Neutrophil	0.0121	0.0062
TCGA-BF-A3DN	SKCM	Neutrophil	0	0.0143
TCGA-BF-A3DN	SKCM	Neutrophil	0	0.0143
TCGA-EB-A24D	SKCM	Neutrophil	0	0
TCGA-EB-A24D	SKCM	Neutrophil	0	0
TCGA-D3-A2JK	SKCM	Neutrophil	0	0
TCGA-D3-A2JK	SKCM	Neutrophil	0	0
TCGA-EE-A17Z	SKCM	Neutrophil	0	0
TCGA-EE-A17Z	SKCM	Neutrophil	0	0
TCGA-DA-A3F5	SKCM	Neutrophil	0	0.1217
TCGA-DA-A3F5	SKCM	Neutrophil	0	0.1217
TCGA-D3-A2JC	SKCM	Neutrophil	0.0116	0
TCGA-D3-A2JC	SKCM	Neutrophil	0.0116	0
TCGA-W3-AA1O	SKCM	Neutrophil	0.0691	0
TCGA-W3-AA1O	SKCM	Neutrophil	0.0691	0
TCGA-D3-A8GE	SKCM	Neutrophil	0	0.0096
TCGA-D3-A8GE	SKCM	Neutrophil	0	0.0096
TCGA-D3-A2JB	SKCM	Neutrophil	0.0199	0
TCGA-D3-A2JB	SKCM	Neutrophil	0.0199	0
TCGA-EE-A181	SKCM	Neutrophil	0	0
TCGA-EE-A181	SKCM	Neutrophil	0	0
TCGA-EB-A4P0	SKCM	Neutrophil	0	0
TCGA-EB-A4P0	SKCM	Neutrophil	0	0
TCGA-D3-A1Q7	SKCM	Neutrophil	0	0
TCGA-D3-A1Q7	SKCM	Neutrophil	0	0
TCGA-DA-A1I7	SKCM	Neutrophil	0	0.0019
TCGA-DA-A1I7	SKCM	Neutrophil	0	0.0019
TCGA-BF-AAOU	SKCM	Neutrophil	0	0.0351
TCGA-BF-AAOU	SKCM	Neutrophil	0	0.0351
TCGA-FS-A1ZF	SKCM	Neutrophil	0	0
TCGA-FS-A1ZF	SKCM	Neutrophil	0	0
TCGA-ER-A19H	SKCM	Neutrophil	0.0182	0
TCGA-ER-A19H	SKCM	Neutrophil	0.0182	0
TCGA-ER-A199	SKCM	Neutrophil	0	0.002
TCGA-ER-A199	SKCM	Neutrophil	0	0.002
TCGA-DA-A1I5	SKCM	Neutrophil	0.0152	0
TCGA-DA-A1I5	SKCM	Neutrophil	0.0152	0
TCGA-ER-A3EV	SKCM	Neutrophil	0.028	0.0049
TCGA-ER-A3EV	SKCM	Neutrophil	0.028	0.0049
TCGA-GN-A262	SKCM	Neutrophil	0	0
TCGA-GN-A262	SKCM	Neutrophil	0	0
TCGA-FR-A7UA	SKCM	Neutrophil	0	0
TCGA-FR-A7UA	SKCM	Neutrophil	0	0
TCGA-EE-A2GB	SKCM	Neutrophil	0	0.0009
TCGA-EE-A2GB	SKCM	Neutrophil	0	0.0009
TCGA-FW-A3R5	SKCM	Neutrophil	0	0.0152
TCGA-FW-A3R5	SKCM	Neutrophil	0	0.0152
TCGA-D3-A51K	SKCM	Neutrophil	0.0066	0
TCGA-D3-A51K	SKCM	Neutrophil	0.0066	0
TCGA-EE-A2MG	SKCM	Neutrophil	0.081	0.0034
TCGA-EE-A2MG	SKCM	Neutrophil	0.081	0.0034
TCGA-EE-A17Y	SKCM	Neutrophil	0	0.0049
TCGA-EE-A17Y	SKCM	Neutrophil	0	0.0049
TCGA-D3-A1Q4	SKCM	Neutrophil	0	0.0079
TCGA-D3-A1Q4	SKCM	Neutrophil	0	0.0079
TCGA-WE-A8K4	SKCM	Neutrophil	0.0062	0
TCGA-WE-A8K4	SKCM	Neutrophil	0.0062	0
TCGA-ER-A19W	SKCM	Neutrophil	0	0
TCGA-ER-A19W	SKCM	Neutrophil	0	0
TCGA-D3-A2JP	SKCM	Neutrophil	0.0024	0
TCGA-D3-A2JP	SKCM	Neutrophil	0.0024	0
TCGA-D3-A2J9	SKCM	Neutrophil	0.0157	0.0025
TCGA-D3-A2J9	SKCM	Neutrophil	0.0157	0.0025
TCGA-BF-A3DL	SKCM	Neutrophil	0	0.0042
TCGA-BF-A3DL	SKCM	Neutrophil	0	0.0042
TCGA-ER-A198	SKCM	Neutrophil	0.1125	0.0067
TCGA-ER-A198	SKCM	Neutrophil	0.1125	0.0067
TCGA-ER-A42H	SKCM	Neutrophil	0	0
TCGA-ER-A42H	SKCM	Neutrophil	0	0
TCGA-FR-A728	SKCM	Neutrophil	0.0219	0.0235
TCGA-FR-A728	SKCM	Neutrophil	0.0219	0.0235
TCGA-GN-A9SD	SKCM	Neutrophil	0.0525	0.004
TCGA-GN-A9SD	SKCM	Neutrophil	0.0525	0.004
TCGA-GF-A4EO	SKCM	Neutrophil	0	0
TCGA-GF-A4EO	SKCM	Neutrophil	0	0
TCGA-W3-A824	SKCM	Neutrophil	0	0
TCGA-W3-A824	SKCM	Neutrophil	0	0
TCGA-EB-A85J	SKCM	Neutrophil	0	0
TCGA-EB-A85J	SKCM	Neutrophil	0	0
TCGA-EB-A41A	SKCM	Neutrophil	0	0
TCGA-EB-A41A	SKCM	Neutrophil	0	0
TCGA-EB-A42Z	SKCM	Neutrophil	0	0
TCGA-EB-A42Z	SKCM	Neutrophil	0	0
TCGA-BF-A5ES	SKCM	Neutrophil	0	0.0467
TCGA-BF-A5ES	SKCM	Neutrophil	0	0.0467
TCGA-EE-A29D	SKCM	Neutrophil	0	0
TCGA-EE-A29D	SKCM	Neutrophil	0	0
TCGA-EB-A42Y	SKCM	Neutrophil	0.0191	0.0125
TCGA-EB-A42Y	SKCM	Neutrophil	0.0191	0.0125
TCGA-OD-A75X	SKCM	Neutrophil	0	0
TCGA-OD-A75X	SKCM	Neutrophil	0	0
TCGA-BF-A1PV	SKCM	Neutrophil	0.1128	0
TCGA-BF-A1PV	SKCM	Neutrophil	0.1128	0
TCGA-FR-A3YN	SKCM	Neutrophil	0.0036	0.0023
TCGA-FR-A3YN	SKCM	Neutrophil	0.0036	0.0023
TCGA-D9-A1X3	SKCM	Neutrophil	0	0.0067
TCGA-D9-A1X3	SKCM	Neutrophil	0	0.0067
TCGA-EE-A3AG	SKCM	Neutrophil	0	0
TCGA-EE-A3AG	SKCM	Neutrophil	0	0
TCGA-WE-A8ZX	SKCM	Neutrophil	0	0.003
TCGA-WE-A8ZX	SKCM	Neutrophil	0	0.003
TCGA-YG-AA3P	SKCM	Neutrophil	0	0.0228
TCGA-YG-AA3P	SKCM	Neutrophil	0	0.0228
TCGA-EE-A2GK	SKCM	Neutrophil	0.0097	0
TCGA-EE-A2GK	SKCM	Neutrophil	0.0097	0
TCGA-FR-A2OS	SKCM	Neutrophil	0.0007	0
TCGA-FR-A2OS	SKCM	Neutrophil	0.0007	0
TCGA-WE-A8ZN	SKCM	Neutrophil	0.0227	0
TCGA-WE-A8ZN	SKCM	Neutrophil	0.0227	0
TCGA-FS-A1Z7	SKCM	Neutrophil	0.0504	0.007
TCGA-FS-A1Z7	SKCM	Neutrophil	0.0504	0.007
TCGA-ER-A19S	SKCM	Neutrophil	0	0
TCGA-ER-A19S	SKCM	Neutrophil	0	0
TCGA-D9-A1JX	SKCM	Neutrophil	0	0.001
TCGA-D9-A1JX	SKCM	Neutrophil	0	0.001
TCGA-FS-A1ZG	SKCM	Neutrophil	0	0
TCGA-FS-A1ZG	SKCM	Neutrophil	0	0
TCGA-FR-A729	SKCM	Neutrophil	0.0213	0
TCGA-FR-A729	SKCM	Neutrophil	0.0213	0
TCGA-D3-A3MV	SKCM	Neutrophil	0	0
TCGA-D3-A3MV	SKCM	Neutrophil	0	0
TCGA-EB-A5UL	SKCM	Neutrophil	0.0123	0
TCGA-EB-A5UL	SKCM	Neutrophil	0.0123	0
TCGA-EE-A20B	SKCM	Neutrophil	0	0.0055
TCGA-EE-A20B	SKCM	Neutrophil	0	0.0055
TCGA-FS-A1ZZ	SKCM	Neutrophil	0	0.0273
TCGA-FS-A1ZZ	SKCM	Neutrophil	0	0.0273
TCGA-ER-A19B	SKCM	Neutrophil	0	0
TCGA-ER-A19B	SKCM	Neutrophil	0	0
TCGA-ER-A2NG	SKCM	Neutrophil	0.1762	0
TCGA-ER-A2NG	SKCM	Neutrophil	0.1762	0
TCGA-WE-A8ZM	SKCM	Neutrophil	0	0
TCGA-WE-A8ZM	SKCM	Neutrophil	0	0
TCGA-GF-A3OT	SKCM	Neutrophil	0.0324	0.0128
TCGA-GF-A3OT	SKCM	Neutrophil	0.0324	0.0128
TCGA-ER-A19K	SKCM	Neutrophil	0.0234	0.0293
TCGA-ER-A19K	SKCM	Neutrophil	0.0234	0.0293
TCGA-GN-A26C	SKCM	Neutrophil	0	0.0075
TCGA-GN-A26C	SKCM	Neutrophil	0	0.0075
TCGA-EB-A6L9	SKCM	Neutrophil	0.0168	0
TCGA-EB-A6L9	SKCM	Neutrophil	0.0168	0
TCGA-D3-A1QA	SKCM	Neutrophil	0.167	0.0117
TCGA-D3-A1QA	SKCM	Neutrophil	0.167	0.0117
TCGA-D3-A3C3	SKCM	Neutrophil	0	0.0065
TCGA-D3-A3C3	SKCM	Neutrophil	0	0.0065
TCGA-EE-A29C	SKCM	Neutrophil	0.0208	0
TCGA-EE-A29C	SKCM	Neutrophil	0.0208	0
TCGA-EE-A29P	SKCM	Neutrophil	0	0
TCGA-EE-A29P	SKCM	Neutrophil	0	0
TCGA-EB-A5SE	SKCM	Neutrophil	0	0
TCGA-EB-A5SE	SKCM	Neutrophil	0	0
TCGA-D9-A4Z2	SKCM	Neutrophil	0	0.0022
TCGA-D9-A4Z2	SKCM	Neutrophil	0	0.0022
TCGA-D3-A8GR	SKCM	Neutrophil	0.0624	0
TCGA-D3-A8GR	SKCM	Neutrophil	0.0624	0
TCGA-ER-A19P	SKCM	Neutrophil	0	0
TCGA-ER-A19P	SKCM	Neutrophil	0	0
TCGA-D9-A148	SKCM	Neutrophil	0.0788	0
TCGA-D9-A148	SKCM	Neutrophil	0.0788	0
TCGA-D3-A3ML	SKCM	Uncharacterized cells	0.8112	
TCGA-D3-A3ML	SKCM	Uncharacterized cells	0.8112	
TCGA-EE-A3AF	SKCM	Uncharacterized cells	0.7695	
TCGA-EE-A3AF	SKCM	Uncharacterized cells	0.7695	
TCGA-DA-A1I2	SKCM	Uncharacterized cells	0.7518	
TCGA-DA-A1I2	SKCM	Uncharacterized cells	0.7518	
TCGA-EE-A29V	SKCM	Uncharacterized cells	0.7901	
TCGA-EE-A29V	SKCM	Uncharacterized cells	0.7901	
TCGA-EE-A2ML	SKCM	Uncharacterized cells	0.5576	
TCGA-EE-A2ML	SKCM	Uncharacterized cells	0.5576	
TCGA-ER-A42L	SKCM	Uncharacterized cells	0.5854	
TCGA-ER-A42L	SKCM	Uncharacterized cells	0.5854	
TCGA-HR-A2OG	SKCM	Uncharacterized cells	0.6507	
TCGA-HR-A2OG	SKCM	Uncharacterized cells	0.6507	
TCGA-XV-AB01	SKCM	Uncharacterized cells	0.8117	
TCGA-XV-AB01	SKCM	Uncharacterized cells	0.8117	
TCGA-FW-A3TV	SKCM	Uncharacterized cells	0.7857	
TCGA-FW-A3TV	SKCM	Uncharacterized cells	0.7857	
TCGA-D3-A2JO	SKCM	Uncharacterized cells	0.1851	
TCGA-D3-A2JO	SKCM	Uncharacterized cells	0.1851	
TCGA-EB-A57M	SKCM	Uncharacterized cells	0.7782	
TCGA-EB-A57M	SKCM	Uncharacterized cells	0.7782	
TCGA-EE-A2GP	SKCM	Uncharacterized cells	0.7021	
TCGA-EE-A2GP	SKCM	Uncharacterized cells	0.7021	
TCGA-EE-A2MN	SKCM	Uncharacterized cells	0.7147	
TCGA-EE-A2MN	SKCM	Uncharacterized cells	0.7147	
TCGA-EB-A5VV	SKCM	Uncharacterized cells	0.2685	
TCGA-EB-A5VV	SKCM	Uncharacterized cells	0.2685	
TCGA-GN-A4U7	SKCM	Uncharacterized cells	0.8079	
TCGA-GN-A4U7	SKCM	Uncharacterized cells	0.8079	
TCGA-GN-A263	SKCM	Uncharacterized cells	0.7355	
TCGA-GN-A263	SKCM	Uncharacterized cells	0.7355	
TCGA-EE-A2GC	SKCM	Uncharacterized cells	0.5758	
TCGA-EE-A2GC	SKCM	Uncharacterized cells	0.5758	
TCGA-D9-A149	SKCM	Uncharacterized cells	0.6382	
TCGA-D9-A149	SKCM	Uncharacterized cells	0.6382	
TCGA-ER-A19F	SKCM	Uncharacterized cells	0.7341	
TCGA-ER-A19F	SKCM	Uncharacterized cells	0.7341	
TCGA-FS-A4F9	SKCM	Uncharacterized cells	0.8269	
TCGA-FS-A4F9	SKCM	Uncharacterized cells	0.8269	
TCGA-EE-A3J8	SKCM	Uncharacterized cells	0.8788	
TCGA-EE-A3J8	SKCM	Uncharacterized cells	0.8788	
TCGA-EE-A2MU	SKCM	Uncharacterized cells	0.6207	
TCGA-EE-A2MU	SKCM	Uncharacterized cells	0.6207	
TCGA-EE-A2MF	SKCM	Uncharacterized cells	0.7149	
TCGA-EE-A2MF	SKCM	Uncharacterized cells	0.7149	
TCGA-D3-A3MR	SKCM	Uncharacterized cells	0.5766	
TCGA-D3-A3MR	SKCM	Uncharacterized cells	0.5766	
TCGA-EB-A5KH	SKCM	Uncharacterized cells	0.8188	
TCGA-EB-A5KH	SKCM	Uncharacterized cells	0.8188	
TCGA-EE-A3AD	SKCM	Uncharacterized cells	0.7587	
TCGA-EE-A3AD	SKCM	Uncharacterized cells	0.7587	
TCGA-WE-A8K5	SKCM	Uncharacterized cells	0.7817	
TCGA-WE-A8K5	SKCM	Uncharacterized cells	0.7817	
TCGA-EE-A3AB	SKCM	Uncharacterized cells	0.6457	
TCGA-EE-A3AB	SKCM	Uncharacterized cells	0.6457	
TCGA-ER-A2NE	SKCM	Uncharacterized cells	0.6392	
TCGA-ER-A2NE	SKCM	Uncharacterized cells	0.6392	
TCGA-GF-A6C8	SKCM	Uncharacterized cells	0.6994	
TCGA-GF-A6C8	SKCM	Uncharacterized cells	0.6994	
TCGA-WE-AA9Y	SKCM	Uncharacterized cells	0.8261	
TCGA-WE-AA9Y	SKCM	Uncharacterized cells	0.8261	
TCGA-ER-A1A1	SKCM	Uncharacterized cells	0.055	
TCGA-ER-A1A1	SKCM	Uncharacterized cells	0.055	
TCGA-D3-A3CF	SKCM	Uncharacterized cells	0.7007	
TCGA-D3-A3CF	SKCM	Uncharacterized cells	0.7007	
TCGA-FS-A1ZK	SKCM	Uncharacterized cells	0.7584	
TCGA-FS-A1ZK	SKCM	Uncharacterized cells	0.7584	
TCGA-BF-A9VF	SKCM	Uncharacterized cells	0.8205	
TCGA-BF-A9VF	SKCM	Uncharacterized cells	0.8205	
TCGA-D3-A8GL	SKCM	Uncharacterized cells	0.7241	
TCGA-D3-A8GL	SKCM	Uncharacterized cells	0.7241	
TCGA-D3-A3C8	SKCM	Uncharacterized cells	0.2819	
TCGA-D3-A3C8	SKCM	Uncharacterized cells	0.2819	
TCGA-FS-A1ZA	SKCM	Uncharacterized cells	0.7196	
TCGA-FS-A1ZA	SKCM	Uncharacterized cells	0.7196	
TCGA-EB-A4IS	SKCM	Uncharacterized cells	0.613	
TCGA-EB-A4IS	SKCM	Uncharacterized cells	0.613	
TCGA-FR-A44A	SKCM	Uncharacterized cells	0.5189	
TCGA-FR-A44A	SKCM	Uncharacterized cells	0.5189	
TCGA-D3-A2J7	SKCM	Uncharacterized cells	0.561	
TCGA-D3-A2J7	SKCM	Uncharacterized cells	0.561	
TCGA-BF-A1PX	SKCM	Uncharacterized cells	0.6842	
TCGA-BF-A1PX	SKCM	Uncharacterized cells	0.6842	
TCGA-YG-AA3O	SKCM	Uncharacterized cells	0.7876	
TCGA-YG-AA3O	SKCM	Uncharacterized cells	0.7876	
TCGA-EE-A29M	SKCM	Uncharacterized cells	0.7258	
TCGA-EE-A29M	SKCM	Uncharacterized cells	0.7258	
TCGA-ER-A2ND	SKCM	Uncharacterized cells	0.8762	
TCGA-ER-A2ND	SKCM	Uncharacterized cells	0.8762	
TCGA-YG-AA3N	SKCM	Uncharacterized cells	0.6427	
TCGA-YG-AA3N	SKCM	Uncharacterized cells	0.6427	
TCGA-BF-A3DM	SKCM	Uncharacterized cells	0.5623	
TCGA-BF-A3DM	SKCM	Uncharacterized cells	0.5623	
TCGA-D9-A4Z3	SKCM	Uncharacterized cells	0.8705	
TCGA-D9-A4Z3	SKCM	Uncharacterized cells	0.8705	
TCGA-D3-A1Q6	SKCM	Uncharacterized cells	0.7867	
TCGA-D3-A1Q6	SKCM	Uncharacterized cells	0.7867	
TCGA-D3-A8GC	SKCM	Uncharacterized cells	0.7911	
TCGA-D3-A8GC	SKCM	Uncharacterized cells	0.7911	
TCGA-D3-A51R	SKCM	Uncharacterized cells	0.8811	
TCGA-D3-A51R	SKCM	Uncharacterized cells	0.8811	
TCGA-FR-A7U9	SKCM	Uncharacterized cells	0.8018	
TCGA-FR-A7U9	SKCM	Uncharacterized cells	0.8018	
TCGA-D3-A2JN	SKCM	Uncharacterized cells	0.7129	
TCGA-D3-A2JN	SKCM	Uncharacterized cells	0.7129	
TCGA-DA-A1HV	SKCM	Uncharacterized cells	0.6867	
TCGA-DA-A1HV	SKCM	Uncharacterized cells	0.6867	
TCGA-D3-A51F	SKCM	Uncharacterized cells	0.2575	
TCGA-D3-A51F	SKCM	Uncharacterized cells	0.2575	
TCGA-EB-A4OZ	SKCM	Uncharacterized cells	0.8407	
TCGA-EB-A4OZ	SKCM	Uncharacterized cells	0.8407	
TCGA-FR-A7U8	SKCM	Uncharacterized cells	0.8399	
TCGA-FR-A7U8	SKCM	Uncharacterized cells	0.8399	
TCGA-D3-A1Q5	SKCM	Uncharacterized cells	0.7385	
TCGA-D3-A1Q5	SKCM	Uncharacterized cells	0.7385	
TCGA-EE-A2GU	SKCM	Uncharacterized cells	0.5554	
TCGA-EE-A2GU	SKCM	Uncharacterized cells	0.5554	
TCGA-D9-A6E9	SKCM	Uncharacterized cells	0.4975	
TCGA-D9-A6E9	SKCM	Uncharacterized cells	0.4975	
TCGA-EE-A29X	SKCM	Uncharacterized cells	0.6565	
TCGA-EE-A29X	SKCM	Uncharacterized cells	0.6565	
TCGA-EE-A20H	SKCM	Uncharacterized cells	0.7916	
TCGA-EE-A20H	SKCM	Uncharacterized cells	0.7916	
TCGA-EB-A1NK	SKCM	Uncharacterized cells	0.8241	
TCGA-EB-A1NK	SKCM	Uncharacterized cells	0.8241	
TCGA-GF-A2C7	SKCM	Uncharacterized cells	0.7267	
TCGA-GF-A2C7	SKCM	Uncharacterized cells	0.7267	
TCGA-FR-A8YD	SKCM	Uncharacterized cells	0.8317	
TCGA-FR-A8YD	SKCM	Uncharacterized cells	0.8317	
TCGA-D3-A2JL	SKCM	Uncharacterized cells	0.7603	
TCGA-D3-A2JL	SKCM	Uncharacterized cells	0.7603	
TCGA-D3-A1Q3	SKCM	Uncharacterized cells	0.7504	
TCGA-D3-A1Q3	SKCM	Uncharacterized cells	0.7504	
TCGA-EE-A3JI	SKCM	Uncharacterized cells	0.6644	
TCGA-EE-A3JI	SKCM	Uncharacterized cells	0.6644	
TCGA-FS-A1Z3	SKCM	Uncharacterized cells	0.7615	
TCGA-FS-A1Z3	SKCM	Uncharacterized cells	0.7615	
TCGA-ER-A194	SKCM	Uncharacterized cells	0.8514	
TCGA-ER-A194	SKCM	Uncharacterized cells	0.8514	
TCGA-QB-AA9O	SKCM	Uncharacterized cells	0.8281	
TCGA-QB-AA9O	SKCM	Uncharacterized cells	0.8281	
TCGA-FS-A1ZE	SKCM	Uncharacterized cells	0.7618	
TCGA-FS-A1ZE	SKCM	Uncharacterized cells	0.7618	
TCGA-HR-A5NC	SKCM	Uncharacterized cells	0.6775	
TCGA-HR-A5NC	SKCM	Uncharacterized cells	0.6775	
TCGA-D3-A3CC	SKCM	Uncharacterized cells	0.7973	
TCGA-D3-A3CC	SKCM	Uncharacterized cells	0.7973	
TCGA-D3-A51J	SKCM	Uncharacterized cells	0.5818	
TCGA-D3-A51J	SKCM	Uncharacterized cells	0.5818	
TCGA-BF-AAOX	SKCM	Uncharacterized cells	0.8439	
TCGA-BF-AAOX	SKCM	Uncharacterized cells	0.8439	
TCGA-EB-A5FP	SKCM	Uncharacterized cells	0.8355	
TCGA-EB-A5FP	SKCM	Uncharacterized cells	0.8355	
TCGA-EE-A3JH	SKCM	Uncharacterized cells	0.4679	
TCGA-EE-A3JH	SKCM	Uncharacterized cells	0.4679	
TCGA-DA-A1IA	SKCM	Uncharacterized cells	0.6817	
TCGA-DA-A1IA	SKCM	Uncharacterized cells	0.6817	
TCGA-D3-A2JE	SKCM	Uncharacterized cells	0.7882	
TCGA-D3-A2JE	SKCM	Uncharacterized cells	0.7882	
TCGA-FS-A1ZJ	SKCM	Uncharacterized cells	0.8223	
TCGA-FS-A1ZJ	SKCM	Uncharacterized cells	0.8223	
TCGA-EB-A24C	SKCM	Uncharacterized cells	0.7937	
TCGA-EB-A24C	SKCM	Uncharacterized cells	0.7937	
TCGA-FS-A4F8	SKCM	Uncharacterized cells	0.5699	
TCGA-FS-A4F8	SKCM	Uncharacterized cells	0.5699	
TCGA-W3-A825	SKCM	Uncharacterized cells	0.7098	
TCGA-W3-A825	SKCM	Uncharacterized cells	0.7098	
TCGA-D3-A3C1	SKCM	Uncharacterized cells	0.6198	
TCGA-D3-A3C1	SKCM	Uncharacterized cells	0.6198	
TCGA-FS-A1ZS	SKCM	Uncharacterized cells	0.8458	
TCGA-FS-A1ZS	SKCM	Uncharacterized cells	0.8458	
TCGA-D3-A8GQ	SKCM	Uncharacterized cells	0.7789	
TCGA-D3-A8GQ	SKCM	Uncharacterized cells	0.7789	
TCGA-EB-A5SF	SKCM	Uncharacterized cells	0.9196	
TCGA-EB-A5SF	SKCM	Uncharacterized cells	0.9196	
TCGA-D3-A2JA	SKCM	Uncharacterized cells	0.4867	
TCGA-D3-A2JA	SKCM	Uncharacterized cells	0.4867	
TCGA-ER-A19D	SKCM	Uncharacterized cells	0.6533	
TCGA-ER-A19D	SKCM	Uncharacterized cells	0.6533	
TCGA-GN-A266	SKCM	Uncharacterized cells	0.5073	
TCGA-GN-A266	SKCM	Uncharacterized cells	0.5073	
TCGA-DA-A3F3	SKCM	Uncharacterized cells	0.8086	
TCGA-DA-A3F3	SKCM	Uncharacterized cells	0.8086	
TCGA-W3-AA1W	SKCM	Uncharacterized cells	0.3952	
TCGA-W3-AA1W	SKCM	Uncharacterized cells	0.3952	
TCGA-EE-A2MC	SKCM	Uncharacterized cells	0.6373	
TCGA-EE-A2MC	SKCM	Uncharacterized cells	0.6373	
TCGA-RP-A695	SKCM	Uncharacterized cells	0.7341	
TCGA-RP-A695	SKCM	Uncharacterized cells	0.7341	
TCGA-ER-A19Q	SKCM	Uncharacterized cells	0.6197	
TCGA-ER-A19Q	SKCM	Uncharacterized cells	0.6197	
TCGA-D3-A2JH	SKCM	Uncharacterized cells	0.5095	
TCGA-D3-A2JH	SKCM	Uncharacterized cells	0.5095	
TCGA-D3-A8GV	SKCM	Uncharacterized cells	0.8539	
TCGA-D3-A8GV	SKCM	Uncharacterized cells	0.8539	
TCGA-EE-A184	SKCM	Uncharacterized cells	0.7441	
TCGA-EE-A184	SKCM	Uncharacterized cells	0.7441	
TCGA-RP-A693	SKCM	Uncharacterized cells	0.5021	
TCGA-RP-A693	SKCM	Uncharacterized cells	0.5021	
TCGA-D3-A3C7	SKCM	Uncharacterized cells	0.712	
TCGA-D3-A3C7	SKCM	Uncharacterized cells	0.712	
TCGA-EE-A2GM	SKCM	Uncharacterized cells	0.7229	
TCGA-EE-A2GM	SKCM	Uncharacterized cells	0.7229	
TCGA-BF-A1PU	SKCM	Uncharacterized cells	0.7569	
TCGA-BF-A1PU	SKCM	Uncharacterized cells	0.7569	
TCGA-EE-A3J7	SKCM	Uncharacterized cells	0.7862	
TCGA-EE-A3J7	SKCM	Uncharacterized cells	0.7862	
TCGA-BF-AAP7	SKCM	Uncharacterized cells	0.6925	
TCGA-BF-AAP7	SKCM	Uncharacterized cells	0.6925	
TCGA-ER-A197	SKCM	Uncharacterized cells	0.6994	
TCGA-ER-A197	SKCM	Uncharacterized cells	0.6994	
TCGA-ER-A19E	SKCM	Uncharacterized cells	0.6402	
TCGA-ER-A19E	SKCM	Uncharacterized cells	0.6402	
TCGA-EE-A3J4	SKCM	Uncharacterized cells	0.7718	
TCGA-EE-A3J4	SKCM	Uncharacterized cells	0.7718	
TCGA-DA-A95Y	SKCM	Uncharacterized cells	0.8483	
TCGA-DA-A95Y	SKCM	Uncharacterized cells	0.8483	
TCGA-DA-A1HY	SKCM	Uncharacterized cells	0.7138	
TCGA-DA-A1HY	SKCM	Uncharacterized cells	0.7138	
TCGA-EE-A3JA	SKCM	Uncharacterized cells	0.6953	
TCGA-EE-A3JA	SKCM	Uncharacterized cells	0.6953	
TCGA-ER-A19A	SKCM	Uncharacterized cells	0.4182	
TCGA-ER-A19A	SKCM	Uncharacterized cells	0.4182	
TCGA-D3-A8GB	SKCM	Uncharacterized cells	0.7535	
TCGA-D3-A8GB	SKCM	Uncharacterized cells	0.7535	
TCGA-D3-A8GJ	SKCM	Uncharacterized cells	0.5925	
TCGA-D3-A8GJ	SKCM	Uncharacterized cells	0.5925	
TCGA-FW-A3I3	SKCM	Uncharacterized cells	0.7835	
TCGA-FW-A3I3	SKCM	Uncharacterized cells	0.7835	
TCGA-EE-A2MR	SKCM	Uncharacterized cells	0.3706	
TCGA-EE-A2MR	SKCM	Uncharacterized cells	0.3706	
TCGA-D3-A8GM	SKCM	Uncharacterized cells	0.7257	
TCGA-D3-A8GM	SKCM	Uncharacterized cells	0.7257	
TCGA-D3-A51G	SKCM	Uncharacterized cells	0.6679	
TCGA-D3-A51G	SKCM	Uncharacterized cells	0.6679	
TCGA-EB-A5SG	SKCM	Uncharacterized cells	0.574	
TCGA-EB-A5SG	SKCM	Uncharacterized cells	0.574	
TCGA-FS-A1YX	SKCM	Uncharacterized cells	0.6989	
TCGA-FS-A1YX	SKCM	Uncharacterized cells	0.6989	
TCGA-BF-A1PZ	SKCM	Uncharacterized cells	0.7864	
TCGA-BF-A1PZ	SKCM	Uncharacterized cells	0.7864	
TCGA-GF-A6C9	SKCM	Uncharacterized cells	0.6204	
TCGA-GF-A6C9	SKCM	Uncharacterized cells	0.6204	
TCGA-D3-A2JG	SKCM	Uncharacterized cells	0.8776	
TCGA-D3-A2JG	SKCM	Uncharacterized cells	0.8776	
TCGA-EE-A2MK	SKCM	Uncharacterized cells	0.5846	
TCGA-EE-A2MK	SKCM	Uncharacterized cells	0.5846	
TCGA-EE-A2GE	SKCM	Uncharacterized cells	0.4195	
TCGA-EE-A2GE	SKCM	Uncharacterized cells	0.4195	
TCGA-EE-A29A	SKCM	Uncharacterized cells	0.741	
TCGA-EE-A29A	SKCM	Uncharacterized cells	0.741	
TCGA-FS-A1ZW	SKCM	Uncharacterized cells	0.5677	
TCGA-FS-A1ZW	SKCM	Uncharacterized cells	0.5677	
TCGA-FR-A726	SKCM	Uncharacterized cells	0.7875	
TCGA-FR-A726	SKCM	Uncharacterized cells	0.7875	
TCGA-XV-A9VZ	SKCM	Uncharacterized cells	0.795	
TCGA-XV-A9VZ	SKCM	Uncharacterized cells	0.795	
TCGA-EE-A2MS	SKCM	Uncharacterized cells	0.6525	
TCGA-EE-A2MS	SKCM	Uncharacterized cells	0.6525	
TCGA-W3-AA21	SKCM	Uncharacterized cells	0.8758	
TCGA-W3-AA21	SKCM	Uncharacterized cells	0.8758	
TCGA-ER-A3ET	SKCM	Uncharacterized cells	0.6927	
TCGA-ER-A3ET	SKCM	Uncharacterized cells	0.6927	
TCGA-FS-A1ZP	SKCM	Uncharacterized cells	0.658	
TCGA-FS-A1ZP	SKCM	Uncharacterized cells	0.658	
TCGA-FS-A4F2	SKCM	Uncharacterized cells	0.8233	
TCGA-FS-A4F2	SKCM	Uncharacterized cells	0.8233	
TCGA-EB-A4IQ	SKCM	Uncharacterized cells	0.8021	
TCGA-EB-A4IQ	SKCM	Uncharacterized cells	0.8021	
TCGA-FS-A4F0	SKCM	Uncharacterized cells	0.7059	
TCGA-FS-A4F0	SKCM	Uncharacterized cells	0.7059	
TCGA-D9-A3Z1	SKCM	Uncharacterized cells	0.6586	
TCGA-D9-A3Z1	SKCM	Uncharacterized cells	0.6586	
TCGA-EB-A85I	SKCM	Uncharacterized cells	0.7216	
TCGA-EB-A85I	SKCM	Uncharacterized cells	0.7216	
TCGA-D3-A51H	SKCM	Uncharacterized cells	0.3607	
TCGA-D3-A51H	SKCM	Uncharacterized cells	0.3607	
TCGA-FW-A3TU	SKCM	Uncharacterized cells	0.867	
TCGA-FW-A3TU	SKCM	Uncharacterized cells	0.867	
TCGA-ER-A195	SKCM	Uncharacterized cells	0.5007	
TCGA-ER-A195	SKCM	Uncharacterized cells	0.5007	
TCGA-EB-A97M	SKCM	Uncharacterized cells	0.8335	
TCGA-EB-A97M	SKCM	Uncharacterized cells	0.8335	
TCGA-EB-A3XC	SKCM	Uncharacterized cells	0.841	
TCGA-EB-A3XC	SKCM	Uncharacterized cells	0.841	
TCGA-RP-A6K9	SKCM	Uncharacterized cells	0.7706	
TCGA-RP-A6K9	SKCM	Uncharacterized cells	0.7706	
TCGA-EB-A82C	SKCM	Uncharacterized cells	0.8192	
TCGA-EB-A82C	SKCM	Uncharacterized cells	0.8192	
TCGA-DA-A95W	SKCM	Uncharacterized cells	0.8078	
TCGA-DA-A95W	SKCM	Uncharacterized cells	0.8078	
TCGA-BF-A5EQ	SKCM	Uncharacterized cells	0.6773	
TCGA-BF-A5EQ	SKCM	Uncharacterized cells	0.6773	
TCGA-W3-AA1R	SKCM	Uncharacterized cells	0.8162	
TCGA-W3-AA1R	SKCM	Uncharacterized cells	0.8162	
TCGA-EE-A2MP	SKCM	Uncharacterized cells	0.6973	
TCGA-EE-A2MP	SKCM	Uncharacterized cells	0.6973	
TCGA-3N-A9WC	SKCM	Uncharacterized cells	0.6081	
TCGA-3N-A9WC	SKCM	Uncharacterized cells	0.6081	
TCGA-EB-A51B	SKCM	Uncharacterized cells	0.786	
TCGA-EB-A51B	SKCM	Uncharacterized cells	0.786	
TCGA-EB-A3XF	SKCM	Uncharacterized cells	0.6859	
TCGA-EB-A3XF	SKCM	Uncharacterized cells	0.6859	
TCGA-3N-A9WB	SKCM	Uncharacterized cells	0.8793	
TCGA-3N-A9WB	SKCM	Uncharacterized cells	0.8793	
TCGA-WE-A8ZR	SKCM	Uncharacterized cells	0.7126	
TCGA-WE-A8ZR	SKCM	Uncharacterized cells	0.7126	
TCGA-D9-A3Z3	SKCM	Uncharacterized cells	0.7144	
TCGA-D9-A3Z3	SKCM	Uncharacterized cells	0.7144	
TCGA-FS-A1ZT	SKCM	Uncharacterized cells	0.7119	
TCGA-FS-A1ZT	SKCM	Uncharacterized cells	0.7119	
TCGA-FS-A1YW	SKCM	Uncharacterized cells	0.8109	
TCGA-FS-A1YW	SKCM	Uncharacterized cells	0.8109	
TCGA-EE-A2A2	SKCM	Uncharacterized cells	0.6969	
TCGA-EE-A2A2	SKCM	Uncharacterized cells	0.6969	
TCGA-D3-A8GS	SKCM	Uncharacterized cells	0.7204	
TCGA-D3-A8GS	SKCM	Uncharacterized cells	0.7204	
TCGA-EE-A2M6	SKCM	Uncharacterized cells	0.6255	
TCGA-EE-A2M6	SKCM	Uncharacterized cells	0.6255	
TCGA-Z2-A8RT	SKCM	Uncharacterized cells	0.6882	
TCGA-Z2-A8RT	SKCM	Uncharacterized cells	0.6882	
TCGA-WE-A8ZT	SKCM	Uncharacterized cells	0.6863	
TCGA-WE-A8ZT	SKCM	Uncharacterized cells	0.6863	
TCGA-Z2-AA3V	SKCM	Uncharacterized cells	0.6698	
TCGA-Z2-AA3V	SKCM	Uncharacterized cells	0.6698	
TCGA-GN-A26A	SKCM	Uncharacterized cells	0.6768	
TCGA-GN-A26A	SKCM	Uncharacterized cells	0.6768	
TCGA-EE-A183	SKCM	Uncharacterized cells	0.6672	
TCGA-EE-A183	SKCM	Uncharacterized cells	0.6672	
TCGA-EB-A6R0	SKCM	Uncharacterized cells	0.7076	
TCGA-EB-A6R0	SKCM	Uncharacterized cells	0.7076	
TCGA-EB-A44R	SKCM	Uncharacterized cells	0.7502	
TCGA-EB-A44R	SKCM	Uncharacterized cells	0.7502	
TCGA-EE-A2GD	SKCM	Uncharacterized cells	0.599	
TCGA-EE-A2GD	SKCM	Uncharacterized cells	0.599	
TCGA-EE-A29S	SKCM	Uncharacterized cells	0.7335	
TCGA-EE-A29S	SKCM	Uncharacterized cells	0.7335	
TCGA-EE-A2M8	SKCM	Uncharacterized cells	0.3593	
TCGA-EE-A2M8	SKCM	Uncharacterized cells	0.3593	
TCGA-BF-AAP0	SKCM	Uncharacterized cells	0.5752	
TCGA-BF-AAP0	SKCM	Uncharacterized cells	0.5752	
TCGA-WE-A8ZY	SKCM	Uncharacterized cells	0.7198	
TCGA-WE-A8ZY	SKCM	Uncharacterized cells	0.7198	
TCGA-ER-A19L	SKCM	Uncharacterized cells	0.7377	
TCGA-ER-A19L	SKCM	Uncharacterized cells	0.7377	
TCGA-EE-A17X	SKCM	Uncharacterized cells	0.8377	
TCGA-EE-A17X	SKCM	Uncharacterized cells	0.8377	
TCGA-GN-A265	SKCM	Uncharacterized cells	0.5938	
TCGA-GN-A265	SKCM	Uncharacterized cells	0.5938	
TCGA-BF-A3DJ	SKCM	Uncharacterized cells	0.646	
TCGA-BF-A3DJ	SKCM	Uncharacterized cells	0.646	
TCGA-D3-A5GT	SKCM	Uncharacterized cells	0.8769	
TCGA-D3-A5GT	SKCM	Uncharacterized cells	0.8769	
TCGA-FR-A3YO	SKCM	Uncharacterized cells	0.802	
TCGA-FR-A3YO	SKCM	Uncharacterized cells	0.802	
TCGA-BF-A1Q0	SKCM	Uncharacterized cells	0.7554	
TCGA-BF-A1Q0	SKCM	Uncharacterized cells	0.7554	
TCGA-GN-A8LL	SKCM	Uncharacterized cells	0.8773	
TCGA-GN-A8LL	SKCM	Uncharacterized cells	0.8773	
TCGA-EB-A551	SKCM	Uncharacterized cells	0.5544	
TCGA-EB-A551	SKCM	Uncharacterized cells	0.5544	
TCGA-XV-A9W5	SKCM	Uncharacterized cells	0.7079	
TCGA-XV-A9W5	SKCM	Uncharacterized cells	0.7079	
TCGA-FS-A4FB	SKCM	Uncharacterized cells	0.7523	
TCGA-FS-A4FB	SKCM	Uncharacterized cells	0.7523	
TCGA-DA-A1IC	SKCM	Uncharacterized cells	0.6899	
TCGA-DA-A1IC	SKCM	Uncharacterized cells	0.6899	
TCGA-HR-A2OH	SKCM	Uncharacterized cells	0.3333	
TCGA-HR-A2OH	SKCM	Uncharacterized cells	0.3333	
TCGA-EB-A5UM	SKCM	Uncharacterized cells	0.8578	
TCGA-EB-A5UM	SKCM	Uncharacterized cells	0.8578	
TCGA-DA-A95Z	SKCM	Uncharacterized cells	0.8191	
TCGA-DA-A95Z	SKCM	Uncharacterized cells	0.8191	
TCGA-BF-AAP1	SKCM	Uncharacterized cells	0.8047	
TCGA-BF-AAP1	SKCM	Uncharacterized cells	0.8047	
TCGA-FR-A3R1	SKCM	Uncharacterized cells	0.6979	
TCGA-FR-A3R1	SKCM	Uncharacterized cells	0.6979	
TCGA-DA-A1I0	SKCM	Uncharacterized cells	0.8198	
TCGA-DA-A1I0	SKCM	Uncharacterized cells	0.8198	
TCGA-ER-A42K	SKCM	Uncharacterized cells	0.6665	
TCGA-ER-A42K	SKCM	Uncharacterized cells	0.6665	
TCGA-DA-A1I1	SKCM	Uncharacterized cells	0.5782	
TCGA-DA-A1I1	SKCM	Uncharacterized cells	0.5782	
TCGA-EE-A2MT	SKCM	Uncharacterized cells	0.739	
TCGA-EE-A2MT	SKCM	Uncharacterized cells	0.739	
TCGA-ER-A19O	SKCM	Uncharacterized cells	0.6232	
TCGA-ER-A19O	SKCM	Uncharacterized cells	0.6232	
TCGA-EE-A29Q	SKCM	Uncharacterized cells	0.754	
TCGA-EE-A29Q	SKCM	Uncharacterized cells	0.754	
TCGA-FS-A1Z0	SKCM	Uncharacterized cells	0.6568	
TCGA-FS-A1Z0	SKCM	Uncharacterized cells	0.6568	
TCGA-D3-A5GU	SKCM	Uncharacterized cells	0.6664	
TCGA-D3-A5GU	SKCM	Uncharacterized cells	0.6664	
TCGA-EB-A44P	SKCM	Uncharacterized cells	0.7547	
TCGA-EB-A44P	SKCM	Uncharacterized cells	0.7547	
TCGA-ER-A2NH	SKCM	Uncharacterized cells	0.4157	
TCGA-ER-A2NH	SKCM	Uncharacterized cells	0.4157	
TCGA-GN-A4U4	SKCM	Uncharacterized cells	0.8026	
TCGA-GN-A4U4	SKCM	Uncharacterized cells	0.8026	
TCGA-EE-A3JB	SKCM	Uncharacterized cells	0.7481	
TCGA-EE-A3JB	SKCM	Uncharacterized cells	0.7481	
TCGA-EB-A4OY	SKCM	Uncharacterized cells	0.8447	
TCGA-EB-A4OY	SKCM	Uncharacterized cells	0.8447	
TCGA-D3-A8GK	SKCM	Uncharacterized cells	0.8603	
TCGA-D3-A8GK	SKCM	Uncharacterized cells	0.8603	
TCGA-FS-A1ZB	SKCM	Uncharacterized cells	0.7347	
TCGA-FS-A1ZB	SKCM	Uncharacterized cells	0.7347	
TCGA-D3-A2J6	SKCM	Uncharacterized cells	0.7552	
TCGA-D3-A2J6	SKCM	Uncharacterized cells	0.7552	
TCGA-EB-A3XD	SKCM	Uncharacterized cells	0.7571	
TCGA-EB-A3XD	SKCM	Uncharacterized cells	0.7571	
TCGA-D3-A8GN	SKCM	Uncharacterized cells	0.6558	
TCGA-D3-A8GN	SKCM	Uncharacterized cells	0.6558	
TCGA-EE-A20F	SKCM	Uncharacterized cells	0.7732	
TCGA-EE-A20F	SKCM	Uncharacterized cells	0.7732	
TCGA-WE-A8JZ	SKCM	Uncharacterized cells	0.8352	
TCGA-WE-A8JZ	SKCM	Uncharacterized cells	0.8352	
TCGA-EE-A182	SKCM	Uncharacterized cells	0.8017	
TCGA-EE-A182	SKCM	Uncharacterized cells	0.8017	
TCGA-D3-A3MU	SKCM	Uncharacterized cells	0.7444	
TCGA-D3-A3MU	SKCM	Uncharacterized cells	0.7444	
TCGA-Z2-AA3S	SKCM	Uncharacterized cells	0.7143	
TCGA-Z2-AA3S	SKCM	Uncharacterized cells	0.7143	
TCGA-BF-AAP4	SKCM	Uncharacterized cells	0.661	
TCGA-BF-AAP4	SKCM	Uncharacterized cells	0.661	
TCGA-D3-A3CE	SKCM	Uncharacterized cells	0.6063	
TCGA-D3-A3CE	SKCM	Uncharacterized cells	0.6063	
TCGA-XV-AAZW	SKCM	Uncharacterized cells	0.8313	
TCGA-XV-AAZW	SKCM	Uncharacterized cells	0.8313	
TCGA-FS-A4F4	SKCM	Uncharacterized cells	0.8155	
TCGA-FS-A4F4	SKCM	Uncharacterized cells	0.8155	
TCGA-FS-A4FD	SKCM	Uncharacterized cells	0.8246	
TCGA-FS-A4FD	SKCM	Uncharacterized cells	0.8246	
TCGA-D3-A8GD	SKCM	Uncharacterized cells	0.5959	
TCGA-D3-A8GD	SKCM	Uncharacterized cells	0.5959	
TCGA-GN-A264	SKCM	Uncharacterized cells	0.7211	
TCGA-GN-A264	SKCM	Uncharacterized cells	0.7211	
TCGA-WE-A8ZQ	SKCM	Uncharacterized cells	0.7422	
TCGA-WE-A8ZQ	SKCM	Uncharacterized cells	0.7422	
TCGA-EE-A2GO	SKCM	Uncharacterized cells	0.7334	
TCGA-EE-A2GO	SKCM	Uncharacterized cells	0.7334	
TCGA-EB-A82B	SKCM	Uncharacterized cells	0.7219	
TCGA-EB-A82B	SKCM	Uncharacterized cells	0.7219	
TCGA-D3-A51T	SKCM	Uncharacterized cells	0.8055	
TCGA-D3-A51T	SKCM	Uncharacterized cells	0.8055	
TCGA-D3-A1Q9	SKCM	Uncharacterized cells	0.7581	
TCGA-D3-A1Q9	SKCM	Uncharacterized cells	0.7581	
TCGA-ER-A19M	SKCM	Uncharacterized cells	0.7236	
TCGA-ER-A19M	SKCM	Uncharacterized cells	0.7236	
TCGA-EE-A2M7	SKCM	Uncharacterized cells	0.6027	
TCGA-EE-A2M7	SKCM	Uncharacterized cells	0.6027	
TCGA-YD-A89C	SKCM	Uncharacterized cells	0.8568	
TCGA-YD-A89C	SKCM	Uncharacterized cells	0.8568	
TCGA-D3-A1Q8	SKCM	Uncharacterized cells	0.5746	
TCGA-D3-A1Q8	SKCM	Uncharacterized cells	0.5746	
TCGA-DA-A1I8	SKCM	Uncharacterized cells	0.665	
TCGA-DA-A1I8	SKCM	Uncharacterized cells	0.665	
TCGA-BF-AAP2	SKCM	Uncharacterized cells	0.8149	
TCGA-BF-AAP2	SKCM	Uncharacterized cells	0.8149	
TCGA-FS-A1ZU	SKCM	Uncharacterized cells	0.8676	
TCGA-FS-A1ZU	SKCM	Uncharacterized cells	0.8676	
TCGA-EE-A180	SKCM	Uncharacterized cells	0.7619	
TCGA-EE-A180	SKCM	Uncharacterized cells	0.7619	
TCGA-GN-A8LN	SKCM	Uncharacterized cells	0.6821	
TCGA-GN-A8LN	SKCM	Uncharacterized cells	0.6821	
TCGA-DA-A1I4	SKCM	Uncharacterized cells	0.7571	
TCGA-DA-A1I4	SKCM	Uncharacterized cells	0.7571	
TCGA-DA-A1HW	SKCM	Uncharacterized cells	0.6887	
TCGA-DA-A1HW	SKCM	Uncharacterized cells	0.6887	
TCGA-EB-A6QZ	SKCM	Uncharacterized cells	0.7489	
TCGA-EB-A6QZ	SKCM	Uncharacterized cells	0.7489	
TCGA-YD-A9TB	SKCM	Uncharacterized cells	0.7212	
TCGA-YD-A9TB	SKCM	Uncharacterized cells	0.7212	
TCGA-W3-AA1Q	SKCM	Uncharacterized cells	0.8122	
TCGA-W3-AA1Q	SKCM	Uncharacterized cells	0.8122	
TCGA-EE-A2A0	SKCM	Uncharacterized cells	0.5521	
TCGA-EE-A2A0	SKCM	Uncharacterized cells	0.5521	
TCGA-EB-A6QY	SKCM	Uncharacterized cells	0.856	
TCGA-EB-A6QY	SKCM	Uncharacterized cells	0.856	
TCGA-BF-A5EO	SKCM	Uncharacterized cells	0.7374	
TCGA-BF-A5EO	SKCM	Uncharacterized cells	0.7374	
TCGA-EE-A29E	SKCM	Uncharacterized cells	0.8049	
TCGA-EE-A29E	SKCM	Uncharacterized cells	0.8049	
TCGA-FS-A1Z4	SKCM	Uncharacterized cells	0.5916	
TCGA-FS-A1Z4	SKCM	Uncharacterized cells	0.5916	
TCGA-EE-A2MJ	SKCM	Uncharacterized cells	0.5936	
TCGA-EE-A2MJ	SKCM	Uncharacterized cells	0.5936	
TCGA-D3-A3MO	SKCM	Uncharacterized cells	0.7627	
TCGA-D3-A3MO	SKCM	Uncharacterized cells	0.7627	
TCGA-D3-A5GO	SKCM	Uncharacterized cells	0.8081	
TCGA-D3-A5GO	SKCM	Uncharacterized cells	0.8081	
TCGA-EE-A2A5	SKCM	Uncharacterized cells	0.8145	
TCGA-EE-A2A5	SKCM	Uncharacterized cells	0.8145	
TCGA-FS-A4F5	SKCM	Uncharacterized cells	0.7297	
TCGA-FS-A4F5	SKCM	Uncharacterized cells	0.7297	
TCGA-EE-A2GS	SKCM	Uncharacterized cells	0.743	
TCGA-EE-A2GS	SKCM	Uncharacterized cells	0.743	
TCGA-ER-A3PL	SKCM	Uncharacterized cells	0.7288	
TCGA-ER-A3PL	SKCM	Uncharacterized cells	0.7288	
TCGA-BF-A5EP	SKCM	Uncharacterized cells	0.8012	
TCGA-BF-A5EP	SKCM	Uncharacterized cells	0.8012	
TCGA-FW-A5DX	SKCM	Uncharacterized cells	0.8021	
TCGA-FW-A5DX	SKCM	Uncharacterized cells	0.8021	
TCGA-EE-A29N	SKCM	Uncharacterized cells	0.5544	
TCGA-EE-A29N	SKCM	Uncharacterized cells	0.5544	
TCGA-ER-A193	SKCM	Uncharacterized cells	0.6848	
TCGA-ER-A193	SKCM	Uncharacterized cells	0.6848	
TCGA-XV-A9W2	SKCM	Uncharacterized cells	0.9023	
TCGA-XV-A9W2	SKCM	Uncharacterized cells	0.9023	
TCGA-EB-A3Y6	SKCM	Uncharacterized cells	0.7116	
TCGA-EB-A3Y6	SKCM	Uncharacterized cells	0.7116	
TCGA-D3-A1Q1	SKCM	Uncharacterized cells	0.7587	
TCGA-D3-A1Q1	SKCM	Uncharacterized cells	0.7587	
TCGA-WE-A8K6	SKCM	Uncharacterized cells	0.8471	
TCGA-WE-A8K6	SKCM	Uncharacterized cells	0.8471	
TCGA-EE-A29G	SKCM	Uncharacterized cells	0.7338	
TCGA-EE-A29G	SKCM	Uncharacterized cells	0.7338	
TCGA-DA-A1IB	SKCM	Uncharacterized cells	0.3456	
TCGA-DA-A1IB	SKCM	Uncharacterized cells	0.3456	
TCGA-EB-A299	SKCM	Uncharacterized cells	0.8425	
TCGA-EB-A299	SKCM	Uncharacterized cells	0.8425	
TCGA-EE-A29B	SKCM	Uncharacterized cells	0.7768	
TCGA-EE-A29B	SKCM	Uncharacterized cells	0.7768	
TCGA-GN-A4U3	SKCM	Uncharacterized cells	0.766	
TCGA-GN-A4U3	SKCM	Uncharacterized cells	0.766	
TCGA-ER-A19G	SKCM	Uncharacterized cells	0.5529	
TCGA-ER-A19G	SKCM	Uncharacterized cells	0.5529	
TCGA-EE-A2GH	SKCM	Uncharacterized cells	0.6896	
TCGA-EE-A2GH	SKCM	Uncharacterized cells	0.6896	
TCGA-EE-A2GR	SKCM	Uncharacterized cells	0.7658	
TCGA-EE-A2GR	SKCM	Uncharacterized cells	0.7658	
TCGA-XV-AAZV	SKCM	Uncharacterized cells	0.7765	
TCGA-XV-AAZV	SKCM	Uncharacterized cells	0.7765	
TCGA-EE-A3AH	SKCM	Uncharacterized cells	0.5923	
TCGA-EE-A3AH	SKCM	Uncharacterized cells	0.5923	
TCGA-DA-A960	SKCM	Uncharacterized cells	0.8846	
TCGA-DA-A960	SKCM	Uncharacterized cells	0.8846	
TCGA-EE-A3AE	SKCM	Uncharacterized cells	0.6831	
TCGA-EE-A3AE	SKCM	Uncharacterized cells	0.6831	
TCGA-D3-A8GP	SKCM	Uncharacterized cells	0.7597	
TCGA-D3-A8GP	SKCM	Uncharacterized cells	0.7597	
TCGA-EB-A553	SKCM	Uncharacterized cells	0.8766	
TCGA-EB-A553	SKCM	Uncharacterized cells	0.8766	
TCGA-GN-A8LK	SKCM	Uncharacterized cells	0.8898	
TCGA-GN-A8LK	SKCM	Uncharacterized cells	0.8898	
TCGA-D3-A51E	SKCM	Uncharacterized cells	0.7073	
TCGA-D3-A51E	SKCM	Uncharacterized cells	0.7073	
TCGA-EB-A431	SKCM	Uncharacterized cells	0.7984	
TCGA-EB-A431	SKCM	Uncharacterized cells	0.7984	
TCGA-BF-AAP8	SKCM	Uncharacterized cells	0.8736	
TCGA-BF-AAP8	SKCM	Uncharacterized cells	0.8736	
TCGA-EE-A2GT	SKCM	Uncharacterized cells	0.5565	
TCGA-EE-A2GT	SKCM	Uncharacterized cells	0.5565	
TCGA-W3-AA1V	SKCM	Uncharacterized cells	0.7821	
TCGA-W3-AA1V	SKCM	Uncharacterized cells	0.7821	
TCGA-FS-A1ZM	SKCM	Uncharacterized cells	0.4855	
TCGA-FS-A1ZM	SKCM	Uncharacterized cells	0.4855	
TCGA-WE-AAA4	SKCM	Uncharacterized cells	0.4448	
TCGA-WE-AAA4	SKCM	Uncharacterized cells	0.4448	
TCGA-FW-A5DY	SKCM	Uncharacterized cells	0.5167	
TCGA-FW-A5DY	SKCM	Uncharacterized cells	0.5167	
TCGA-D9-A1JW	SKCM	Uncharacterized cells	0.7415	
TCGA-D9-A1JW	SKCM	Uncharacterized cells	0.7415	
TCGA-EE-A29T	SKCM	Uncharacterized cells	0.6288	
TCGA-EE-A29T	SKCM	Uncharacterized cells	0.6288	
TCGA-EE-A2GL	SKCM	Uncharacterized cells	0.5869	
TCGA-EE-A2GL	SKCM	Uncharacterized cells	0.5869	
TCGA-EB-A4XL	SKCM	Uncharacterized cells	0.7622	
TCGA-EB-A4XL	SKCM	Uncharacterized cells	0.7622	
TCGA-FS-A1ZN	SKCM	Uncharacterized cells	0.7892	
TCGA-FS-A1ZN	SKCM	Uncharacterized cells	0.7892	
TCGA-EB-A44N	SKCM	Uncharacterized cells	0.7539	
TCGA-EB-A44N	SKCM	Uncharacterized cells	0.7539	
TCGA-D3-A5GL	SKCM	Uncharacterized cells	0.7792	
TCGA-D3-A5GL	SKCM	Uncharacterized cells	0.7792	
TCGA-ER-A19N	SKCM	Uncharacterized cells	0.6274	
TCGA-ER-A19N	SKCM	Uncharacterized cells	0.6274	
TCGA-LH-A9QB	SKCM	Uncharacterized cells	0.7956	
TCGA-LH-A9QB	SKCM	Uncharacterized cells	0.7956	
TCGA-FS-A1ZR	SKCM	Uncharacterized cells	0.7283	
TCGA-FS-A1ZR	SKCM	Uncharacterized cells	0.7283	
TCGA-FS-A1ZH	SKCM	Uncharacterized cells	0.6311	
TCGA-FS-A1ZH	SKCM	Uncharacterized cells	0.6311	
TCGA-EE-A185	SKCM	Uncharacterized cells	0.8239	
TCGA-EE-A185	SKCM	Uncharacterized cells	0.8239	
TCGA-FR-A8YE	SKCM	Uncharacterized cells	0.5024	
TCGA-FR-A8YE	SKCM	Uncharacterized cells	0.5024	
TCGA-DA-A3F2	SKCM	Uncharacterized cells	0.4692	
TCGA-DA-A3F2	SKCM	Uncharacterized cells	0.4692	
TCGA-WE-A8K1	SKCM	Uncharacterized cells	0.7482	
TCGA-WE-A8K1	SKCM	Uncharacterized cells	0.7482	
TCGA-D9-A4Z6	SKCM	Uncharacterized cells	0.8508	
TCGA-D9-A4Z6	SKCM	Uncharacterized cells	0.8508	
TCGA-3N-A9WD	SKCM	Uncharacterized cells	0.8653	
TCGA-3N-A9WD	SKCM	Uncharacterized cells	0.8653	
TCGA-FS-A1ZY	SKCM	Uncharacterized cells	0.7618	
TCGA-FS-A1ZY	SKCM	Uncharacterized cells	0.7618	
TCGA-D9-A4Z5	SKCM	Uncharacterized cells	0.2259	
TCGA-D9-A4Z5	SKCM	Uncharacterized cells	0.2259	
TCGA-EE-A2GJ	SKCM	Uncharacterized cells	0.609	
TCGA-EE-A2GJ	SKCM	Uncharacterized cells	0.609	
TCGA-IH-A3EA	SKCM	Uncharacterized cells	0.8511	
TCGA-IH-A3EA	SKCM	Uncharacterized cells	0.8511	
TCGA-BF-AAP6	SKCM	Uncharacterized cells	0.711	
TCGA-BF-AAP6	SKCM	Uncharacterized cells	0.711	
TCGA-D3-A2JD	SKCM	Uncharacterized cells	0.6769	
TCGA-D3-A2JD	SKCM	Uncharacterized cells	0.6769	
TCGA-EE-A20I	SKCM	Uncharacterized cells	0.7123	
TCGA-EE-A20I	SKCM	Uncharacterized cells	0.7123	
TCGA-EE-A29L	SKCM	Uncharacterized cells	0.8424	
TCGA-EE-A29L	SKCM	Uncharacterized cells	0.8424	
TCGA-EB-A3XB	SKCM	Uncharacterized cells	0.6938	
TCGA-EB-A3XB	SKCM	Uncharacterized cells	0.6938	
TCGA-EE-A2A1	SKCM	Uncharacterized cells	0.6607	
TCGA-EE-A2A1	SKCM	Uncharacterized cells	0.6607	
TCGA-ER-A196	SKCM	Uncharacterized cells	0.8094	
TCGA-ER-A196	SKCM	Uncharacterized cells	0.8094	
TCGA-EE-A3AA	SKCM	Uncharacterized cells	0.6638	
TCGA-EE-A3AA	SKCM	Uncharacterized cells	0.6638	
TCGA-EB-A5SH	SKCM	Uncharacterized cells	0.7588	
TCGA-EB-A5SH	SKCM	Uncharacterized cells	0.7588	
TCGA-GN-A267	SKCM	Uncharacterized cells	0.8037	
TCGA-GN-A267	SKCM	Uncharacterized cells	0.8037	
TCGA-GN-A4U9	SKCM	Uncharacterized cells	0.8159	
TCGA-GN-A4U9	SKCM	Uncharacterized cells	0.8159	
TCGA-EE-A3JE	SKCM	Uncharacterized cells	0.3602	
TCGA-EE-A3JE	SKCM	Uncharacterized cells	0.3602	
TCGA-WE-AAA0	SKCM	Uncharacterized cells	0.8239	
TCGA-WE-AAA0	SKCM	Uncharacterized cells	0.8239	
TCGA-GF-A769	SKCM	Uncharacterized cells	0.7262	
TCGA-GF-A769	SKCM	Uncharacterized cells	0.7262	
TCGA-D9-A6EC	SKCM	Uncharacterized cells	0.6975	
TCGA-D9-A6EC	SKCM	Uncharacterized cells	0.6975	
TCGA-D3-A5GN	SKCM	Uncharacterized cells	0.6733	
TCGA-D3-A5GN	SKCM	Uncharacterized cells	0.6733	
TCGA-D3-A2J8	SKCM	Uncharacterized cells	0.6993	
TCGA-D3-A2J8	SKCM	Uncharacterized cells	0.6993	
TCGA-FS-A1ZC	SKCM	Uncharacterized cells	0.7267	
TCGA-FS-A1ZC	SKCM	Uncharacterized cells	0.7267	
TCGA-XV-AAZY	SKCM	Uncharacterized cells	0.8645	
TCGA-XV-AAZY	SKCM	Uncharacterized cells	0.8645	
TCGA-EE-A3J3	SKCM	Uncharacterized cells	0.7815	
TCGA-EE-A3J3	SKCM	Uncharacterized cells	0.7815	
TCGA-EE-A2GI	SKCM	Uncharacterized cells	0.7439	
TCGA-EE-A2GI	SKCM	Uncharacterized cells	0.7439	
TCGA-BF-A5ER	SKCM	Uncharacterized cells	0.7753	
TCGA-BF-A5ER	SKCM	Uncharacterized cells	0.7753	
TCGA-EB-A3HV	SKCM	Uncharacterized cells	0.7653	
TCGA-EB-A3HV	SKCM	Uncharacterized cells	0.7653	
TCGA-FS-A4FC	SKCM	Uncharacterized cells	0.7244	
TCGA-FS-A4FC	SKCM	Uncharacterized cells	0.7244	
TCGA-EE-A2M5	SKCM	Uncharacterized cells	0.8763	
TCGA-EE-A2M5	SKCM	Uncharacterized cells	0.8763	
TCGA-DA-A3F8	SKCM	Uncharacterized cells	0.32	
TCGA-DA-A3F8	SKCM	Uncharacterized cells	0.32	
TCGA-WE-A8ZO	SKCM	Uncharacterized cells	0.6324	
TCGA-WE-A8ZO	SKCM	Uncharacterized cells	0.6324	
TCGA-GN-A26D	SKCM	Uncharacterized cells	0.7739	
TCGA-GN-A26D	SKCM	Uncharacterized cells	0.7739	
TCGA-EB-A5VU	SKCM	Uncharacterized cells	0.6917	
TCGA-EB-A5VU	SKCM	Uncharacterized cells	0.6917	
TCGA-D3-A51N	SKCM	Uncharacterized cells	0.7331	
TCGA-D3-A51N	SKCM	Uncharacterized cells	0.7331	
TCGA-D3-A3CB	SKCM	Uncharacterized cells	0.4029	
TCGA-D3-A3CB	SKCM	Uncharacterized cells	0.4029	
TCGA-ER-A19T	SKCM	Uncharacterized cells	0.7993	
TCGA-ER-A19T	SKCM	Uncharacterized cells	0.7993	
TCGA-EE-A3JD	SKCM	Uncharacterized cells	0.4292	
TCGA-EE-A3JD	SKCM	Uncharacterized cells	0.4292	
TCGA-FS-A1ZQ	SKCM	Uncharacterized cells	0.8359	
TCGA-FS-A1ZQ	SKCM	Uncharacterized cells	0.8359	
TCGA-ER-A3ES	SKCM	Uncharacterized cells	0.9222	
TCGA-ER-A3ES	SKCM	Uncharacterized cells	0.9222	
TCGA-ER-A2NC	SKCM	Uncharacterized cells	0.5935	
TCGA-ER-A2NC	SKCM	Uncharacterized cells	0.5935	
TCGA-W3-A828	SKCM	Uncharacterized cells	0.7704	
TCGA-W3-A828	SKCM	Uncharacterized cells	0.7704	
TCGA-EE-A20C	SKCM	Uncharacterized cells	0.8578	
TCGA-EE-A20C	SKCM	Uncharacterized cells	0.8578	
TCGA-EE-A2MH	SKCM	Uncharacterized cells	0.7064	
TCGA-EE-A2MH	SKCM	Uncharacterized cells	0.7064	
TCGA-EE-A2GN	SKCM	Uncharacterized cells	0.7289	
TCGA-EE-A2GN	SKCM	Uncharacterized cells	0.7289	
TCGA-D3-A8GI	SKCM	Uncharacterized cells	0.8324	
TCGA-D3-A8GI	SKCM	Uncharacterized cells	0.8324	
TCGA-D3-A5GS	SKCM	Uncharacterized cells	0.6738	
TCGA-D3-A5GS	SKCM	Uncharacterized cells	0.6738	
TCGA-EE-A2MI	SKCM	Uncharacterized cells	0.4953	
TCGA-EE-A2MI	SKCM	Uncharacterized cells	0.4953	
TCGA-D3-A3C6	SKCM	Uncharacterized cells	0.7591	
TCGA-D3-A3C6	SKCM	Uncharacterized cells	0.7591	
TCGA-EE-A2MQ	SKCM	Uncharacterized cells	0.7824	
TCGA-EE-A2MQ	SKCM	Uncharacterized cells	0.7824	
TCGA-FS-A1ZD	SKCM	Uncharacterized cells	0.261	
TCGA-FS-A1ZD	SKCM	Uncharacterized cells	0.261	
TCGA-GN-A4U5	SKCM	Uncharacterized cells	0.7056	
TCGA-GN-A4U5	SKCM	Uncharacterized cells	0.7056	
TCGA-FS-A1YY	SKCM	Uncharacterized cells	0.8447	
TCGA-FS-A1YY	SKCM	Uncharacterized cells	0.8447	
TCGA-D3-A3BZ	SKCM	Uncharacterized cells	0.67	
TCGA-D3-A3BZ	SKCM	Uncharacterized cells	0.67	
TCGA-D9-A3Z4	SKCM	Uncharacterized cells	0.7389	
TCGA-D9-A3Z4	SKCM	Uncharacterized cells	0.7389	
TCGA-EE-A3AC	SKCM	Uncharacterized cells	0.7126	
TCGA-EE-A3AC	SKCM	Uncharacterized cells	0.7126	
TCGA-D3-A2JF	SKCM	Uncharacterized cells	0.7016	
TCGA-D3-A2JF	SKCM	Uncharacterized cells	0.7016	
TCGA-D3-A1QB	SKCM	Uncharacterized cells	0.596	
TCGA-D3-A1QB	SKCM	Uncharacterized cells	0.596	
TCGA-GN-A268	SKCM	Uncharacterized cells	0.7879	
TCGA-GN-A268	SKCM	Uncharacterized cells	0.7879	
TCGA-D3-A5GR	SKCM	Uncharacterized cells	0.6241	
TCGA-D3-A5GR	SKCM	Uncharacterized cells	0.6241	
TCGA-EB-A550	SKCM	Uncharacterized cells	0.8249	
TCGA-EB-A550	SKCM	Uncharacterized cells	0.8249	
TCGA-D9-A6EG	SKCM	Uncharacterized cells	0.7328	
TCGA-D9-A6EG	SKCM	Uncharacterized cells	0.7328	
TCGA-EB-A44O	SKCM	Uncharacterized cells	0.7504	
TCGA-EB-A44O	SKCM	Uncharacterized cells	0.7504	
TCGA-RP-A690	SKCM	Uncharacterized cells	0.8624	
TCGA-RP-A690	SKCM	Uncharacterized cells	0.8624	
TCGA-EE-A29H	SKCM	Uncharacterized cells	0.7772	
TCGA-EE-A29H	SKCM	Uncharacterized cells	0.7772	
TCGA-EE-A2MM	SKCM	Uncharacterized cells	0.6567	
TCGA-EE-A2MM	SKCM	Uncharacterized cells	0.6567	
TCGA-EB-A44Q	SKCM	Uncharacterized cells	0.6711	
TCGA-EB-A44Q	SKCM	Uncharacterized cells	0.6711	
TCGA-EB-A3XE	SKCM	Uncharacterized cells	0.8194	
TCGA-EB-A3XE	SKCM	Uncharacterized cells	0.8194	
TCGA-FR-A69P	SKCM	Uncharacterized cells	0.8	
TCGA-FR-A69P	SKCM	Uncharacterized cells	0.8	
TCGA-EE-A2A6	SKCM	Uncharacterized cells	0.5459	
TCGA-EE-A2A6	SKCM	Uncharacterized cells	0.5459	
TCGA-ER-A19J	SKCM	Uncharacterized cells	0.7624	
TCGA-ER-A19J	SKCM	Uncharacterized cells	0.7624	
TCGA-RP-A694	SKCM	Uncharacterized cells	0.7898	
TCGA-RP-A694	SKCM	Uncharacterized cells	0.7898	
TCGA-YD-A9TA	SKCM	Uncharacterized cells	0.6591	
TCGA-YD-A9TA	SKCM	Uncharacterized cells	0.6591	
TCGA-WE-AAA3	SKCM	Uncharacterized cells	0.7547	
TCGA-WE-AAA3	SKCM	Uncharacterized cells	0.7547	
TCGA-EB-A3Y7	SKCM	Uncharacterized cells	0.8205	
TCGA-EB-A3Y7	SKCM	Uncharacterized cells	0.8205	
TCGA-D9-A6EA	SKCM	Uncharacterized cells	0.7413	
TCGA-D9-A6EA	SKCM	Uncharacterized cells	0.7413	
TCGA-D3-A8GO	SKCM	Uncharacterized cells	0.7317	
TCGA-D3-A8GO	SKCM	Uncharacterized cells	0.7317	
TCGA-EB-A430	SKCM	Uncharacterized cells	0.8489	
TCGA-EB-A430	SKCM	Uncharacterized cells	0.8489	
TCGA-EE-A29W	SKCM	Uncharacterized cells	0.7661	
TCGA-EE-A29W	SKCM	Uncharacterized cells	0.7661	
TCGA-DA-A95X	SKCM	Uncharacterized cells	0.6777	
TCGA-DA-A95X	SKCM	Uncharacterized cells	0.6777	
TCGA-EE-A2MD	SKCM	Uncharacterized cells	0.5948	
TCGA-EE-A2MD	SKCM	Uncharacterized cells	0.5948	
TCGA-ER-A2NF	SKCM	Uncharacterized cells	0.8437	
TCGA-ER-A2NF	SKCM	Uncharacterized cells	0.8437	
TCGA-GN-A4U8	SKCM	Uncharacterized cells	0.7241	
TCGA-GN-A4U8	SKCM	Uncharacterized cells	0.7241	
TCGA-EB-A41B	SKCM	Uncharacterized cells	0.8634	
TCGA-EB-A41B	SKCM	Uncharacterized cells	0.8634	
TCGA-ER-A19C	SKCM	Uncharacterized cells	0.852	
TCGA-ER-A19C	SKCM	Uncharacterized cells	0.852	
TCGA-EB-A5UN	SKCM	Uncharacterized cells	0.6587	
TCGA-EB-A5UN	SKCM	Uncharacterized cells	0.6587	
TCGA-EE-A3J5	SKCM	Uncharacterized cells	0.7474	
TCGA-EE-A3J5	SKCM	Uncharacterized cells	0.7474	
TCGA-EE-A2ME	SKCM	Uncharacterized cells	0.2564	
TCGA-EE-A2ME	SKCM	Uncharacterized cells	0.2564	
TCGA-QB-A6FS	SKCM	Uncharacterized cells	0.7318	
TCGA-QB-A6FS	SKCM	Uncharacterized cells	0.7318	
TCGA-EE-A29R	SKCM	Uncharacterized cells	0.8204	
TCGA-EE-A29R	SKCM	Uncharacterized cells	0.8204	
TCGA-FR-A8YC	SKCM	Uncharacterized cells	0.7928	
TCGA-FR-A8YC	SKCM	Uncharacterized cells	0.7928	
TCGA-DA-A95V	SKCM	Uncharacterized cells	0.8168	
TCGA-DA-A95V	SKCM	Uncharacterized cells	0.8168	
TCGA-BF-A3DN	SKCM	Uncharacterized cells	0.6707	
TCGA-BF-A3DN	SKCM	Uncharacterized cells	0.6707	
TCGA-EB-A24D	SKCM	Uncharacterized cells	0.8045	
TCGA-EB-A24D	SKCM	Uncharacterized cells	0.8045	
TCGA-D3-A2JK	SKCM	Uncharacterized cells	0.8445	
TCGA-D3-A2JK	SKCM	Uncharacterized cells	0.8445	
TCGA-EE-A17Z	SKCM	Uncharacterized cells	0.7708	
TCGA-EE-A17Z	SKCM	Uncharacterized cells	0.7708	
TCGA-DA-A3F5	SKCM	Uncharacterized cells	0.8073	
TCGA-DA-A3F5	SKCM	Uncharacterized cells	0.8073	
TCGA-D3-A2JC	SKCM	Uncharacterized cells	0.5482	
TCGA-D3-A2JC	SKCM	Uncharacterized cells	0.5482	
TCGA-W3-AA1O	SKCM	Uncharacterized cells	0.727	
TCGA-W3-AA1O	SKCM	Uncharacterized cells	0.727	
TCGA-D3-A8GE	SKCM	Uncharacterized cells	0.5594	
TCGA-D3-A8GE	SKCM	Uncharacterized cells	0.5594	
TCGA-D3-A2JB	SKCM	Uncharacterized cells	0.5786	
TCGA-D3-A2JB	SKCM	Uncharacterized cells	0.5786	
TCGA-EE-A181	SKCM	Uncharacterized cells	0.6529	
TCGA-EE-A181	SKCM	Uncharacterized cells	0.6529	
TCGA-EB-A4P0	SKCM	Uncharacterized cells	0.8572	
TCGA-EB-A4P0	SKCM	Uncharacterized cells	0.8572	
TCGA-D3-A1Q7	SKCM	Uncharacterized cells	0.4684	
TCGA-D3-A1Q7	SKCM	Uncharacterized cells	0.4684	
TCGA-DA-A1I7	SKCM	Uncharacterized cells	0.8036	
TCGA-DA-A1I7	SKCM	Uncharacterized cells	0.8036	
TCGA-BF-AAOU	SKCM	Uncharacterized cells	0.7705	
TCGA-BF-AAOU	SKCM	Uncharacterized cells	0.7705	
TCGA-FS-A1ZF	SKCM	Uncharacterized cells	0.8286	
TCGA-FS-A1ZF	SKCM	Uncharacterized cells	0.8286	
TCGA-ER-A19H	SKCM	Uncharacterized cells	0.6283	
TCGA-ER-A19H	SKCM	Uncharacterized cells	0.6283	
TCGA-ER-A199	SKCM	Uncharacterized cells	0.4738	
TCGA-ER-A199	SKCM	Uncharacterized cells	0.4738	
TCGA-DA-A1I5	SKCM	Uncharacterized cells	0.6627	
TCGA-DA-A1I5	SKCM	Uncharacterized cells	0.6627	
TCGA-ER-A3EV	SKCM	Uncharacterized cells	0.8195	
TCGA-ER-A3EV	SKCM	Uncharacterized cells	0.8195	
TCGA-GN-A262	SKCM	Uncharacterized cells	0.7877	
TCGA-GN-A262	SKCM	Uncharacterized cells	0.7877	
TCGA-FR-A7UA	SKCM	Uncharacterized cells	0.045	
TCGA-FR-A7UA	SKCM	Uncharacterized cells	0.045	
TCGA-EE-A2GB	SKCM	Uncharacterized cells	0.6909	
TCGA-EE-A2GB	SKCM	Uncharacterized cells	0.6909	
TCGA-FW-A3R5	SKCM	Uncharacterized cells	0.833	
TCGA-FW-A3R5	SKCM	Uncharacterized cells	0.833	
TCGA-D3-A51K	SKCM	Uncharacterized cells	0.8696	
TCGA-D3-A51K	SKCM	Uncharacterized cells	0.8696	
TCGA-EE-A2MG	SKCM	Uncharacterized cells	0.5093	
TCGA-EE-A2MG	SKCM	Uncharacterized cells	0.5093	
TCGA-EE-A17Y	SKCM	Uncharacterized cells	0.7501	
TCGA-EE-A17Y	SKCM	Uncharacterized cells	0.7501	
TCGA-D3-A1Q4	SKCM	Uncharacterized cells	0.7022	
TCGA-D3-A1Q4	SKCM	Uncharacterized cells	0.7022	
TCGA-WE-A8K4	SKCM	Uncharacterized cells	0.6571	
TCGA-WE-A8K4	SKCM	Uncharacterized cells	0.6571	
TCGA-ER-A19W	SKCM	Uncharacterized cells	0.4715	
TCGA-ER-A19W	SKCM	Uncharacterized cells	0.4715	
TCGA-D3-A2JP	SKCM	Uncharacterized cells	0.7793	
TCGA-D3-A2JP	SKCM	Uncharacterized cells	0.7793	
TCGA-D3-A2J9	SKCM	Uncharacterized cells	0.3462	
TCGA-D3-A2J9	SKCM	Uncharacterized cells	0.3462	
TCGA-BF-A3DL	SKCM	Uncharacterized cells	0.8725	
TCGA-BF-A3DL	SKCM	Uncharacterized cells	0.8725	
TCGA-ER-A198	SKCM	Uncharacterized cells	0.7412	
TCGA-ER-A198	SKCM	Uncharacterized cells	0.7412	
TCGA-ER-A42H	SKCM	Uncharacterized cells	0.7952	
TCGA-ER-A42H	SKCM	Uncharacterized cells	0.7952	
TCGA-FR-A728	SKCM	Uncharacterized cells	0.6301	
TCGA-FR-A728	SKCM	Uncharacterized cells	0.6301	
TCGA-GN-A9SD	SKCM	Uncharacterized cells	0.6259	
TCGA-GN-A9SD	SKCM	Uncharacterized cells	0.6259	
TCGA-GF-A4EO	SKCM	Uncharacterized cells	0.4243	
TCGA-GF-A4EO	SKCM	Uncharacterized cells	0.4243	
TCGA-W3-A824	SKCM	Uncharacterized cells	0.7469	
TCGA-W3-A824	SKCM	Uncharacterized cells	0.7469	
TCGA-EB-A85J	SKCM	Uncharacterized cells	0.7083	
TCGA-EB-A85J	SKCM	Uncharacterized cells	0.7083	
TCGA-EB-A41A	SKCM	Uncharacterized cells	0.7772	
TCGA-EB-A41A	SKCM	Uncharacterized cells	0.7772	
TCGA-EB-A42Z	SKCM	Uncharacterized cells	0.7448	
TCGA-EB-A42Z	SKCM	Uncharacterized cells	0.7448	
TCGA-BF-A5ES	SKCM	Uncharacterized cells	0.7383	
TCGA-BF-A5ES	SKCM	Uncharacterized cells	0.7383	
TCGA-EE-A29D	SKCM	Uncharacterized cells	0.7226	
TCGA-EE-A29D	SKCM	Uncharacterized cells	0.7226	
TCGA-EB-A42Y	SKCM	Uncharacterized cells	0.8735	
TCGA-EB-A42Y	SKCM	Uncharacterized cells	0.8735	
TCGA-OD-A75X	SKCM	Uncharacterized cells	0.6916	
TCGA-OD-A75X	SKCM	Uncharacterized cells	0.6916	
TCGA-BF-A1PV	SKCM	Uncharacterized cells	0.7002	
TCGA-BF-A1PV	SKCM	Uncharacterized cells	0.7002	
TCGA-FR-A3YN	SKCM	Uncharacterized cells	0.7425	
TCGA-FR-A3YN	SKCM	Uncharacterized cells	0.7425	
TCGA-D9-A1X3	SKCM	Uncharacterized cells	0.6639	
TCGA-D9-A1X3	SKCM	Uncharacterized cells	0.6639	
TCGA-EE-A3AG	SKCM	Uncharacterized cells	0.7846	
TCGA-EE-A3AG	SKCM	Uncharacterized cells	0.7846	
TCGA-WE-A8ZX	SKCM	Uncharacterized cells	0.7532	
TCGA-WE-A8ZX	SKCM	Uncharacterized cells	0.7532	
TCGA-YG-AA3P	SKCM	Uncharacterized cells	0.9182	
TCGA-YG-AA3P	SKCM	Uncharacterized cells	0.9182	
TCGA-EE-A2GK	SKCM	Uncharacterized cells	0.2048	
TCGA-EE-A2GK	SKCM	Uncharacterized cells	0.2048	
TCGA-FR-A2OS	SKCM	Uncharacterized cells	0.7746	
TCGA-FR-A2OS	SKCM	Uncharacterized cells	0.7746	
TCGA-WE-A8ZN	SKCM	Uncharacterized cells	0.8599	
TCGA-WE-A8ZN	SKCM	Uncharacterized cells	0.8599	
TCGA-FS-A1Z7	SKCM	Uncharacterized cells	0.6788	
TCGA-FS-A1Z7	SKCM	Uncharacterized cells	0.6788	
TCGA-ER-A19S	SKCM	Uncharacterized cells	0.3687	
TCGA-ER-A19S	SKCM	Uncharacterized cells	0.3687	
TCGA-D9-A1JX	SKCM	Uncharacterized cells	0.5736	
TCGA-D9-A1JX	SKCM	Uncharacterized cells	0.5736	
TCGA-FS-A1ZG	SKCM	Uncharacterized cells	0.7704	
TCGA-FS-A1ZG	SKCM	Uncharacterized cells	0.7704	
TCGA-FR-A729	SKCM	Uncharacterized cells	0.6042	
TCGA-FR-A729	SKCM	Uncharacterized cells	0.6042	
TCGA-D3-A3MV	SKCM	Uncharacterized cells	0.7502	
TCGA-D3-A3MV	SKCM	Uncharacterized cells	0.7502	
TCGA-EB-A5UL	SKCM	Uncharacterized cells	0.7523	
TCGA-EB-A5UL	SKCM	Uncharacterized cells	0.7523	
TCGA-EE-A20B	SKCM	Uncharacterized cells	0.6234	
TCGA-EE-A20B	SKCM	Uncharacterized cells	0.6234	
TCGA-FS-A1ZZ	SKCM	Uncharacterized cells	0.7868	
TCGA-FS-A1ZZ	SKCM	Uncharacterized cells	0.7868	
TCGA-ER-A19B	SKCM	Uncharacterized cells	0.5229	
TCGA-ER-A19B	SKCM	Uncharacterized cells	0.5229	
TCGA-ER-A2NG	SKCM	Uncharacterized cells	0.5228	
TCGA-ER-A2NG	SKCM	Uncharacterized cells	0.5228	
TCGA-WE-A8ZM	SKCM	Uncharacterized cells	0.7564	
TCGA-WE-A8ZM	SKCM	Uncharacterized cells	0.7564	
TCGA-GF-A3OT	SKCM	Uncharacterized cells	0.7109	
TCGA-GF-A3OT	SKCM	Uncharacterized cells	0.7109	
TCGA-ER-A19K	SKCM	Uncharacterized cells	0.8057	
TCGA-ER-A19K	SKCM	Uncharacterized cells	0.8057	
TCGA-GN-A26C	SKCM	Uncharacterized cells	0.4192	
TCGA-GN-A26C	SKCM	Uncharacterized cells	0.4192	
TCGA-EB-A6L9	SKCM	Uncharacterized cells	0.6257	
TCGA-EB-A6L9	SKCM	Uncharacterized cells	0.6257	
TCGA-D3-A1QA	SKCM	Uncharacterized cells	0.7161	
TCGA-D3-A1QA	SKCM	Uncharacterized cells	0.7161	
TCGA-D3-A3C3	SKCM	Uncharacterized cells	0.8074	
TCGA-D3-A3C3	SKCM	Uncharacterized cells	0.8074	
TCGA-EE-A29C	SKCM	Uncharacterized cells	0.7873	
TCGA-EE-A29C	SKCM	Uncharacterized cells	0.7873	
TCGA-EE-A29P	SKCM	Uncharacterized cells	0.3931	
TCGA-EE-A29P	SKCM	Uncharacterized cells	0.3931	
TCGA-EB-A5SE	SKCM	Uncharacterized cells	0.7506	
TCGA-EB-A5SE	SKCM	Uncharacterized cells	0.7506	
TCGA-D9-A4Z2	SKCM	Uncharacterized cells	0.7447	
TCGA-D9-A4Z2	SKCM	Uncharacterized cells	0.7447	
TCGA-D3-A8GR	SKCM	Uncharacterized cells	0.8512	
TCGA-D3-A8GR	SKCM	Uncharacterized cells	0.8512	
TCGA-ER-A19P	SKCM	Uncharacterized cells	0.3505	
TCGA-ER-A19P	SKCM	Uncharacterized cells	0.3505	
TCGA-D9-A148	SKCM	Uncharacterized cells	0.7981	
TCGA-D9-A148	SKCM	Uncharacterized cells	0.7981	
TCGA-D3-A3ML	SKCM	CD4 T cells	0.0329	
TCGA-D3-A3ML	SKCM	CD4 T cells	0.0329	
TCGA-EE-A3AF	SKCM	CD4 T cells	0.0297	
TCGA-EE-A3AF	SKCM	CD4 T cells	0.0297	
TCGA-DA-A1I2	SKCM	CD4 T cells	0.0052	
TCGA-DA-A1I2	SKCM	CD4 T cells	0.0052	
TCGA-EE-A29V	SKCM	CD4 T cells	0.0515	
TCGA-EE-A29V	SKCM	CD4 T cells	0.0515	
TCGA-EE-A2ML	SKCM	CD4 T cells	0	
TCGA-EE-A2ML	SKCM	CD4 T cells	0	
TCGA-ER-A42L	SKCM	CD4 T cells	0	
TCGA-ER-A42L	SKCM	CD4 T cells	0	
TCGA-HR-A2OG	SKCM	CD4 T cells	0	
TCGA-HR-A2OG	SKCM	CD4 T cells	0	
TCGA-XV-AB01	SKCM	CD4 T cells	0.0148	
TCGA-XV-AB01	SKCM	CD4 T cells	0.0148	
TCGA-FW-A3TV	SKCM	CD4 T cells	0	
TCGA-FW-A3TV	SKCM	CD4 T cells	0	
TCGA-D3-A2JO	SKCM	CD4 T cells	0.4585	
TCGA-D3-A2JO	SKCM	CD4 T cells	0.4585	
TCGA-EB-A57M	SKCM	CD4 T cells	0.0393	
TCGA-EB-A57M	SKCM	CD4 T cells	0.0393	
TCGA-EE-A2GP	SKCM	CD4 T cells	0.0065	
TCGA-EE-A2GP	SKCM	CD4 T cells	0.0065	
TCGA-EE-A2MN	SKCM	CD4 T cells	0	
TCGA-EE-A2MN	SKCM	CD4 T cells	0	
TCGA-EB-A5VV	SKCM	CD4 T cells	0.1392	
TCGA-EB-A5VV	SKCM	CD4 T cells	0.1392	
TCGA-GN-A4U7	SKCM	CD4 T cells	0.1122	
TCGA-GN-A4U7	SKCM	CD4 T cells	0.1122	
TCGA-GN-A263	SKCM	CD4 T cells	0.0216	
TCGA-GN-A263	SKCM	CD4 T cells	0.0216	
TCGA-EE-A2GC	SKCM	CD4 T cells	0	
TCGA-EE-A2GC	SKCM	CD4 T cells	0	
TCGA-D9-A149	SKCM	CD4 T cells	0.1239	
TCGA-D9-A149	SKCM	CD4 T cells	0.1239	
TCGA-ER-A19F	SKCM	CD4 T cells	0.1068	
TCGA-ER-A19F	SKCM	CD4 T cells	0.1068	
TCGA-FS-A4F9	SKCM	CD4 T cells	0	
TCGA-FS-A4F9	SKCM	CD4 T cells	0	
TCGA-EE-A3J8	SKCM	CD4 T cells	0	
TCGA-EE-A3J8	SKCM	CD4 T cells	0	
TCGA-EE-A2MU	SKCM	CD4 T cells	0.0215	
TCGA-EE-A2MU	SKCM	CD4 T cells	0.0215	
TCGA-EE-A2MF	SKCM	CD4 T cells	0	
TCGA-EE-A2MF	SKCM	CD4 T cells	0	
TCGA-D3-A3MR	SKCM	CD4 T cells	0	
TCGA-D3-A3MR	SKCM	CD4 T cells	0	
TCGA-EB-A5KH	SKCM	CD4 T cells	0.0724	
TCGA-EB-A5KH	SKCM	CD4 T cells	0.0724	
TCGA-EE-A3AD	SKCM	CD4 T cells	0.0431	
TCGA-EE-A3AD	SKCM	CD4 T cells	0.0431	
TCGA-WE-A8K5	SKCM	CD4 T cells	0.0359	
TCGA-WE-A8K5	SKCM	CD4 T cells	0.0359	
TCGA-EE-A3AB	SKCM	CD4 T cells	0	
TCGA-EE-A3AB	SKCM	CD4 T cells	0	
TCGA-ER-A2NE	SKCM	CD4 T cells	0.1732	
TCGA-ER-A2NE	SKCM	CD4 T cells	0.1732	
TCGA-GF-A6C8	SKCM	CD4 T cells	0	
TCGA-GF-A6C8	SKCM	CD4 T cells	0	
TCGA-WE-AA9Y	SKCM	CD4 T cells	0.0023	
TCGA-WE-AA9Y	SKCM	CD4 T cells	0.0023	
TCGA-ER-A1A1	SKCM	CD4 T cells	0.3856	
TCGA-ER-A1A1	SKCM	CD4 T cells	0.3856	
TCGA-D3-A3CF	SKCM	CD4 T cells	0	
TCGA-D3-A3CF	SKCM	CD4 T cells	0	
TCGA-FS-A1ZK	SKCM	CD4 T cells	0.0502	
TCGA-FS-A1ZK	SKCM	CD4 T cells	0.0502	
TCGA-BF-A9VF	SKCM	CD4 T cells	0.0493	
TCGA-BF-A9VF	SKCM	CD4 T cells	0.0493	
TCGA-D3-A8GL	SKCM	CD4 T cells	0.1632	
TCGA-D3-A8GL	SKCM	CD4 T cells	0.1632	
TCGA-D3-A3C8	SKCM	CD4 T cells	0	
TCGA-D3-A3C8	SKCM	CD4 T cells	0	
TCGA-FS-A1ZA	SKCM	CD4 T cells	0.0209	
TCGA-FS-A1ZA	SKCM	CD4 T cells	0.0209	
TCGA-EB-A4IS	SKCM	CD4 T cells	0	
TCGA-EB-A4IS	SKCM	CD4 T cells	0	
TCGA-FR-A44A	SKCM	CD4 T cells	0	
TCGA-FR-A44A	SKCM	CD4 T cells	0	
TCGA-D3-A2J7	SKCM	CD4 T cells	0.0893	
TCGA-D3-A2J7	SKCM	CD4 T cells	0.0893	
TCGA-BF-A1PX	SKCM	CD4 T cells	0.0049	
TCGA-BF-A1PX	SKCM	CD4 T cells	0.0049	
TCGA-YG-AA3O	SKCM	CD4 T cells	0.0285	
TCGA-YG-AA3O	SKCM	CD4 T cells	0.0285	
TCGA-EE-A29M	SKCM	CD4 T cells	0	
TCGA-EE-A29M	SKCM	CD4 T cells	0	
TCGA-ER-A2ND	SKCM	CD4 T cells	0	
TCGA-ER-A2ND	SKCM	CD4 T cells	0	
TCGA-YG-AA3N	SKCM	CD4 T cells	0.0666	
TCGA-YG-AA3N	SKCM	CD4 T cells	0.0666	
TCGA-BF-A3DM	SKCM	CD4 T cells	0	
TCGA-BF-A3DM	SKCM	CD4 T cells	0	
TCGA-D9-A4Z3	SKCM	CD4 T cells	0.0063	
TCGA-D9-A4Z3	SKCM	CD4 T cells	0.0063	
TCGA-D3-A1Q6	SKCM	CD4 T cells	0.0297	
TCGA-D3-A1Q6	SKCM	CD4 T cells	0.0297	
TCGA-D3-A8GC	SKCM	CD4 T cells	0.0014	
TCGA-D3-A8GC	SKCM	CD4 T cells	0.0014	
TCGA-D3-A51R	SKCM	CD4 T cells	0.018	
TCGA-D3-A51R	SKCM	CD4 T cells	0.018	
TCGA-FR-A7U9	SKCM	CD4 T cells	0.002	
TCGA-FR-A7U9	SKCM	CD4 T cells	0.002	
TCGA-D3-A2JN	SKCM	CD4 T cells	0	
TCGA-D3-A2JN	SKCM	CD4 T cells	0	
TCGA-DA-A1HV	SKCM	CD4 T cells	0	
TCGA-DA-A1HV	SKCM	CD4 T cells	0	
TCGA-D3-A51F	SKCM	CD4 T cells	0	
TCGA-D3-A51F	SKCM	CD4 T cells	0	
TCGA-EB-A4OZ	SKCM	CD4 T cells	0	
TCGA-EB-A4OZ	SKCM	CD4 T cells	0	
TCGA-FR-A7U8	SKCM	CD4 T cells	0	
TCGA-FR-A7U8	SKCM	CD4 T cells	0	
TCGA-D3-A1Q5	SKCM	CD4 T cells	0	
TCGA-D3-A1Q5	SKCM	CD4 T cells	0	
TCGA-EE-A2GU	SKCM	CD4 T cells	0.0548	
TCGA-EE-A2GU	SKCM	CD4 T cells	0.0548	
TCGA-D9-A6E9	SKCM	CD4 T cells	0	
TCGA-D9-A6E9	SKCM	CD4 T cells	0	
TCGA-EE-A29X	SKCM	CD4 T cells	0.0097	
TCGA-EE-A29X	SKCM	CD4 T cells	0.0097	
TCGA-EE-A20H	SKCM	CD4 T cells	0	
TCGA-EE-A20H	SKCM	CD4 T cells	0	
TCGA-EB-A1NK	SKCM	CD4 T cells	0.0559	
TCGA-EB-A1NK	SKCM	CD4 T cells	0.0559	
TCGA-GF-A2C7	SKCM	CD4 T cells	0.031	
TCGA-GF-A2C7	SKCM	CD4 T cells	0.031	
TCGA-FR-A8YD	SKCM	CD4 T cells	0.01	
TCGA-FR-A8YD	SKCM	CD4 T cells	0.01	
TCGA-D3-A2JL	SKCM	CD4 T cells	0	
TCGA-D3-A2JL	SKCM	CD4 T cells	0	
TCGA-D3-A1Q3	SKCM	CD4 T cells	0.0284	
TCGA-D3-A1Q3	SKCM	CD4 T cells	0.0284	
TCGA-EE-A3JI	SKCM	CD4 T cells	0.021	
TCGA-EE-A3JI	SKCM	CD4 T cells	0.021	
TCGA-FS-A1Z3	SKCM	CD4 T cells	0.0109	
TCGA-FS-A1Z3	SKCM	CD4 T cells	0.0109	
TCGA-ER-A194	SKCM	CD4 T cells	0.0425	
TCGA-ER-A194	SKCM	CD4 T cells	0.0425	
TCGA-QB-AA9O	SKCM	CD4 T cells	0	
TCGA-QB-AA9O	SKCM	CD4 T cells	0	
TCGA-FS-A1ZE	SKCM	CD4 T cells	0	
TCGA-FS-A1ZE	SKCM	CD4 T cells	0	
TCGA-HR-A5NC	SKCM	CD4 T cells	0.0075	
TCGA-HR-A5NC	SKCM	CD4 T cells	0.0075	
TCGA-D3-A3CC	SKCM	CD4 T cells	0.0257	
TCGA-D3-A3CC	SKCM	CD4 T cells	0.0257	
TCGA-D3-A51J	SKCM	CD4 T cells	0	
TCGA-D3-A51J	SKCM	CD4 T cells	0	
TCGA-BF-AAOX	SKCM	CD4 T cells	0.0468	
TCGA-BF-AAOX	SKCM	CD4 T cells	0.0468	
TCGA-EB-A5FP	SKCM	CD4 T cells	0.0439	
TCGA-EB-A5FP	SKCM	CD4 T cells	0.0439	
TCGA-EE-A3JH	SKCM	CD4 T cells	0	
TCGA-EE-A3JH	SKCM	CD4 T cells	0	
TCGA-DA-A1IA	SKCM	CD4 T cells	0.1608	
TCGA-DA-A1IA	SKCM	CD4 T cells	0.1608	
TCGA-D3-A2JE	SKCM	CD4 T cells	0.0379	
TCGA-D3-A2JE	SKCM	CD4 T cells	0.0379	
TCGA-FS-A1ZJ	SKCM	CD4 T cells	0.0203	
TCGA-FS-A1ZJ	SKCM	CD4 T cells	0.0203	
TCGA-EB-A24C	SKCM	CD4 T cells	0.0385	
TCGA-EB-A24C	SKCM	CD4 T cells	0.0385	
TCGA-FS-A4F8	SKCM	CD4 T cells	0.132	
TCGA-FS-A4F8	SKCM	CD4 T cells	0.132	
TCGA-W3-A825	SKCM	CD4 T cells	0	
TCGA-W3-A825	SKCM	CD4 T cells	0	
TCGA-D3-A3C1	SKCM	CD4 T cells	0	
TCGA-D3-A3C1	SKCM	CD4 T cells	0	
TCGA-FS-A1ZS	SKCM	CD4 T cells	0.0043	
TCGA-FS-A1ZS	SKCM	CD4 T cells	0.0043	
TCGA-D3-A8GQ	SKCM	CD4 T cells	0.0095	
TCGA-D3-A8GQ	SKCM	CD4 T cells	0.0095	
TCGA-EB-A5SF	SKCM	CD4 T cells	0.0123	
TCGA-EB-A5SF	SKCM	CD4 T cells	0.0123	
TCGA-D3-A2JA	SKCM	CD4 T cells	0.0025	
TCGA-D3-A2JA	SKCM	CD4 T cells	0.0025	
TCGA-ER-A19D	SKCM	CD4 T cells	0.0262	
TCGA-ER-A19D	SKCM	CD4 T cells	0.0262	
TCGA-GN-A266	SKCM	CD4 T cells	0.0193	
TCGA-GN-A266	SKCM	CD4 T cells	0.0193	
TCGA-DA-A3F3	SKCM	CD4 T cells	0	
TCGA-DA-A3F3	SKCM	CD4 T cells	0	
TCGA-W3-AA1W	SKCM	CD4 T cells	0	
TCGA-W3-AA1W	SKCM	CD4 T cells	0	
TCGA-EE-A2MC	SKCM	CD4 T cells	0	
TCGA-EE-A2MC	SKCM	CD4 T cells	0	
TCGA-RP-A695	SKCM	CD4 T cells	0.0607	
TCGA-RP-A695	SKCM	CD4 T cells	0.0607	
TCGA-ER-A19Q	SKCM	CD4 T cells	0.0799	
TCGA-ER-A19Q	SKCM	CD4 T cells	0.0799	
TCGA-D3-A2JH	SKCM	CD4 T cells	0	
TCGA-D3-A2JH	SKCM	CD4 T cells	0	
TCGA-D3-A8GV	SKCM	CD4 T cells	0.0277	
TCGA-D3-A8GV	SKCM	CD4 T cells	0.0277	
TCGA-EE-A184	SKCM	CD4 T cells	0.0498	
TCGA-EE-A184	SKCM	CD4 T cells	0.0498	
TCGA-RP-A693	SKCM	CD4 T cells	0.0935	
TCGA-RP-A693	SKCM	CD4 T cells	0.0935	
TCGA-D3-A3C7	SKCM	CD4 T cells	0	
TCGA-D3-A3C7	SKCM	CD4 T cells	0	
TCGA-EE-A2GM	SKCM	CD4 T cells	0	
TCGA-EE-A2GM	SKCM	CD4 T cells	0	
TCGA-BF-A1PU	SKCM	CD4 T cells	0.0495	
TCGA-BF-A1PU	SKCM	CD4 T cells	0.0495	
TCGA-EE-A3J7	SKCM	CD4 T cells	0	
TCGA-EE-A3J7	SKCM	CD4 T cells	0	
TCGA-BF-AAP7	SKCM	CD4 T cells	0	
TCGA-BF-AAP7	SKCM	CD4 T cells	0	
TCGA-ER-A197	SKCM	CD4 T cells	0.016	
TCGA-ER-A197	SKCM	CD4 T cells	0.016	
TCGA-ER-A19E	SKCM	CD4 T cells	0	
TCGA-ER-A19E	SKCM	CD4 T cells	0	
TCGA-EE-A3J4	SKCM	CD4 T cells	0.0034	
TCGA-EE-A3J4	SKCM	CD4 T cells	0.0034	
TCGA-DA-A95Y	SKCM	CD4 T cells	0.0502	
TCGA-DA-A95Y	SKCM	CD4 T cells	0.0502	
TCGA-DA-A1HY	SKCM	CD4 T cells	0	
TCGA-DA-A1HY	SKCM	CD4 T cells	0	
TCGA-EE-A3JA	SKCM	CD4 T cells	0.0071	
TCGA-EE-A3JA	SKCM	CD4 T cells	0.0071	
TCGA-ER-A19A	SKCM	CD4 T cells	0	
TCGA-ER-A19A	SKCM	CD4 T cells	0	
TCGA-D3-A8GB	SKCM	CD4 T cells	0	
TCGA-D3-A8GB	SKCM	CD4 T cells	0	
TCGA-D3-A8GJ	SKCM	CD4 T cells	0	
TCGA-D3-A8GJ	SKCM	CD4 T cells	0	
TCGA-FW-A3I3	SKCM	CD4 T cells	0.044	
TCGA-FW-A3I3	SKCM	CD4 T cells	0.044	
TCGA-EE-A2MR	SKCM	CD4 T cells	0.115	
TCGA-EE-A2MR	SKCM	CD4 T cells	0.115	
TCGA-D3-A8GM	SKCM	CD4 T cells	0.0046	
TCGA-D3-A8GM	SKCM	CD4 T cells	0.0046	
TCGA-D3-A51G	SKCM	CD4 T cells	0	
TCGA-D3-A51G	SKCM	CD4 T cells	0	
TCGA-EB-A5SG	SKCM	CD4 T cells	0	
TCGA-EB-A5SG	SKCM	CD4 T cells	0	
TCGA-FS-A1YX	SKCM	CD4 T cells	0	
TCGA-FS-A1YX	SKCM	CD4 T cells	0	
TCGA-BF-A1PZ	SKCM	CD4 T cells	0.0427	
TCGA-BF-A1PZ	SKCM	CD4 T cells	0.0427	
TCGA-GF-A6C9	SKCM	CD4 T cells	0	
TCGA-GF-A6C9	SKCM	CD4 T cells	0	
TCGA-D3-A2JG	SKCM	CD4 T cells	0	
TCGA-D3-A2JG	SKCM	CD4 T cells	0	
TCGA-EE-A2MK	SKCM	CD4 T cells	0	
TCGA-EE-A2MK	SKCM	CD4 T cells	0	
TCGA-EE-A2GE	SKCM	CD4 T cells	0	
TCGA-EE-A2GE	SKCM	CD4 T cells	0	
TCGA-EE-A29A	SKCM	CD4 T cells	0.0281	
TCGA-EE-A29A	SKCM	CD4 T cells	0.0281	
TCGA-FS-A1ZW	SKCM	CD4 T cells	0	
TCGA-FS-A1ZW	SKCM	CD4 T cells	0	
TCGA-FR-A726	SKCM	CD4 T cells	0.074	
TCGA-FR-A726	SKCM	CD4 T cells	0.074	
TCGA-XV-A9VZ	SKCM	CD4 T cells	0.1163	
TCGA-XV-A9VZ	SKCM	CD4 T cells	0.1163	
TCGA-EE-A2MS	SKCM	CD4 T cells	0	
TCGA-EE-A2MS	SKCM	CD4 T cells	0	
TCGA-W3-AA21	SKCM	CD4 T cells	0.0135	
TCGA-W3-AA21	SKCM	CD4 T cells	0.0135	
TCGA-ER-A3ET	SKCM	CD4 T cells	0	
TCGA-ER-A3ET	SKCM	CD4 T cells	0	
TCGA-FS-A1ZP	SKCM	CD4 T cells	0.0751	
TCGA-FS-A1ZP	SKCM	CD4 T cells	0.0751	
TCGA-FS-A4F2	SKCM	CD4 T cells	0	
TCGA-FS-A4F2	SKCM	CD4 T cells	0	
TCGA-EB-A4IQ	SKCM	CD4 T cells	0.068	
TCGA-EB-A4IQ	SKCM	CD4 T cells	0.068	
TCGA-FS-A4F0	SKCM	CD4 T cells	0.0047	
TCGA-FS-A4F0	SKCM	CD4 T cells	0.0047	
TCGA-D9-A3Z1	SKCM	CD4 T cells	0	
TCGA-D9-A3Z1	SKCM	CD4 T cells	0	
TCGA-EB-A85I	SKCM	CD4 T cells	0	
TCGA-EB-A85I	SKCM	CD4 T cells	0	
TCGA-D3-A51H	SKCM	CD4 T cells	0	
TCGA-D3-A51H	SKCM	CD4 T cells	0	
TCGA-FW-A3TU	SKCM	CD4 T cells	0	
TCGA-FW-A3TU	SKCM	CD4 T cells	0	
TCGA-ER-A195	SKCM	CD4 T cells	0	
TCGA-ER-A195	SKCM	CD4 T cells	0	
TCGA-EB-A97M	SKCM	CD4 T cells	0	
TCGA-EB-A97M	SKCM	CD4 T cells	0	
TCGA-EB-A3XC	SKCM	CD4 T cells	0.054	
TCGA-EB-A3XC	SKCM	CD4 T cells	0.054	
TCGA-RP-A6K9	SKCM	CD4 T cells	0	
TCGA-RP-A6K9	SKCM	CD4 T cells	0	
TCGA-EB-A82C	SKCM	CD4 T cells	0.0513	
TCGA-EB-A82C	SKCM	CD4 T cells	0.0513	
TCGA-DA-A95W	SKCM	CD4 T cells	0	
TCGA-DA-A95W	SKCM	CD4 T cells	0	
TCGA-BF-A5EQ	SKCM	CD4 T cells	0.0177	
TCGA-BF-A5EQ	SKCM	CD4 T cells	0.0177	
TCGA-W3-AA1R	SKCM	CD4 T cells	0.037	
TCGA-W3-AA1R	SKCM	CD4 T cells	0.037	
TCGA-EE-A2MP	SKCM	CD4 T cells	0	
TCGA-EE-A2MP	SKCM	CD4 T cells	0	
TCGA-3N-A9WC	SKCM	CD4 T cells	0	
TCGA-3N-A9WC	SKCM	CD4 T cells	0	
TCGA-EB-A51B	SKCM	CD4 T cells	0.0502	
TCGA-EB-A51B	SKCM	CD4 T cells	0.0502	
TCGA-EB-A3XF	SKCM	CD4 T cells	0	
TCGA-EB-A3XF	SKCM	CD4 T cells	0	
TCGA-3N-A9WB	SKCM	CD4 T cells	0.0315	
TCGA-3N-A9WB	SKCM	CD4 T cells	0.0315	
TCGA-WE-A8ZR	SKCM	CD4 T cells	0.0805	
TCGA-WE-A8ZR	SKCM	CD4 T cells	0.0805	
TCGA-D9-A3Z3	SKCM	CD4 T cells	0	
TCGA-D9-A3Z3	SKCM	CD4 T cells	0	
TCGA-FS-A1ZT	SKCM	CD4 T cells	0	
TCGA-FS-A1ZT	SKCM	CD4 T cells	0	
TCGA-FS-A1YW	SKCM	CD4 T cells	0	
TCGA-FS-A1YW	SKCM	CD4 T cells	0	
TCGA-EE-A2A2	SKCM	CD4 T cells	0.0171	
TCGA-EE-A2A2	SKCM	CD4 T cells	0.0171	
TCGA-D3-A8GS	SKCM	CD4 T cells	0	
TCGA-D3-A8GS	SKCM	CD4 T cells	0	
TCGA-EE-A2M6	SKCM	CD4 T cells	0	
TCGA-EE-A2M6	SKCM	CD4 T cells	0	
TCGA-Z2-A8RT	SKCM	CD4 T cells	0.0512	
TCGA-Z2-A8RT	SKCM	CD4 T cells	0.0512	
TCGA-WE-A8ZT	SKCM	CD4 T cells	0	
TCGA-WE-A8ZT	SKCM	CD4 T cells	0	
TCGA-Z2-AA3V	SKCM	CD4 T cells	0.0699	
TCGA-Z2-AA3V	SKCM	CD4 T cells	0.0699	
TCGA-GN-A26A	SKCM	CD4 T cells	0	
TCGA-GN-A26A	SKCM	CD4 T cells	0	
TCGA-EE-A183	SKCM	CD4 T cells	0.068	
TCGA-EE-A183	SKCM	CD4 T cells	0.068	
TCGA-EB-A6R0	SKCM	CD4 T cells	0.0545	
TCGA-EB-A6R0	SKCM	CD4 T cells	0.0545	
TCGA-EB-A44R	SKCM	CD4 T cells	0.032	
TCGA-EB-A44R	SKCM	CD4 T cells	0.032	
TCGA-EE-A2GD	SKCM	CD4 T cells	0.0173	
TCGA-EE-A2GD	SKCM	CD4 T cells	0.0173	
TCGA-EE-A29S	SKCM	CD4 T cells	0	
TCGA-EE-A29S	SKCM	CD4 T cells	0	
TCGA-EE-A2M8	SKCM	CD4 T cells	0	
TCGA-EE-A2M8	SKCM	CD4 T cells	0	
TCGA-BF-AAP0	SKCM	CD4 T cells	0	
TCGA-BF-AAP0	SKCM	CD4 T cells	0	
TCGA-WE-A8ZY	SKCM	CD4 T cells	0.0761	
TCGA-WE-A8ZY	SKCM	CD4 T cells	0.0761	
TCGA-ER-A19L	SKCM	CD4 T cells	0	
TCGA-ER-A19L	SKCM	CD4 T cells	0	
TCGA-EE-A17X	SKCM	CD4 T cells	0.0384	
TCGA-EE-A17X	SKCM	CD4 T cells	0.0384	
TCGA-GN-A265	SKCM	CD4 T cells	0	
TCGA-GN-A265	SKCM	CD4 T cells	0	
TCGA-BF-A3DJ	SKCM	CD4 T cells	0	
TCGA-BF-A3DJ	SKCM	CD4 T cells	0	
TCGA-D3-A5GT	SKCM	CD4 T cells	0.0262	
TCGA-D3-A5GT	SKCM	CD4 T cells	0.0262	
TCGA-FR-A3YO	SKCM	CD4 T cells	0.0429	
TCGA-FR-A3YO	SKCM	CD4 T cells	0.0429	
TCGA-BF-A1Q0	SKCM	CD4 T cells	0.0892	
TCGA-BF-A1Q0	SKCM	CD4 T cells	0.0892	
TCGA-GN-A8LL	SKCM	CD4 T cells	0.0719	
TCGA-GN-A8LL	SKCM	CD4 T cells	0.0719	
TCGA-EB-A551	SKCM	CD4 T cells	0	
TCGA-EB-A551	SKCM	CD4 T cells	0	
TCGA-XV-A9W5	SKCM	CD4 T cells	0.0163	
TCGA-XV-A9W5	SKCM	CD4 T cells	0.0163	
TCGA-FS-A4FB	SKCM	CD4 T cells	0.0215	
TCGA-FS-A4FB	SKCM	CD4 T cells	0.0215	
TCGA-DA-A1IC	SKCM	CD4 T cells	0.1126	
TCGA-DA-A1IC	SKCM	CD4 T cells	0.1126	
TCGA-HR-A2OH	SKCM	CD4 T cells	0	
TCGA-HR-A2OH	SKCM	CD4 T cells	0	
TCGA-EB-A5UM	SKCM	CD4 T cells	0	
TCGA-EB-A5UM	SKCM	CD4 T cells	0	
TCGA-DA-A95Z	SKCM	CD4 T cells	0	
TCGA-DA-A95Z	SKCM	CD4 T cells	0	
TCGA-BF-AAP1	SKCM	CD4 T cells	0.0269	
TCGA-BF-AAP1	SKCM	CD4 T cells	0.0269	
TCGA-FR-A3R1	SKCM	CD4 T cells	0.0383	
TCGA-FR-A3R1	SKCM	CD4 T cells	0.0383	
TCGA-DA-A1I0	SKCM	CD4 T cells	0.0392	
TCGA-DA-A1I0	SKCM	CD4 T cells	0.0392	
TCGA-ER-A42K	SKCM	CD4 T cells	0	
TCGA-ER-A42K	SKCM	CD4 T cells	0	
TCGA-DA-A1I1	SKCM	CD4 T cells	0	
TCGA-DA-A1I1	SKCM	CD4 T cells	0	
TCGA-EE-A2MT	SKCM	CD4 T cells	0.0379	
TCGA-EE-A2MT	SKCM	CD4 T cells	0.0379	
TCGA-ER-A19O	SKCM	CD4 T cells	0.0732	
TCGA-ER-A19O	SKCM	CD4 T cells	0.0732	
TCGA-EE-A29Q	SKCM	CD4 T cells	0.06	
TCGA-EE-A29Q	SKCM	CD4 T cells	0.06	
TCGA-FS-A1Z0	SKCM	CD4 T cells	0	
TCGA-FS-A1Z0	SKCM	CD4 T cells	0	
TCGA-D3-A5GU	SKCM	CD4 T cells	0.0111	
TCGA-D3-A5GU	SKCM	CD4 T cells	0.0111	
TCGA-EB-A44P	SKCM	CD4 T cells	0	
TCGA-EB-A44P	SKCM	CD4 T cells	0	
TCGA-ER-A2NH	SKCM	CD4 T cells	0	
TCGA-ER-A2NH	SKCM	CD4 T cells	0	
TCGA-GN-A4U4	SKCM	CD4 T cells	0.0306	
TCGA-GN-A4U4	SKCM	CD4 T cells	0.0306	
TCGA-EE-A3JB	SKCM	CD4 T cells	0	
TCGA-EE-A3JB	SKCM	CD4 T cells	0	
TCGA-EB-A4OY	SKCM	CD4 T cells	0	
TCGA-EB-A4OY	SKCM	CD4 T cells	0	
TCGA-D3-A8GK	SKCM	CD4 T cells	0.0108	
TCGA-D3-A8GK	SKCM	CD4 T cells	0.0108	
TCGA-FS-A1ZB	SKCM	CD4 T cells	0.0766	
TCGA-FS-A1ZB	SKCM	CD4 T cells	0.0766	
TCGA-D3-A2J6	SKCM	CD4 T cells	0	
TCGA-D3-A2J6	SKCM	CD4 T cells	0	
TCGA-EB-A3XD	SKCM	CD4 T cells	0.0483	
TCGA-EB-A3XD	SKCM	CD4 T cells	0.0483	
TCGA-D3-A8GN	SKCM	CD4 T cells	0	
TCGA-D3-A8GN	SKCM	CD4 T cells	0	
TCGA-EE-A20F	SKCM	CD4 T cells	0	
TCGA-EE-A20F	SKCM	CD4 T cells	0	
TCGA-WE-A8JZ	SKCM	CD4 T cells	0.0522	
TCGA-WE-A8JZ	SKCM	CD4 T cells	0.0522	
TCGA-EE-A182	SKCM	CD4 T cells	0.0253	
TCGA-EE-A182	SKCM	CD4 T cells	0.0253	
TCGA-D3-A3MU	SKCM	CD4 T cells	0.064	
TCGA-D3-A3MU	SKCM	CD4 T cells	0.064	
TCGA-Z2-AA3S	SKCM	CD4 T cells	0.0515	
TCGA-Z2-AA3S	SKCM	CD4 T cells	0.0515	
TCGA-BF-AAP4	SKCM	CD4 T cells	0.0928	
TCGA-BF-AAP4	SKCM	CD4 T cells	0.0928	
TCGA-D3-A3CE	SKCM	CD4 T cells	0	
TCGA-D3-A3CE	SKCM	CD4 T cells	0	
TCGA-XV-AAZW	SKCM	CD4 T cells	0	
TCGA-XV-AAZW	SKCM	CD4 T cells	0	
TCGA-FS-A4F4	SKCM	CD4 T cells	0.004	
TCGA-FS-A4F4	SKCM	CD4 T cells	0.004	
TCGA-FS-A4FD	SKCM	CD4 T cells	0	
TCGA-FS-A4FD	SKCM	CD4 T cells	0	
TCGA-D3-A8GD	SKCM	CD4 T cells	0	
TCGA-D3-A8GD	SKCM	CD4 T cells	0	
TCGA-GN-A264	SKCM	CD4 T cells	0.0646	
TCGA-GN-A264	SKCM	CD4 T cells	0.0646	
TCGA-WE-A8ZQ	SKCM	CD4 T cells	0.0222	
TCGA-WE-A8ZQ	SKCM	CD4 T cells	0.0222	
TCGA-EE-A2GO	SKCM	CD4 T cells	0	
TCGA-EE-A2GO	SKCM	CD4 T cells	0	
TCGA-EB-A82B	SKCM	CD4 T cells	0.0015	
TCGA-EB-A82B	SKCM	CD4 T cells	0.0015	
TCGA-D3-A51T	SKCM	CD4 T cells	0.0035	
TCGA-D3-A51T	SKCM	CD4 T cells	0.0035	
TCGA-D3-A1Q9	SKCM	CD4 T cells	0.0138	
TCGA-D3-A1Q9	SKCM	CD4 T cells	0.0138	
TCGA-ER-A19M	SKCM	CD4 T cells	0	
TCGA-ER-A19M	SKCM	CD4 T cells	0	
TCGA-EE-A2M7	SKCM	CD4 T cells	0	
TCGA-EE-A2M7	SKCM	CD4 T cells	0	
TCGA-YD-A89C	SKCM	CD4 T cells	0.0125	
TCGA-YD-A89C	SKCM	CD4 T cells	0.0125	
TCGA-D3-A1Q8	SKCM	CD4 T cells	0.0203	
TCGA-D3-A1Q8	SKCM	CD4 T cells	0.0203	
TCGA-DA-A1I8	SKCM	CD4 T cells	0	
TCGA-DA-A1I8	SKCM	CD4 T cells	0	
TCGA-BF-AAP2	SKCM	CD4 T cells	0.0231	
TCGA-BF-AAP2	SKCM	CD4 T cells	0.0231	
TCGA-FS-A1ZU	SKCM	CD4 T cells	0	
TCGA-FS-A1ZU	SKCM	CD4 T cells	0	
TCGA-EE-A180	SKCM	CD4 T cells	0.0148	
TCGA-EE-A180	SKCM	CD4 T cells	0.0148	
TCGA-GN-A8LN	SKCM	CD4 T cells	0	
TCGA-GN-A8LN	SKCM	CD4 T cells	0	
TCGA-DA-A1I4	SKCM	CD4 T cells	0	
TCGA-DA-A1I4	SKCM	CD4 T cells	0	
TCGA-DA-A1HW	SKCM	CD4 T cells	0	
TCGA-DA-A1HW	SKCM	CD4 T cells	0	
TCGA-EB-A6QZ	SKCM	CD4 T cells	0	
TCGA-EB-A6QZ	SKCM	CD4 T cells	0	
TCGA-YD-A9TB	SKCM	CD4 T cells	0.0282	
TCGA-YD-A9TB	SKCM	CD4 T cells	0.0282	
TCGA-W3-AA1Q	SKCM	CD4 T cells	0.0058	
TCGA-W3-AA1Q	SKCM	CD4 T cells	0.0058	
TCGA-EE-A2A0	SKCM	CD4 T cells	0.0328	
TCGA-EE-A2A0	SKCM	CD4 T cells	0.0328	
TCGA-EB-A6QY	SKCM	CD4 T cells	0.029	
TCGA-EB-A6QY	SKCM	CD4 T cells	0.029	
TCGA-BF-A5EO	SKCM	CD4 T cells	0.0801	
TCGA-BF-A5EO	SKCM	CD4 T cells	0.0801	
TCGA-EE-A29E	SKCM	CD4 T cells	0	
TCGA-EE-A29E	SKCM	CD4 T cells	0	
TCGA-FS-A1Z4	SKCM	CD4 T cells	0.0252	
TCGA-FS-A1Z4	SKCM	CD4 T cells	0.0252	
TCGA-EE-A2MJ	SKCM	CD4 T cells	0	
TCGA-EE-A2MJ	SKCM	CD4 T cells	0	
TCGA-D3-A3MO	SKCM	CD4 T cells	0.0101	
TCGA-D3-A3MO	SKCM	CD4 T cells	0.0101	
TCGA-D3-A5GO	SKCM	CD4 T cells	0	
TCGA-D3-A5GO	SKCM	CD4 T cells	0	
TCGA-EE-A2A5	SKCM	CD4 T cells	0.0067	
TCGA-EE-A2A5	SKCM	CD4 T cells	0.0067	
TCGA-FS-A4F5	SKCM	CD4 T cells	0	
TCGA-FS-A4F5	SKCM	CD4 T cells	0	
TCGA-EE-A2GS	SKCM	CD4 T cells	0.0125	
TCGA-EE-A2GS	SKCM	CD4 T cells	0.0125	
TCGA-ER-A3PL	SKCM	CD4 T cells	0.0012	
TCGA-ER-A3PL	SKCM	CD4 T cells	0.0012	
TCGA-BF-A5EP	SKCM	CD4 T cells	0.0377	
TCGA-BF-A5EP	SKCM	CD4 T cells	0.0377	
TCGA-FW-A5DX	SKCM	CD4 T cells	0.0219	
TCGA-FW-A5DX	SKCM	CD4 T cells	0.0219	
TCGA-EE-A29N	SKCM	CD4 T cells	0.0558	
TCGA-EE-A29N	SKCM	CD4 T cells	0.0558	
TCGA-ER-A193	SKCM	CD4 T cells	0	
TCGA-ER-A193	SKCM	CD4 T cells	0	
TCGA-XV-A9W2	SKCM	CD4 T cells	0.0039	
TCGA-XV-A9W2	SKCM	CD4 T cells	0.0039	
TCGA-EB-A3Y6	SKCM	CD4 T cells	0.1226	
TCGA-EB-A3Y6	SKCM	CD4 T cells	0.1226	
TCGA-D3-A1Q1	SKCM	CD4 T cells	0	
TCGA-D3-A1Q1	SKCM	CD4 T cells	0	
TCGA-WE-A8K6	SKCM	CD4 T cells	0	
TCGA-WE-A8K6	SKCM	CD4 T cells	0	
TCGA-EE-A29G	SKCM	CD4 T cells	0	
TCGA-EE-A29G	SKCM	CD4 T cells	0	
TCGA-DA-A1IB	SKCM	CD4 T cells	0.0699	
TCGA-DA-A1IB	SKCM	CD4 T cells	0.0699	
TCGA-EB-A299	SKCM	CD4 T cells	0	
TCGA-EB-A299	SKCM	CD4 T cells	0	
TCGA-EE-A29B	SKCM	CD4 T cells	0.1196	
TCGA-EE-A29B	SKCM	CD4 T cells	0.1196	
TCGA-GN-A4U3	SKCM	CD4 T cells	0.022	
TCGA-GN-A4U3	SKCM	CD4 T cells	0.022	
TCGA-ER-A19G	SKCM	CD4 T cells	0	
TCGA-ER-A19G	SKCM	CD4 T cells	0	
TCGA-EE-A2GH	SKCM	CD4 T cells	0	
TCGA-EE-A2GH	SKCM	CD4 T cells	0	
TCGA-EE-A2GR	SKCM	CD4 T cells	0.0564	
TCGA-EE-A2GR	SKCM	CD4 T cells	0.0564	
TCGA-XV-AAZV	SKCM	CD4 T cells	0.0051	
TCGA-XV-AAZV	SKCM	CD4 T cells	0.0051	
TCGA-EE-A3AH	SKCM	CD4 T cells	0	
TCGA-EE-A3AH	SKCM	CD4 T cells	0	
TCGA-DA-A960	SKCM	CD4 T cells	0.0444	
TCGA-DA-A960	SKCM	CD4 T cells	0.0444	
TCGA-EE-A3AE	SKCM	CD4 T cells	0.011	
TCGA-EE-A3AE	SKCM	CD4 T cells	0.011	
TCGA-D3-A8GP	SKCM	CD4 T cells	0.076	
TCGA-D3-A8GP	SKCM	CD4 T cells	0.076	
TCGA-EB-A553	SKCM	CD4 T cells	0.0285	
TCGA-EB-A553	SKCM	CD4 T cells	0.0285	
TCGA-GN-A8LK	SKCM	CD4 T cells	0.0427	
TCGA-GN-A8LK	SKCM	CD4 T cells	0.0427	
TCGA-D3-A51E	SKCM	CD4 T cells	0	
TCGA-D3-A51E	SKCM	CD4 T cells	0	
TCGA-EB-A431	SKCM	CD4 T cells	0.0775	
TCGA-EB-A431	SKCM	CD4 T cells	0.0775	
TCGA-BF-AAP8	SKCM	CD4 T cells	0	
TCGA-BF-AAP8	SKCM	CD4 T cells	0	
TCGA-EE-A2GT	SKCM	CD4 T cells	0.153	
TCGA-EE-A2GT	SKCM	CD4 T cells	0.153	
TCGA-W3-AA1V	SKCM	CD4 T cells	0.0406	
TCGA-W3-AA1V	SKCM	CD4 T cells	0.0406	
TCGA-FS-A1ZM	SKCM	CD4 T cells	0	
TCGA-FS-A1ZM	SKCM	CD4 T cells	0	
TCGA-WE-AAA4	SKCM	CD4 T cells	0	
TCGA-WE-AAA4	SKCM	CD4 T cells	0	
TCGA-FW-A5DY	SKCM	CD4 T cells	0	
TCGA-FW-A5DY	SKCM	CD4 T cells	0	
TCGA-D9-A1JW	SKCM	CD4 T cells	0.0261	
TCGA-D9-A1JW	SKCM	CD4 T cells	0.0261	
TCGA-EE-A29T	SKCM	CD4 T cells	0	
TCGA-EE-A29T	SKCM	CD4 T cells	0	
TCGA-EE-A2GL	SKCM	CD4 T cells	0.0204	
TCGA-EE-A2GL	SKCM	CD4 T cells	0.0204	
TCGA-EB-A4XL	SKCM	CD4 T cells	0.0004	
TCGA-EB-A4XL	SKCM	CD4 T cells	0.0004	
TCGA-FS-A1ZN	SKCM	CD4 T cells	0.0086	
TCGA-FS-A1ZN	SKCM	CD4 T cells	0.0086	
TCGA-EB-A44N	SKCM	CD4 T cells	0	
TCGA-EB-A44N	SKCM	CD4 T cells	0	
TCGA-D3-A5GL	SKCM	CD4 T cells	0.0384	
TCGA-D3-A5GL	SKCM	CD4 T cells	0.0384	
TCGA-ER-A19N	SKCM	CD4 T cells	0	
TCGA-ER-A19N	SKCM	CD4 T cells	0	
TCGA-LH-A9QB	SKCM	CD4 T cells	0	
TCGA-LH-A9QB	SKCM	CD4 T cells	0	
TCGA-FS-A1ZR	SKCM	CD4 T cells	0.0042	
TCGA-FS-A1ZR	SKCM	CD4 T cells	0.0042	
TCGA-FS-A1ZH	SKCM	CD4 T cells	0	
TCGA-FS-A1ZH	SKCM	CD4 T cells	0	
TCGA-EE-A185	SKCM	CD4 T cells	0.0162	
TCGA-EE-A185	SKCM	CD4 T cells	0.0162	
TCGA-FR-A8YE	SKCM	CD4 T cells	0.1543	
TCGA-FR-A8YE	SKCM	CD4 T cells	0.1543	
TCGA-DA-A3F2	SKCM	CD4 T cells	0	
TCGA-DA-A3F2	SKCM	CD4 T cells	0	
TCGA-WE-A8K1	SKCM	CD4 T cells	0.0154	
TCGA-WE-A8K1	SKCM	CD4 T cells	0.0154	
TCGA-D9-A4Z6	SKCM	CD4 T cells	0.0113	
TCGA-D9-A4Z6	SKCM	CD4 T cells	0.0113	
TCGA-3N-A9WD	SKCM	CD4 T cells	0	
TCGA-3N-A9WD	SKCM	CD4 T cells	0	
TCGA-FS-A1ZY	SKCM	CD4 T cells	0.0403	
TCGA-FS-A1ZY	SKCM	CD4 T cells	0.0403	
TCGA-D9-A4Z5	SKCM	CD4 T cells	0	
TCGA-D9-A4Z5	SKCM	CD4 T cells	0	
TCGA-EE-A2GJ	SKCM	CD4 T cells	0	
TCGA-EE-A2GJ	SKCM	CD4 T cells	0	
TCGA-IH-A3EA	SKCM	CD4 T cells	0.0088	
TCGA-IH-A3EA	SKCM	CD4 T cells	0.0088	
TCGA-BF-AAP6	SKCM	CD4 T cells	0.1123	
TCGA-BF-AAP6	SKCM	CD4 T cells	0.1123	
TCGA-D3-A2JD	SKCM	CD4 T cells	0.0941	
TCGA-D3-A2JD	SKCM	CD4 T cells	0.0941	
TCGA-EE-A20I	SKCM	CD4 T cells	0.0803	
TCGA-EE-A20I	SKCM	CD4 T cells	0.0803	
TCGA-EE-A29L	SKCM	CD4 T cells	0.0258	
TCGA-EE-A29L	SKCM	CD4 T cells	0.0258	
TCGA-EB-A3XB	SKCM	CD4 T cells	0.0761	
TCGA-EB-A3XB	SKCM	CD4 T cells	0.0761	
TCGA-EE-A2A1	SKCM	CD4 T cells	0	
TCGA-EE-A2A1	SKCM	CD4 T cells	0	
TCGA-ER-A196	SKCM	CD4 T cells	0.0523	
TCGA-ER-A196	SKCM	CD4 T cells	0.0523	
TCGA-EE-A3AA	SKCM	CD4 T cells	0.0135	
TCGA-EE-A3AA	SKCM	CD4 T cells	0.0135	
TCGA-EB-A5SH	SKCM	CD4 T cells	0.0746	
TCGA-EB-A5SH	SKCM	CD4 T cells	0.0746	
TCGA-GN-A267	SKCM	CD4 T cells	0	
TCGA-GN-A267	SKCM	CD4 T cells	0	
TCGA-GN-A4U9	SKCM	CD4 T cells	0.0548	
TCGA-GN-A4U9	SKCM	CD4 T cells	0.0548	
TCGA-EE-A3JE	SKCM	CD4 T cells	0	
TCGA-EE-A3JE	SKCM	CD4 T cells	0	
TCGA-WE-AAA0	SKCM	CD4 T cells	0.0429	
TCGA-WE-AAA0	SKCM	CD4 T cells	0.0429	
TCGA-GF-A769	SKCM	CD4 T cells	0.0048	
TCGA-GF-A769	SKCM	CD4 T cells	0.0048	
TCGA-D9-A6EC	SKCM	CD4 T cells	0.0586	
TCGA-D9-A6EC	SKCM	CD4 T cells	0.0586	
TCGA-D3-A5GN	SKCM	CD4 T cells	0	
TCGA-D3-A5GN	SKCM	CD4 T cells	0	
TCGA-D3-A2J8	SKCM	CD4 T cells	0	
TCGA-D3-A2J8	SKCM	CD4 T cells	0	
TCGA-FS-A1ZC	SKCM	CD4 T cells	0.0043	
TCGA-FS-A1ZC	SKCM	CD4 T cells	0.0043	
TCGA-XV-AAZY	SKCM	CD4 T cells	0.0335	
TCGA-XV-AAZY	SKCM	CD4 T cells	0.0335	
TCGA-EE-A3J3	SKCM	CD4 T cells	0	
TCGA-EE-A3J3	SKCM	CD4 T cells	0	
TCGA-EE-A2GI	SKCM	CD4 T cells	0	
TCGA-EE-A2GI	SKCM	CD4 T cells	0	
TCGA-BF-A5ER	SKCM	CD4 T cells	0.03	
TCGA-BF-A5ER	SKCM	CD4 T cells	0.03	
TCGA-EB-A3HV	SKCM	CD4 T cells	0	
TCGA-EB-A3HV	SKCM	CD4 T cells	0	
TCGA-FS-A4FC	SKCM	CD4 T cells	0	
TCGA-FS-A4FC	SKCM	CD4 T cells	0	
TCGA-EE-A2M5	SKCM	CD4 T cells	0	
TCGA-EE-A2M5	SKCM	CD4 T cells	0	
TCGA-DA-A3F8	SKCM	CD4 T cells	0	
TCGA-DA-A3F8	SKCM	CD4 T cells	0	
TCGA-WE-A8ZO	SKCM	CD4 T cells	0	
TCGA-WE-A8ZO	SKCM	CD4 T cells	0	
TCGA-GN-A26D	SKCM	CD4 T cells	0	
TCGA-GN-A26D	SKCM	CD4 T cells	0	
TCGA-EB-A5VU	SKCM	CD4 T cells	0	
TCGA-EB-A5VU	SKCM	CD4 T cells	0	
TCGA-D3-A51N	SKCM	CD4 T cells	0	
TCGA-D3-A51N	SKCM	CD4 T cells	0	
TCGA-D3-A3CB	SKCM	CD4 T cells	0	
TCGA-D3-A3CB	SKCM	CD4 T cells	0	
TCGA-ER-A19T	SKCM	CD4 T cells	0	
TCGA-ER-A19T	SKCM	CD4 T cells	0	
TCGA-EE-A3JD	SKCM	CD4 T cells	0.0643	
TCGA-EE-A3JD	SKCM	CD4 T cells	0.0643	
TCGA-FS-A1ZQ	SKCM	CD4 T cells	0	
TCGA-FS-A1ZQ	SKCM	CD4 T cells	0	
TCGA-ER-A3ES	SKCM	CD4 T cells	0.0122	
TCGA-ER-A3ES	SKCM	CD4 T cells	0.0122	
TCGA-ER-A2NC	SKCM	CD4 T cells	0.0684	
TCGA-ER-A2NC	SKCM	CD4 T cells	0.0684	
TCGA-W3-A828	SKCM	CD4 T cells	0.077	
TCGA-W3-A828	SKCM	CD4 T cells	0.077	
TCGA-EE-A20C	SKCM	CD4 T cells	0	
TCGA-EE-A20C	SKCM	CD4 T cells	0	
TCGA-EE-A2MH	SKCM	CD4 T cells	0.006	
TCGA-EE-A2MH	SKCM	CD4 T cells	0.006	
TCGA-EE-A2GN	SKCM	CD4 T cells	0.0034	
TCGA-EE-A2GN	SKCM	CD4 T cells	0.0034	
TCGA-D3-A8GI	SKCM	CD4 T cells	0.0254	
TCGA-D3-A8GI	SKCM	CD4 T cells	0.0254	
TCGA-D3-A5GS	SKCM	CD4 T cells	0.0069	
TCGA-D3-A5GS	SKCM	CD4 T cells	0.0069	
TCGA-EE-A2MI	SKCM	CD4 T cells	0.0412	
TCGA-EE-A2MI	SKCM	CD4 T cells	0.0412	
TCGA-D3-A3C6	SKCM	CD4 T cells	0	
TCGA-D3-A3C6	SKCM	CD4 T cells	0	
TCGA-EE-A2MQ	SKCM	CD4 T cells	0.0148	
TCGA-EE-A2MQ	SKCM	CD4 T cells	0.0148	
TCGA-FS-A1ZD	SKCM	CD4 T cells	0	
TCGA-FS-A1ZD	SKCM	CD4 T cells	0	
TCGA-GN-A4U5	SKCM	CD4 T cells	0	
TCGA-GN-A4U5	SKCM	CD4 T cells	0	
TCGA-FS-A1YY	SKCM	CD4 T cells	0.0579	
TCGA-FS-A1YY	SKCM	CD4 T cells	0.0579	
TCGA-D3-A3BZ	SKCM	CD4 T cells	0.0493	
TCGA-D3-A3BZ	SKCM	CD4 T cells	0.0493	
TCGA-D9-A3Z4	SKCM	CD4 T cells	0	
TCGA-D9-A3Z4	SKCM	CD4 T cells	0	
TCGA-EE-A3AC	SKCM	CD4 T cells	0	
TCGA-EE-A3AC	SKCM	CD4 T cells	0	
TCGA-D3-A2JF	SKCM	CD4 T cells	0	
TCGA-D3-A2JF	SKCM	CD4 T cells	0	
TCGA-D3-A1QB	SKCM	CD4 T cells	0	
TCGA-D3-A1QB	SKCM	CD4 T cells	0	
TCGA-GN-A268	SKCM	CD4 T cells	0.0626	
TCGA-GN-A268	SKCM	CD4 T cells	0.0626	
TCGA-D3-A5GR	SKCM	CD4 T cells	0	
TCGA-D3-A5GR	SKCM	CD4 T cells	0	
TCGA-EB-A550	SKCM	CD4 T cells	0.0108	
TCGA-EB-A550	SKCM	CD4 T cells	0.0108	
TCGA-D9-A6EG	SKCM	CD4 T cells	0.0623	
TCGA-D9-A6EG	SKCM	CD4 T cells	0.0623	
TCGA-EB-A44O	SKCM	CD4 T cells	0	
TCGA-EB-A44O	SKCM	CD4 T cells	0	
TCGA-RP-A690	SKCM	CD4 T cells	0.0243	
TCGA-RP-A690	SKCM	CD4 T cells	0.0243	
TCGA-EE-A29H	SKCM	CD4 T cells	0.0477	
TCGA-EE-A29H	SKCM	CD4 T cells	0.0477	
TCGA-EE-A2MM	SKCM	CD4 T cells	0.0047	
TCGA-EE-A2MM	SKCM	CD4 T cells	0.0047	
TCGA-EB-A44Q	SKCM	CD4 T cells	0	
TCGA-EB-A44Q	SKCM	CD4 T cells	0	
TCGA-EB-A3XE	SKCM	CD4 T cells	0.0451	
TCGA-EB-A3XE	SKCM	CD4 T cells	0.0451	
TCGA-FR-A69P	SKCM	CD4 T cells	0	
TCGA-FR-A69P	SKCM	CD4 T cells	0	
TCGA-EE-A2A6	SKCM	CD4 T cells	0	
TCGA-EE-A2A6	SKCM	CD4 T cells	0	
TCGA-ER-A19J	SKCM	CD4 T cells	0.0038	
TCGA-ER-A19J	SKCM	CD4 T cells	0.0038	
TCGA-RP-A694	SKCM	CD4 T cells	0	
TCGA-RP-A694	SKCM	CD4 T cells	0	
TCGA-YD-A9TA	SKCM	CD4 T cells	0	
TCGA-YD-A9TA	SKCM	CD4 T cells	0	
TCGA-WE-AAA3	SKCM	CD4 T cells	0	
TCGA-WE-AAA3	SKCM	CD4 T cells	0	
TCGA-EB-A3Y7	SKCM	CD4 T cells	0.0652	
TCGA-EB-A3Y7	SKCM	CD4 T cells	0.0652	
TCGA-D9-A6EA	SKCM	CD4 T cells	0.0998	
TCGA-D9-A6EA	SKCM	CD4 T cells	0.0998	
TCGA-D3-A8GO	SKCM	CD4 T cells	0	
TCGA-D3-A8GO	SKCM	CD4 T cells	0	
TCGA-EB-A430	SKCM	CD4 T cells	0.004	
TCGA-EB-A430	SKCM	CD4 T cells	0.004	
TCGA-EE-A29W	SKCM	CD4 T cells	0	
TCGA-EE-A29W	SKCM	CD4 T cells	0	
TCGA-DA-A95X	SKCM	CD4 T cells	0	
TCGA-DA-A95X	SKCM	CD4 T cells	0	
TCGA-EE-A2MD	SKCM	CD4 T cells	0.1723	
TCGA-EE-A2MD	SKCM	CD4 T cells	0.1723	
TCGA-ER-A2NF	SKCM	CD4 T cells	0	
TCGA-ER-A2NF	SKCM	CD4 T cells	0	
TCGA-GN-A4U8	SKCM	CD4 T cells	0	
TCGA-GN-A4U8	SKCM	CD4 T cells	0	
TCGA-EB-A41B	SKCM	CD4 T cells	0.0407	
TCGA-EB-A41B	SKCM	CD4 T cells	0.0407	
TCGA-ER-A19C	SKCM	CD4 T cells	0	
TCGA-ER-A19C	SKCM	CD4 T cells	0	
TCGA-EB-A5UN	SKCM	CD4 T cells	0	
TCGA-EB-A5UN	SKCM	CD4 T cells	0	
TCGA-EE-A3J5	SKCM	CD4 T cells	0.0148	
TCGA-EE-A3J5	SKCM	CD4 T cells	0.0148	
TCGA-EE-A2ME	SKCM	CD4 T cells	0.1764	
TCGA-EE-A2ME	SKCM	CD4 T cells	0.1764	
TCGA-QB-A6FS	SKCM	CD4 T cells	0	
TCGA-QB-A6FS	SKCM	CD4 T cells	0	
TCGA-EE-A29R	SKCM	CD4 T cells	0	
TCGA-EE-A29R	SKCM	CD4 T cells	0	
TCGA-FR-A8YC	SKCM	CD4 T cells	0.0381	
TCGA-FR-A8YC	SKCM	CD4 T cells	0.0381	
TCGA-DA-A95V	SKCM	CD4 T cells	0.0059	
TCGA-DA-A95V	SKCM	CD4 T cells	0.0059	
TCGA-BF-A3DN	SKCM	CD4 T cells	0	
TCGA-BF-A3DN	SKCM	CD4 T cells	0	
TCGA-EB-A24D	SKCM	CD4 T cells	0.0238	
TCGA-EB-A24D	SKCM	CD4 T cells	0.0238	
TCGA-D3-A2JK	SKCM	CD4 T cells	0	
TCGA-D3-A2JK	SKCM	CD4 T cells	0	
TCGA-EE-A17Z	SKCM	CD4 T cells	0.054	
TCGA-EE-A17Z	SKCM	CD4 T cells	0.054	
TCGA-DA-A3F5	SKCM	CD4 T cells	0	
TCGA-DA-A3F5	SKCM	CD4 T cells	0	
TCGA-D3-A2JC	SKCM	CD4 T cells	0	
TCGA-D3-A2JC	SKCM	CD4 T cells	0	
TCGA-W3-AA1O	SKCM	CD4 T cells	0.0727	
TCGA-W3-AA1O	SKCM	CD4 T cells	0.0727	
TCGA-D3-A8GE	SKCM	CD4 T cells	0	
TCGA-D3-A8GE	SKCM	CD4 T cells	0	
TCGA-D3-A2JB	SKCM	CD4 T cells	0	
TCGA-D3-A2JB	SKCM	CD4 T cells	0	
TCGA-EE-A181	SKCM	CD4 T cells	0	
TCGA-EE-A181	SKCM	CD4 T cells	0	
TCGA-EB-A4P0	SKCM	CD4 T cells	0.024	
TCGA-EB-A4P0	SKCM	CD4 T cells	0.024	
TCGA-D3-A1Q7	SKCM	CD4 T cells	0	
TCGA-D3-A1Q7	SKCM	CD4 T cells	0	
TCGA-DA-A1I7	SKCM	CD4 T cells	0	
TCGA-DA-A1I7	SKCM	CD4 T cells	0	
TCGA-BF-AAOU	SKCM	CD4 T cells	0	
TCGA-BF-AAOU	SKCM	CD4 T cells	0	
TCGA-FS-A1ZF	SKCM	CD4 T cells	0.012	
TCGA-FS-A1ZF	SKCM	CD4 T cells	0.012	
TCGA-ER-A19H	SKCM	CD4 T cells	0.0188	
TCGA-ER-A19H	SKCM	CD4 T cells	0.0188	
TCGA-ER-A199	SKCM	CD4 T cells	0	
TCGA-ER-A199	SKCM	CD4 T cells	0	
TCGA-DA-A1I5	SKCM	CD4 T cells	0.0923	
TCGA-DA-A1I5	SKCM	CD4 T cells	0.0923	
TCGA-ER-A3EV	SKCM	CD4 T cells	0.0009	
TCGA-ER-A3EV	SKCM	CD4 T cells	0.0009	
TCGA-GN-A262	SKCM	CD4 T cells	0.0345	
TCGA-GN-A262	SKCM	CD4 T cells	0.0345	
TCGA-FR-A7UA	SKCM	CD4 T cells	0	
TCGA-FR-A7UA	SKCM	CD4 T cells	0	
TCGA-EE-A2GB	SKCM	CD4 T cells	0.0611	
TCGA-EE-A2GB	SKCM	CD4 T cells	0.0611	
TCGA-FW-A3R5	SKCM	CD4 T cells	0.0337	
TCGA-FW-A3R5	SKCM	CD4 T cells	0.0337	
TCGA-D3-A51K	SKCM	CD4 T cells	0.0242	
TCGA-D3-A51K	SKCM	CD4 T cells	0.0242	
TCGA-EE-A2MG	SKCM	CD4 T cells	0.0624	
TCGA-EE-A2MG	SKCM	CD4 T cells	0.0624	
TCGA-EE-A17Y	SKCM	CD4 T cells	0	
TCGA-EE-A17Y	SKCM	CD4 T cells	0	
TCGA-D3-A1Q4	SKCM	CD4 T cells	0.0042	
TCGA-D3-A1Q4	SKCM	CD4 T cells	0.0042	
TCGA-WE-A8K4	SKCM	CD4 T cells	0.0554	
TCGA-WE-A8K4	SKCM	CD4 T cells	0.0554	
TCGA-ER-A19W	SKCM	CD4 T cells	0	
TCGA-ER-A19W	SKCM	CD4 T cells	0	
TCGA-D3-A2JP	SKCM	CD4 T cells	0	
TCGA-D3-A2JP	SKCM	CD4 T cells	0	
TCGA-D3-A2J9	SKCM	CD4 T cells	0	
TCGA-D3-A2J9	SKCM	CD4 T cells	0	
TCGA-BF-A3DL	SKCM	CD4 T cells	0.0215	
TCGA-BF-A3DL	SKCM	CD4 T cells	0.0215	
TCGA-ER-A198	SKCM	CD4 T cells	0.0092	
TCGA-ER-A198	SKCM	CD4 T cells	0.0092	
TCGA-ER-A42H	SKCM	CD4 T cells	0.0614	
TCGA-ER-A42H	SKCM	CD4 T cells	0.0614	
TCGA-FR-A728	SKCM	CD4 T cells	0	
TCGA-FR-A728	SKCM	CD4 T cells	0	
TCGA-GN-A9SD	SKCM	CD4 T cells	0.0625	
TCGA-GN-A9SD	SKCM	CD4 T cells	0.0625	
TCGA-GF-A4EO	SKCM	CD4 T cells	0	
TCGA-GF-A4EO	SKCM	CD4 T cells	0	
TCGA-W3-A824	SKCM	CD4 T cells	0	
TCGA-W3-A824	SKCM	CD4 T cells	0	
TCGA-EB-A85J	SKCM	CD4 T cells	0.0103	
TCGA-EB-A85J	SKCM	CD4 T cells	0.0103	
TCGA-EB-A41A	SKCM	CD4 T cells	0.0974	
TCGA-EB-A41A	SKCM	CD4 T cells	0.0974	
TCGA-EB-A42Z	SKCM	CD4 T cells	0	
TCGA-EB-A42Z	SKCM	CD4 T cells	0	
TCGA-BF-A5ES	SKCM	CD4 T cells	0.0487	
TCGA-BF-A5ES	SKCM	CD4 T cells	0.0487	
TCGA-EE-A29D	SKCM	CD4 T cells	0.0905	
TCGA-EE-A29D	SKCM	CD4 T cells	0.0905	
TCGA-EB-A42Y	SKCM	CD4 T cells	0.004	
TCGA-EB-A42Y	SKCM	CD4 T cells	0.004	
TCGA-OD-A75X	SKCM	CD4 T cells	0	
TCGA-OD-A75X	SKCM	CD4 T cells	0	
TCGA-BF-A1PV	SKCM	CD4 T cells	0.0596	
TCGA-BF-A1PV	SKCM	CD4 T cells	0.0596	
TCGA-FR-A3YN	SKCM	CD4 T cells	0	
TCGA-FR-A3YN	SKCM	CD4 T cells	0	
TCGA-D9-A1X3	SKCM	CD4 T cells	0.0707	
TCGA-D9-A1X3	SKCM	CD4 T cells	0.0707	
TCGA-EE-A3AG	SKCM	CD4 T cells	0	
TCGA-EE-A3AG	SKCM	CD4 T cells	0	
TCGA-WE-A8ZX	SKCM	CD4 T cells	0	
TCGA-WE-A8ZX	SKCM	CD4 T cells	0	
TCGA-YG-AA3P	SKCM	CD4 T cells	0	
TCGA-YG-AA3P	SKCM	CD4 T cells	0	
TCGA-EE-A2GK	SKCM	CD4 T cells	0.0813	
TCGA-EE-A2GK	SKCM	CD4 T cells	0.0813	
TCGA-FR-A2OS	SKCM	CD4 T cells	0.0313	
TCGA-FR-A2OS	SKCM	CD4 T cells	0.0313	
TCGA-WE-A8ZN	SKCM	CD4 T cells	0.009	
TCGA-WE-A8ZN	SKCM	CD4 T cells	0.009	
TCGA-FS-A1Z7	SKCM	CD4 T cells	0	
TCGA-FS-A1Z7	SKCM	CD4 T cells	0	
TCGA-ER-A19S	SKCM	CD4 T cells	0	
TCGA-ER-A19S	SKCM	CD4 T cells	0	
TCGA-D9-A1JX	SKCM	CD4 T cells	0	
TCGA-D9-A1JX	SKCM	CD4 T cells	0	
TCGA-FS-A1ZG	SKCM	CD4 T cells	0.088	
TCGA-FS-A1ZG	SKCM	CD4 T cells	0.088	
TCGA-FR-A729	SKCM	CD4 T cells	0	
TCGA-FR-A729	SKCM	CD4 T cells	0	
TCGA-D3-A3MV	SKCM	CD4 T cells	0	
TCGA-D3-A3MV	SKCM	CD4 T cells	0	
TCGA-EB-A5UL	SKCM	CD4 T cells	0.0199	
TCGA-EB-A5UL	SKCM	CD4 T cells	0.0199	
TCGA-EE-A20B	SKCM	CD4 T cells	0	
TCGA-EE-A20B	SKCM	CD4 T cells	0	
TCGA-FS-A1ZZ	SKCM	CD4 T cells	0.0141	
TCGA-FS-A1ZZ	SKCM	CD4 T cells	0.0141	
TCGA-ER-A19B	SKCM	CD4 T cells	0	
TCGA-ER-A19B	SKCM	CD4 T cells	0	
TCGA-ER-A2NG	SKCM	CD4 T cells	0	
TCGA-ER-A2NG	SKCM	CD4 T cells	0	
TCGA-WE-A8ZM	SKCM	CD4 T cells	0	
TCGA-WE-A8ZM	SKCM	CD4 T cells	0	
TCGA-GF-A3OT	SKCM	CD4 T cells	0	
TCGA-GF-A3OT	SKCM	CD4 T cells	0	
TCGA-ER-A19K	SKCM	CD4 T cells	0.0195	
TCGA-ER-A19K	SKCM	CD4 T cells	0.0195	
TCGA-GN-A26C	SKCM	CD4 T cells	0	
TCGA-GN-A26C	SKCM	CD4 T cells	0	
TCGA-EB-A6L9	SKCM	CD4 T cells	0.0753	
TCGA-EB-A6L9	SKCM	CD4 T cells	0.0753	
TCGA-D3-A1QA	SKCM	CD4 T cells	0.0578	
TCGA-D3-A1QA	SKCM	CD4 T cells	0.0578	
TCGA-D3-A3C3	SKCM	CD4 T cells	0.0097	
TCGA-D3-A3C3	SKCM	CD4 T cells	0.0097	
TCGA-EE-A29C	SKCM	CD4 T cells	0.0531	
TCGA-EE-A29C	SKCM	CD4 T cells	0.0531	
TCGA-EE-A29P	SKCM	CD4 T cells	0	
TCGA-EE-A29P	SKCM	CD4 T cells	0	
TCGA-EB-A5SE	SKCM	CD4 T cells	0	
TCGA-EB-A5SE	SKCM	CD4 T cells	0	
TCGA-D9-A4Z2	SKCM	CD4 T cells	0	
TCGA-D9-A4Z2	SKCM	CD4 T cells	0	
TCGA-D3-A8GR	SKCM	CD4 T cells	0.0319	
TCGA-D3-A8GR	SKCM	CD4 T cells	0.0319	
TCGA-ER-A19P	SKCM	CD4 T cells	0	
TCGA-ER-A19P	SKCM	CD4 T cells	0	
TCGA-D9-A148	SKCM	CD4 T cells	0.0503	
TCGA-D9-A148	SKCM	CD4 T cells	0.0503	
TCGA-D3-A3ML	SKCM	CD8 T cells	0	0.0881
TCGA-D3-A3ML	SKCM	CD8 T cells	0	0.0881
TCGA-EE-A3AF	SKCM	CD8 T cells	0.0163	0.0898
TCGA-EE-A3AF	SKCM	CD8 T cells	0.0163	0.0898
TCGA-DA-A1I2	SKCM	CD8 T cells	0.0116	0.0223
TCGA-DA-A1I2	SKCM	CD8 T cells	0.0116	0.0223
TCGA-EE-A29V	SKCM	CD8 T cells	0.0006	0
TCGA-EE-A29V	SKCM	CD8 T cells	0.0006	0
TCGA-EE-A2ML	SKCM	CD8 T cells	0.0643	0.1197
TCGA-EE-A2ML	SKCM	CD8 T cells	0.0643	0.1197
TCGA-ER-A42L	SKCM	CD8 T cells	0.1096	0.1377
TCGA-ER-A42L	SKCM	CD8 T cells	0.1096	0.1377
TCGA-HR-A2OG	SKCM	CD8 T cells	0.0113	0.006
TCGA-HR-A2OG	SKCM	CD8 T cells	0.0113	0.006
TCGA-XV-AB01	SKCM	CD8 T cells	0.0091	0.1687
TCGA-XV-AB01	SKCM	CD8 T cells	0.0091	0.1687
TCGA-FW-A3TV	SKCM	CD8 T cells	0.0199	0.0469
TCGA-FW-A3TV	SKCM	CD8 T cells	0.0199	0.0469
TCGA-D3-A2JO	SKCM	CD8 T cells	0.082	0.0808
TCGA-D3-A2JO	SKCM	CD8 T cells	0.082	0.0808
TCGA-EB-A57M	SKCM	CD8 T cells	0.002	0.0156
TCGA-EB-A57M	SKCM	CD8 T cells	0.002	0.0156
TCGA-EE-A2GP	SKCM	CD8 T cells	0.0045	0
TCGA-EE-A2GP	SKCM	CD8 T cells	0.0045	0
TCGA-EE-A2MN	SKCM	CD8 T cells	0.0583	0.1223
TCGA-EE-A2MN	SKCM	CD8 T cells	0.0583	0.1223
TCGA-EB-A5VV	SKCM	CD8 T cells	0.0723	0.0002
TCGA-EB-A5VV	SKCM	CD8 T cells	0.0723	0.0002
TCGA-GN-A4U7	SKCM	CD8 T cells	0	0
TCGA-GN-A4U7	SKCM	CD8 T cells	0	0
TCGA-GN-A263	SKCM	CD8 T cells	0.0024	0
TCGA-GN-A263	SKCM	CD8 T cells	0.0024	0
TCGA-EE-A2GC	SKCM	CD8 T cells	0.0829	0.1118
TCGA-EE-A2GC	SKCM	CD8 T cells	0.0829	0.1118
TCGA-D9-A149	SKCM	CD8 T cells	0.0328	0.0462
TCGA-D9-A149	SKCM	CD8 T cells	0.0328	0.0462
TCGA-ER-A19F	SKCM	CD8 T cells	0.0036	0.0121
TCGA-ER-A19F	SKCM	CD8 T cells	0.0036	0.0121
TCGA-FS-A4F9	SKCM	CD8 T cells	0.0002	0
TCGA-FS-A4F9	SKCM	CD8 T cells	0.0002	0
TCGA-EE-A3J8	SKCM	CD8 T cells	0	0
TCGA-EE-A3J8	SKCM	CD8 T cells	0	0
TCGA-EE-A2MU	SKCM	CD8 T cells	0.0688	0.0866
TCGA-EE-A2MU	SKCM	CD8 T cells	0.0688	0.0866
TCGA-EE-A2MF	SKCM	CD8 T cells	0.0162	0.0317
TCGA-EE-A2MF	SKCM	CD8 T cells	0.0162	0.0317
TCGA-D3-A3MR	SKCM	CD8 T cells	0.1077	0.1188
TCGA-D3-A3MR	SKCM	CD8 T cells	0.1077	0.1188
TCGA-EB-A5KH	SKCM	CD8 T cells	0	0.0013
TCGA-EB-A5KH	SKCM	CD8 T cells	0	0.0013
TCGA-EE-A3AD	SKCM	CD8 T cells	0	0
TCGA-EE-A3AD	SKCM	CD8 T cells	0	0
TCGA-WE-A8K5	SKCM	CD8 T cells	0.0193	0.0301
TCGA-WE-A8K5	SKCM	CD8 T cells	0.0193	0.0301
TCGA-EE-A3AB	SKCM	CD8 T cells	0.0059	0.0408
TCGA-EE-A3AB	SKCM	CD8 T cells	0.0059	0.0408
TCGA-ER-A2NE	SKCM	CD8 T cells	0	0
TCGA-ER-A2NE	SKCM	CD8 T cells	0	0
TCGA-GF-A6C8	SKCM	CD8 T cells	0.0276	0.1215
TCGA-GF-A6C8	SKCM	CD8 T cells	0.0276	0.1215
TCGA-WE-AA9Y	SKCM	CD8 T cells	0.0063	0
TCGA-WE-AA9Y	SKCM	CD8 T cells	0.0063	0
TCGA-ER-A1A1	SKCM	CD8 T cells	0.0237	0.0016
TCGA-ER-A1A1	SKCM	CD8 T cells	0.0237	0.0016
TCGA-D3-A3CF	SKCM	CD8 T cells	0.0257	0
TCGA-D3-A3CF	SKCM	CD8 T cells	0.0257	0
TCGA-FS-A1ZK	SKCM	CD8 T cells	0	0
TCGA-FS-A1ZK	SKCM	CD8 T cells	0	0
TCGA-BF-A9VF	SKCM	CD8 T cells	0.0013	0.0565
TCGA-BF-A9VF	SKCM	CD8 T cells	0.0013	0.0565
TCGA-D3-A8GL	SKCM	CD8 T cells	0	0.0096
TCGA-D3-A8GL	SKCM	CD8 T cells	0	0.0096
TCGA-D3-A3C8	SKCM	CD8 T cells	0.4964	0.1478
TCGA-D3-A3C8	SKCM	CD8 T cells	0.4964	0.1478
TCGA-FS-A1ZA	SKCM	CD8 T cells	0.0134	0.0338
TCGA-FS-A1ZA	SKCM	CD8 T cells	0.0134	0.0338
TCGA-EB-A4IS	SKCM	CD8 T cells	0.085	0.0691
TCGA-EB-A4IS	SKCM	CD8 T cells	0.085	0.0691
TCGA-FR-A44A	SKCM	CD8 T cells	0.1931	0.1229
TCGA-FR-A44A	SKCM	CD8 T cells	0.1931	0.1229
TCGA-D3-A2J7	SKCM	CD8 T cells	0.0384	0.0371
TCGA-D3-A2J7	SKCM	CD8 T cells	0.0384	0.0371
TCGA-BF-A1PX	SKCM	CD8 T cells	0.1109	0.144
TCGA-BF-A1PX	SKCM	CD8 T cells	0.1109	0.144
TCGA-YG-AA3O	SKCM	CD8 T cells	0.0152	0
TCGA-YG-AA3O	SKCM	CD8 T cells	0.0152	0
TCGA-EE-A29M	SKCM	CD8 T cells	0.0227	0.0613
TCGA-EE-A29M	SKCM	CD8 T cells	0.0227	0.0613
TCGA-ER-A2ND	SKCM	CD8 T cells	0.0043	0.1004
TCGA-ER-A2ND	SKCM	CD8 T cells	0.0043	0.1004
TCGA-YG-AA3N	SKCM	CD8 T cells	0.1388	0.194
TCGA-YG-AA3N	SKCM	CD8 T cells	0.1388	0.194
TCGA-BF-A3DM	SKCM	CD8 T cells	0	0
TCGA-BF-A3DM	SKCM	CD8 T cells	0	0
TCGA-D9-A4Z3	SKCM	CD8 T cells	0.0047	0.0615
TCGA-D9-A4Z3	SKCM	CD8 T cells	0.0047	0.0615
TCGA-D3-A1Q6	SKCM	CD8 T cells	0.0021	0
TCGA-D3-A1Q6	SKCM	CD8 T cells	0.0021	0
TCGA-D3-A8GC	SKCM	CD8 T cells	0.0044	0
TCGA-D3-A8GC	SKCM	CD8 T cells	0.0044	0
TCGA-D3-A51R	SKCM	CD8 T cells	0	0
TCGA-D3-A51R	SKCM	CD8 T cells	0	0
TCGA-FR-A7U9	SKCM	CD8 T cells	0.0132	0.0232
TCGA-FR-A7U9	SKCM	CD8 T cells	0.0132	0.0232
TCGA-D3-A2JN	SKCM	CD8 T cells	0.0437	0.0462
TCGA-D3-A2JN	SKCM	CD8 T cells	0.0437	0.0462
TCGA-DA-A1HV	SKCM	CD8 T cells	0.0762	0.0166
TCGA-DA-A1HV	SKCM	CD8 T cells	0.0762	0.0166
TCGA-D3-A51F	SKCM	CD8 T cells	0.4272	0.1545
TCGA-D3-A51F	SKCM	CD8 T cells	0.4272	0.1545
TCGA-EB-A4OZ	SKCM	CD8 T cells	0.0462	0.1542
TCGA-EB-A4OZ	SKCM	CD8 T cells	0.0462	0.1542
TCGA-FR-A7U8	SKCM	CD8 T cells	0	0.0288
TCGA-FR-A7U8	SKCM	CD8 T cells	0	0.0288
TCGA-D3-A1Q5	SKCM	CD8 T cells	0.0015	0
TCGA-D3-A1Q5	SKCM	CD8 T cells	0.0015	0
TCGA-EE-A2GU	SKCM	CD8 T cells	0.1019	0.1312
TCGA-EE-A2GU	SKCM	CD8 T cells	0.1019	0.1312
TCGA-D9-A6E9	SKCM	CD8 T cells	0.2728	0.2221
TCGA-D9-A6E9	SKCM	CD8 T cells	0.2728	0.2221
TCGA-EE-A29X	SKCM	CD8 T cells	0.0215	0.0869
TCGA-EE-A29X	SKCM	CD8 T cells	0.0215	0.0869
TCGA-EE-A20H	SKCM	CD8 T cells	0	0
TCGA-EE-A20H	SKCM	CD8 T cells	0	0
TCGA-EB-A1NK	SKCM	CD8 T cells	0.0029	0.0393
TCGA-EB-A1NK	SKCM	CD8 T cells	0.0029	0.0393
TCGA-GF-A2C7	SKCM	CD8 T cells	0	0.0894
TCGA-GF-A2C7	SKCM	CD8 T cells	0	0.0894
TCGA-FR-A8YD	SKCM	CD8 T cells	0.0016	0.0383
TCGA-FR-A8YD	SKCM	CD8 T cells	0.0016	0.0383
TCGA-D3-A2JL	SKCM	CD8 T cells	0.0822	0.1765
TCGA-D3-A2JL	SKCM	CD8 T cells	0.0822	0.1765
TCGA-D3-A1Q3	SKCM	CD8 T cells	0.0327	0.0349
TCGA-D3-A1Q3	SKCM	CD8 T cells	0.0327	0.0349
TCGA-EE-A3JI	SKCM	CD8 T cells	0.0007	0
TCGA-EE-A3JI	SKCM	CD8 T cells	0.0007	0
TCGA-FS-A1Z3	SKCM	CD8 T cells	0	0
TCGA-FS-A1Z3	SKCM	CD8 T cells	0	0
TCGA-ER-A194	SKCM	CD8 T cells	0.0187	0.1708
TCGA-ER-A194	SKCM	CD8 T cells	0.0187	0.1708
TCGA-QB-AA9O	SKCM	CD8 T cells	0.046	0.1024
TCGA-QB-AA9O	SKCM	CD8 T cells	0.046	0.1024
TCGA-FS-A1ZE	SKCM	CD8 T cells	0	0.0143
TCGA-FS-A1ZE	SKCM	CD8 T cells	0	0.0143
TCGA-HR-A5NC	SKCM	CD8 T cells	0	0
TCGA-HR-A5NC	SKCM	CD8 T cells	0	0
TCGA-D3-A3CC	SKCM	CD8 T cells	0.0003	0.019
TCGA-D3-A3CC	SKCM	CD8 T cells	0.0003	0.019
TCGA-D3-A51J	SKCM	CD8 T cells	0.1505	0.1472
TCGA-D3-A51J	SKCM	CD8 T cells	0.1505	0.1472
TCGA-BF-AAOX	SKCM	CD8 T cells	0.0022	0.0448
TCGA-BF-AAOX	SKCM	CD8 T cells	0.0022	0.0448
TCGA-EB-A5FP	SKCM	CD8 T cells	0	0
TCGA-EB-A5FP	SKCM	CD8 T cells	0	0
TCGA-EE-A3JH	SKCM	CD8 T cells	0.1602	0.0461
TCGA-EE-A3JH	SKCM	CD8 T cells	0.1602	0.0461
TCGA-DA-A1IA	SKCM	CD8 T cells	0.0004	0
TCGA-DA-A1IA	SKCM	CD8 T cells	0.0004	0
TCGA-D3-A2JE	SKCM	CD8 T cells	0	0
TCGA-D3-A2JE	SKCM	CD8 T cells	0	0
TCGA-FS-A1ZJ	SKCM	CD8 T cells	0.017	0.1125
TCGA-FS-A1ZJ	SKCM	CD8 T cells	0.017	0.1125
TCGA-EB-A24C	SKCM	CD8 T cells	0	0
TCGA-EB-A24C	SKCM	CD8 T cells	0	0
TCGA-FS-A4F8	SKCM	CD8 T cells	0.0588	0.0056
TCGA-FS-A4F8	SKCM	CD8 T cells	0.0588	0.0056
TCGA-W3-A825	SKCM	CD8 T cells	0.0619	0.1067
TCGA-W3-A825	SKCM	CD8 T cells	0.0619	0.1067
TCGA-D3-A3C1	SKCM	CD8 T cells	0.0045	0.1567
TCGA-D3-A3C1	SKCM	CD8 T cells	0.0045	0.1567
TCGA-FS-A1ZS	SKCM	CD8 T cells	0	0
TCGA-FS-A1ZS	SKCM	CD8 T cells	0	0
TCGA-D3-A8GQ	SKCM	CD8 T cells	0.0067	0.0431
TCGA-D3-A8GQ	SKCM	CD8 T cells	0.0067	0.0431
TCGA-EB-A5SF	SKCM	CD8 T cells	0	0
TCGA-EB-A5SF	SKCM	CD8 T cells	0	0
TCGA-D3-A2JA	SKCM	CD8 T cells	0.0188	0
TCGA-D3-A2JA	SKCM	CD8 T cells	0.0188	0
TCGA-ER-A19D	SKCM	CD8 T cells	0.0217	0.0595
TCGA-ER-A19D	SKCM	CD8 T cells	0.0217	0.0595
TCGA-GN-A266	SKCM	CD8 T cells	0.0461	0
TCGA-GN-A266	SKCM	CD8 T cells	0.0461	0
TCGA-DA-A3F3	SKCM	CD8 T cells	0.005	0
TCGA-DA-A3F3	SKCM	CD8 T cells	0.005	0
TCGA-W3-AA1W	SKCM	CD8 T cells	0.3449	0.1102
TCGA-W3-AA1W	SKCM	CD8 T cells	0.3449	0.1102
TCGA-EE-A2MC	SKCM	CD8 T cells	0.0975	0.0791
TCGA-EE-A2MC	SKCM	CD8 T cells	0.0975	0.0791
TCGA-RP-A695	SKCM	CD8 T cells	0.0161	0.1001
TCGA-RP-A695	SKCM	CD8 T cells	0.0161	0.1001
TCGA-ER-A19Q	SKCM	CD8 T cells	0.0289	0.0165
TCGA-ER-A19Q	SKCM	CD8 T cells	0.0289	0.0165
TCGA-D3-A2JH	SKCM	CD8 T cells	0.2716	0.181
TCGA-D3-A2JH	SKCM	CD8 T cells	0.2716	0.181
TCGA-D3-A8GV	SKCM	CD8 T cells	0.0016	0
TCGA-D3-A8GV	SKCM	CD8 T cells	0.0016	0
TCGA-EE-A184	SKCM	CD8 T cells	0.0251	0.098
TCGA-EE-A184	SKCM	CD8 T cells	0.0251	0.098
TCGA-RP-A693	SKCM	CD8 T cells	0.0371	0.0412
TCGA-RP-A693	SKCM	CD8 T cells	0.0371	0.0412
TCGA-D3-A3C7	SKCM	CD8 T cells	0.034	0.0699
TCGA-D3-A3C7	SKCM	CD8 T cells	0.034	0.0699
TCGA-EE-A2GM	SKCM	CD8 T cells	0.01	0
TCGA-EE-A2GM	SKCM	CD8 T cells	0.01	0
TCGA-BF-A1PU	SKCM	CD8 T cells	0	0
TCGA-BF-A1PU	SKCM	CD8 T cells	0	0
TCGA-EE-A3J7	SKCM	CD8 T cells	0.0183	0.0923
TCGA-EE-A3J7	SKCM	CD8 T cells	0.0183	0.0923
TCGA-BF-AAP7	SKCM	CD8 T cells	0.0763	0.2123
TCGA-BF-AAP7	SKCM	CD8 T cells	0.0763	0.2123
TCGA-ER-A197	SKCM	CD8 T cells	0.0641	0.1105
TCGA-ER-A197	SKCM	CD8 T cells	0.0641	0.1105
TCGA-ER-A19E	SKCM	CD8 T cells	0.0004	0.0267
TCGA-ER-A19E	SKCM	CD8 T cells	0.0004	0.0267
TCGA-EE-A3J4	SKCM	CD8 T cells	0.0061	0.0745
TCGA-EE-A3J4	SKCM	CD8 T cells	0.0061	0.0745
TCGA-DA-A95Y	SKCM	CD8 T cells	0.0012	0
TCGA-DA-A95Y	SKCM	CD8 T cells	0.0012	0
TCGA-DA-A1HY	SKCM	CD8 T cells	0	0
TCGA-DA-A1HY	SKCM	CD8 T cells	0	0
TCGA-EE-A3JA	SKCM	CD8 T cells	0.0249	0.0649
TCGA-EE-A3JA	SKCM	CD8 T cells	0.0249	0.0649
TCGA-ER-A19A	SKCM	CD8 T cells	0.1231	0.0186
TCGA-ER-A19A	SKCM	CD8 T cells	0.1231	0.0186
TCGA-D3-A8GB	SKCM	CD8 T cells	0.0613	0.0428
TCGA-D3-A8GB	SKCM	CD8 T cells	0.0613	0.0428
TCGA-D3-A8GJ	SKCM	CD8 T cells	0.1848	0.1441
TCGA-D3-A8GJ	SKCM	CD8 T cells	0.1848	0.1441
TCGA-FW-A3I3	SKCM	CD8 T cells	0.0031	0.0105
TCGA-FW-A3I3	SKCM	CD8 T cells	0.0031	0.0105
TCGA-EE-A2MR	SKCM	CD8 T cells	0.1109	0.0317
TCGA-EE-A2MR	SKCM	CD8 T cells	0.1109	0.0317
TCGA-D3-A8GM	SKCM	CD8 T cells	0.0303	0.0363
TCGA-D3-A8GM	SKCM	CD8 T cells	0.0303	0.0363
TCGA-D3-A51G	SKCM	CD8 T cells	0.0287	0.0129
TCGA-D3-A51G	SKCM	CD8 T cells	0.0287	0.0129
TCGA-EB-A5SG	SKCM	CD8 T cells	0.2338	0.1331
TCGA-EB-A5SG	SKCM	CD8 T cells	0.2338	0.1331
TCGA-FS-A1YX	SKCM	CD8 T cells	0.0029	0
TCGA-FS-A1YX	SKCM	CD8 T cells	0.0029	0
TCGA-BF-A1PZ	SKCM	CD8 T cells	0.0074	0.0687
TCGA-BF-A1PZ	SKCM	CD8 T cells	0.0074	0.0687
TCGA-GF-A6C9	SKCM	CD8 T cells	0.0189	0.0099
TCGA-GF-A6C9	SKCM	CD8 T cells	0.0189	0.0099
TCGA-D3-A2JG	SKCM	CD8 T cells	0.0028	0.085
TCGA-D3-A2JG	SKCM	CD8 T cells	0.0028	0.085
TCGA-EE-A2MK	SKCM	CD8 T cells	0.0707	0.0893
TCGA-EE-A2MK	SKCM	CD8 T cells	0.0707	0.0893
TCGA-EE-A2GE	SKCM	CD8 T cells	0.1439	0.0252
TCGA-EE-A2GE	SKCM	CD8 T cells	0.1439	0.0252
TCGA-EE-A29A	SKCM	CD8 T cells	0	0
TCGA-EE-A29A	SKCM	CD8 T cells	0	0
TCGA-FS-A1ZW	SKCM	CD8 T cells	0.0628	0.037
TCGA-FS-A1ZW	SKCM	CD8 T cells	0.0628	0.037
TCGA-FR-A726	SKCM	CD8 T cells	0	0.0583
TCGA-FR-A726	SKCM	CD8 T cells	0	0.0583
TCGA-XV-A9VZ	SKCM	CD8 T cells	0	0
TCGA-XV-A9VZ	SKCM	CD8 T cells	0	0
TCGA-EE-A2MS	SKCM	CD8 T cells	0.0275	0
TCGA-EE-A2MS	SKCM	CD8 T cells	0.0275	0
TCGA-W3-AA21	SKCM	CD8 T cells	0.0051	0.0073
TCGA-W3-AA21	SKCM	CD8 T cells	0.0051	0.0073
TCGA-ER-A3ET	SKCM	CD8 T cells	0.0026	0
TCGA-ER-A3ET	SKCM	CD8 T cells	0.0026	0
TCGA-FS-A1ZP	SKCM	CD8 T cells	0.0093	0.0017
TCGA-FS-A1ZP	SKCM	CD8 T cells	0.0093	0.0017
TCGA-FS-A4F2	SKCM	CD8 T cells	0	0
TCGA-FS-A4F2	SKCM	CD8 T cells	0	0
TCGA-EB-A4IQ	SKCM	CD8 T cells	0.0001	0
TCGA-EB-A4IQ	SKCM	CD8 T cells	0.0001	0
TCGA-FS-A4F0	SKCM	CD8 T cells	0	0
TCGA-FS-A4F0	SKCM	CD8 T cells	0	0
TCGA-D9-A3Z1	SKCM	CD8 T cells	0.0541	0.1092
TCGA-D9-A3Z1	SKCM	CD8 T cells	0.0541	0.1092
TCGA-EB-A85I	SKCM	CD8 T cells	0.0704	0.2659
TCGA-EB-A85I	SKCM	CD8 T cells	0.0704	0.2659
TCGA-D3-A51H	SKCM	CD8 T cells	0.0137	0.0082
TCGA-D3-A51H	SKCM	CD8 T cells	0.0137	0.0082
TCGA-FW-A3TU	SKCM	CD8 T cells	0.0056	0.0354
TCGA-FW-A3TU	SKCM	CD8 T cells	0.0056	0.0354
TCGA-ER-A195	SKCM	CD8 T cells	0.065	0.0912
TCGA-ER-A195	SKCM	CD8 T cells	0.065	0.0912
TCGA-EB-A97M	SKCM	CD8 T cells	0.0143	0.0712
TCGA-EB-A97M	SKCM	CD8 T cells	0.0143	0.0712
TCGA-EB-A3XC	SKCM	CD8 T cells	0.0031	0.0417
TCGA-EB-A3XC	SKCM	CD8 T cells	0.0031	0.0417
TCGA-RP-A6K9	SKCM	CD8 T cells	0.0544	0.1335
TCGA-RP-A6K9	SKCM	CD8 T cells	0.0544	0.1335
TCGA-EB-A82C	SKCM	CD8 T cells	0	0.0067
TCGA-EB-A82C	SKCM	CD8 T cells	0	0.0067
TCGA-DA-A95W	SKCM	CD8 T cells	0.019	0.0335
TCGA-DA-A95W	SKCM	CD8 T cells	0.019	0.0335
TCGA-BF-A5EQ	SKCM	CD8 T cells	0.0368	0.0201
TCGA-BF-A5EQ	SKCM	CD8 T cells	0.0368	0.0201
TCGA-W3-AA1R	SKCM	CD8 T cells	0.01	0.1303
TCGA-W3-AA1R	SKCM	CD8 T cells	0.01	0.1303
TCGA-EE-A2MP	SKCM	CD8 T cells	0.0589	0.1348
TCGA-EE-A2MP	SKCM	CD8 T cells	0.0589	0.1348
TCGA-3N-A9WC	SKCM	CD8 T cells	0.0916	0.1413
TCGA-3N-A9WC	SKCM	CD8 T cells	0.0916	0.1413
TCGA-EB-A51B	SKCM	CD8 T cells	0.007	0.1005
TCGA-EB-A51B	SKCM	CD8 T cells	0.007	0.1005
TCGA-EB-A3XF	SKCM	CD8 T cells	0.004	0.0236
TCGA-EB-A3XF	SKCM	CD8 T cells	0.004	0.0236
TCGA-3N-A9WB	SKCM	CD8 T cells	0.0003	0
TCGA-3N-A9WB	SKCM	CD8 T cells	0.0003	0
TCGA-WE-A8ZR	SKCM	CD8 T cells	0.0039	0
TCGA-WE-A8ZR	SKCM	CD8 T cells	0.0039	0
TCGA-D9-A3Z3	SKCM	CD8 T cells	0.0193	0
TCGA-D9-A3Z3	SKCM	CD8 T cells	0.0193	0
TCGA-FS-A1ZT	SKCM	CD8 T cells	0.0525	0.0572
TCGA-FS-A1ZT	SKCM	CD8 T cells	0.0525	0.0572
TCGA-FS-A1YW	SKCM	CD8 T cells	0.0024	0.0147
TCGA-FS-A1YW	SKCM	CD8 T cells	0.0024	0.0147
TCGA-EE-A2A2	SKCM	CD8 T cells	0.006	0.0001
TCGA-EE-A2A2	SKCM	CD8 T cells	0.006	0.0001
TCGA-D3-A8GS	SKCM	CD8 T cells	0.0529	0.0921
TCGA-D3-A8GS	SKCM	CD8 T cells	0.0529	0.0921
TCGA-EE-A2M6	SKCM	CD8 T cells	0.0041	0
TCGA-EE-A2M6	SKCM	CD8 T cells	0.0041	0
TCGA-Z2-A8RT	SKCM	CD8 T cells	0.0195	0.076
TCGA-Z2-A8RT	SKCM	CD8 T cells	0.0195	0.076
TCGA-WE-A8ZT	SKCM	CD8 T cells	0	0.0473
TCGA-WE-A8ZT	SKCM	CD8 T cells	0	0.0473
TCGA-Z2-AA3V	SKCM	CD8 T cells	0.0369	0.0899
TCGA-Z2-AA3V	SKCM	CD8 T cells	0.0369	0.0899
TCGA-GN-A26A	SKCM	CD8 T cells	0.0234	0
TCGA-GN-A26A	SKCM	CD8 T cells	0.0234	0
TCGA-EE-A183	SKCM	CD8 T cells	0.0233	0.0645
TCGA-EE-A183	SKCM	CD8 T cells	0.0233	0.0645
TCGA-EB-A6R0	SKCM	CD8 T cells	0.0635	0.205
TCGA-EB-A6R0	SKCM	CD8 T cells	0.0635	0.205
TCGA-EB-A44R	SKCM	CD8 T cells	0.0634	0.1351
TCGA-EB-A44R	SKCM	CD8 T cells	0.0634	0.1351
TCGA-EE-A2GD	SKCM	CD8 T cells	0.0017	0
TCGA-EE-A2GD	SKCM	CD8 T cells	0.0017	0
TCGA-EE-A29S	SKCM	CD8 T cells	0.0277	0.0605
TCGA-EE-A29S	SKCM	CD8 T cells	0.0277	0.0605
TCGA-EE-A2M8	SKCM	CD8 T cells	0.3491	0.1587
TCGA-EE-A2M8	SKCM	CD8 T cells	0.3491	0.1587
TCGA-BF-AAP0	SKCM	CD8 T cells	0.12	0.102
TCGA-BF-AAP0	SKCM	CD8 T cells	0.12	0.102
TCGA-WE-A8ZY	SKCM	CD8 T cells	0.0021	0
TCGA-WE-A8ZY	SKCM	CD8 T cells	0.0021	0
TCGA-ER-A19L	SKCM	CD8 T cells	0	0
TCGA-ER-A19L	SKCM	CD8 T cells	0	0
TCGA-EE-A17X	SKCM	CD8 T cells	0.0017	0.0209
TCGA-EE-A17X	SKCM	CD8 T cells	0.0017	0.0209
TCGA-GN-A265	SKCM	CD8 T cells	0.0355	0
TCGA-GN-A265	SKCM	CD8 T cells	0.0355	0
TCGA-BF-A3DJ	SKCM	CD8 T cells	0.0073	0
TCGA-BF-A3DJ	SKCM	CD8 T cells	0.0073	0
TCGA-D3-A5GT	SKCM	CD8 T cells	0.0018	0.0801
TCGA-D3-A5GT	SKCM	CD8 T cells	0.0018	0.0801
TCGA-FR-A3YO	SKCM	CD8 T cells	0	0
TCGA-FR-A3YO	SKCM	CD8 T cells	0	0
TCGA-BF-A1Q0	SKCM	CD8 T cells	0.0069	0.0338
TCGA-BF-A1Q0	SKCM	CD8 T cells	0.0069	0.0338
TCGA-GN-A8LL	SKCM	CD8 T cells	0	0.0602
TCGA-GN-A8LL	SKCM	CD8 T cells	0	0.0602
TCGA-EB-A551	SKCM	CD8 T cells	0.1258	0.0689
TCGA-EB-A551	SKCM	CD8 T cells	0.1258	0.0689
TCGA-XV-A9W5	SKCM	CD8 T cells	0.008	0.0638
TCGA-XV-A9W5	SKCM	CD8 T cells	0.008	0.0638
TCGA-FS-A4FB	SKCM	CD8 T cells	0	0
TCGA-FS-A4FB	SKCM	CD8 T cells	0	0
TCGA-DA-A1IC	SKCM	CD8 T cells	0.0071	0.0623
TCGA-DA-A1IC	SKCM	CD8 T cells	0.0071	0.0623
TCGA-HR-A2OH	SKCM	CD8 T cells	0.3522	0.1213
TCGA-HR-A2OH	SKCM	CD8 T cells	0.3522	0.1213
TCGA-EB-A5UM	SKCM	CD8 T cells	0.0292	0.1223
TCGA-EB-A5UM	SKCM	CD8 T cells	0.0292	0.1223
TCGA-DA-A95Z	SKCM	CD8 T cells	0.0045	0.0836
TCGA-DA-A95Z	SKCM	CD8 T cells	0.0045	0.0836
TCGA-BF-AAP1	SKCM	CD8 T cells	0	0
TCGA-BF-AAP1	SKCM	CD8 T cells	0	0
TCGA-FR-A3R1	SKCM	CD8 T cells	0.025	0.1265
TCGA-FR-A3R1	SKCM	CD8 T cells	0.025	0.1265
TCGA-DA-A1I0	SKCM	CD8 T cells	0.0088	0.0546
TCGA-DA-A1I0	SKCM	CD8 T cells	0.0088	0.0546
TCGA-ER-A42K	SKCM	CD8 T cells	0	0
TCGA-ER-A42K	SKCM	CD8 T cells	0	0
TCGA-DA-A1I1	SKCM	CD8 T cells	0.0368	0.0238
TCGA-DA-A1I1	SKCM	CD8 T cells	0.0368	0.0238
TCGA-EE-A2MT	SKCM	CD8 T cells	0.0081	0.0273
TCGA-EE-A2MT	SKCM	CD8 T cells	0.0081	0.0273
TCGA-ER-A19O	SKCM	CD8 T cells	0.0292	0.1324
TCGA-ER-A19O	SKCM	CD8 T cells	0.0292	0.1324
TCGA-EE-A29Q	SKCM	CD8 T cells	0	0.0229
TCGA-EE-A29Q	SKCM	CD8 T cells	0	0.0229
TCGA-FS-A1Z0	SKCM	CD8 T cells	0.062	0
TCGA-FS-A1Z0	SKCM	CD8 T cells	0.062	0
TCGA-D3-A5GU	SKCM	CD8 T cells	0.0418	0.1558
TCGA-D3-A5GU	SKCM	CD8 T cells	0.0418	0.1558
TCGA-EB-A44P	SKCM	CD8 T cells	0.0104	0.1128
TCGA-EB-A44P	SKCM	CD8 T cells	0.0104	0.1128
TCGA-ER-A2NH	SKCM	CD8 T cells	0.2897	0.1678
TCGA-ER-A2NH	SKCM	CD8 T cells	0.2897	0.1678
TCGA-GN-A4U4	SKCM	CD8 T cells	0.0016	0.0759
TCGA-GN-A4U4	SKCM	CD8 T cells	0.0016	0.0759
TCGA-EE-A3JB	SKCM	CD8 T cells	0.0006	0.0394
TCGA-EE-A3JB	SKCM	CD8 T cells	0.0006	0.0394
TCGA-EB-A4OY	SKCM	CD8 T cells	0.0126	0.1866
TCGA-EB-A4OY	SKCM	CD8 T cells	0.0126	0.1866
TCGA-D3-A8GK	SKCM	CD8 T cells	0	0
TCGA-D3-A8GK	SKCM	CD8 T cells	0	0
TCGA-FS-A1ZB	SKCM	CD8 T cells	0.0031	0
TCGA-FS-A1ZB	SKCM	CD8 T cells	0.0031	0
TCGA-D3-A2J6	SKCM	CD8 T cells	0.0637	0.0669
TCGA-D3-A2J6	SKCM	CD8 T cells	0.0637	0.0669
TCGA-EB-A3XD	SKCM	CD8 T cells	0.0189	0.0446
TCGA-EB-A3XD	SKCM	CD8 T cells	0.0189	0.0446
TCGA-D3-A8GN	SKCM	CD8 T cells	0.0733	0.0878
TCGA-D3-A8GN	SKCM	CD8 T cells	0.0733	0.0878
TCGA-EE-A20F	SKCM	CD8 T cells	0.0301	0
TCGA-EE-A20F	SKCM	CD8 T cells	0.0301	0
TCGA-WE-A8JZ	SKCM	CD8 T cells	0.0076	0
TCGA-WE-A8JZ	SKCM	CD8 T cells	0.0076	0
TCGA-EE-A182	SKCM	CD8 T cells	0.0078	0.1573
TCGA-EE-A182	SKCM	CD8 T cells	0.0078	0.1573
TCGA-D3-A3MU	SKCM	CD8 T cells	0.0081	0.014
TCGA-D3-A3MU	SKCM	CD8 T cells	0.0081	0.014
TCGA-Z2-AA3S	SKCM	CD8 T cells	0.0189	0.1787
TCGA-Z2-AA3S	SKCM	CD8 T cells	0.0189	0.1787
TCGA-BF-AAP4	SKCM	CD8 T cells	0.0466	0.1345
TCGA-BF-AAP4	SKCM	CD8 T cells	0.0466	0.1345
TCGA-D3-A3CE	SKCM	CD8 T cells	0.0896	0.1012
TCGA-D3-A3CE	SKCM	CD8 T cells	0.0896	0.1012
TCGA-XV-AAZW	SKCM	CD8 T cells	0	0
TCGA-XV-AAZW	SKCM	CD8 T cells	0	0
TCGA-FS-A4F4	SKCM	CD8 T cells	0.0297	0.0916
TCGA-FS-A4F4	SKCM	CD8 T cells	0.0297	0.0916
TCGA-FS-A4FD	SKCM	CD8 T cells	0.0111	0.0692
TCGA-FS-A4FD	SKCM	CD8 T cells	0.0111	0.0692
TCGA-D3-A8GD	SKCM	CD8 T cells	0.0819	0.0755
TCGA-D3-A8GD	SKCM	CD8 T cells	0.0819	0.0755
TCGA-GN-A264	SKCM	CD8 T cells	0	0.0238
TCGA-GN-A264	SKCM	CD8 T cells	0	0.0238
TCGA-WE-A8ZQ	SKCM	CD8 T cells	0	0.0451
TCGA-WE-A8ZQ	SKCM	CD8 T cells	0	0.0451
TCGA-EE-A2GO	SKCM	CD8 T cells	0	0
TCGA-EE-A2GO	SKCM	CD8 T cells	0	0
TCGA-EB-A82B	SKCM	CD8 T cells	0.0208	0.0521
TCGA-EB-A82B	SKCM	CD8 T cells	0.0208	0.0521
TCGA-D3-A51T	SKCM	CD8 T cells	0.0078	0.0552
TCGA-D3-A51T	SKCM	CD8 T cells	0.0078	0.0552
TCGA-D3-A1Q9	SKCM	CD8 T cells	0.026	0.0775
TCGA-D3-A1Q9	SKCM	CD8 T cells	0.026	0.0775
TCGA-ER-A19M	SKCM	CD8 T cells	0.0851	0.038
TCGA-ER-A19M	SKCM	CD8 T cells	0.0851	0.038
TCGA-EE-A2M7	SKCM	CD8 T cells	0.0093	0.0931
TCGA-EE-A2M7	SKCM	CD8 T cells	0.0093	0.0931
TCGA-YD-A89C	SKCM	CD8 T cells	0	0.0343
TCGA-YD-A89C	SKCM	CD8 T cells	0	0.0343
TCGA-D3-A1Q8	SKCM	CD8 T cells	0.0023	0.0155
TCGA-D3-A1Q8	SKCM	CD8 T cells	0.0023	0.0155
TCGA-DA-A1I8	SKCM	CD8 T cells	0	0
TCGA-DA-A1I8	SKCM	CD8 T cells	0	0
TCGA-BF-AAP2	SKCM	CD8 T cells	0.0111	0.0661
TCGA-BF-AAP2	SKCM	CD8 T cells	0.0111	0.0661
TCGA-FS-A1ZU	SKCM	CD8 T cells	0	0
TCGA-FS-A1ZU	SKCM	CD8 T cells	0	0
TCGA-EE-A180	SKCM	CD8 T cells	0.0037	0.0598
TCGA-EE-A180	SKCM	CD8 T cells	0.0037	0.0598
TCGA-GN-A8LN	SKCM	CD8 T cells	0	0.0264
TCGA-GN-A8LN	SKCM	CD8 T cells	0	0.0264
TCGA-DA-A1I4	SKCM	CD8 T cells	0.003	0
TCGA-DA-A1I4	SKCM	CD8 T cells	0.003	0
TCGA-DA-A1HW	SKCM	CD8 T cells	0.0847	0.0862
TCGA-DA-A1HW	SKCM	CD8 T cells	0.0847	0.0862
TCGA-EB-A6QZ	SKCM	CD8 T cells	0	0
TCGA-EB-A6QZ	SKCM	CD8 T cells	0	0
TCGA-YD-A9TB	SKCM	CD8 T cells	0.0116	0.0336
TCGA-YD-A9TB	SKCM	CD8 T cells	0.0116	0.0336
TCGA-W3-AA1Q	SKCM	CD8 T cells	0.0229	0.0857
TCGA-W3-AA1Q	SKCM	CD8 T cells	0.0229	0.0857
TCGA-EE-A2A0	SKCM	CD8 T cells	0.0417	0
TCGA-EE-A2A0	SKCM	CD8 T cells	0.0417	0
TCGA-EB-A6QY	SKCM	CD8 T cells	0.002	0.0625
TCGA-EB-A6QY	SKCM	CD8 T cells	0.002	0.0625
TCGA-BF-A5EO	SKCM	CD8 T cells	0.0104	0.1616
TCGA-BF-A5EO	SKCM	CD8 T cells	0.0104	0.1616
TCGA-EE-A29E	SKCM	CD8 T cells	0	0
TCGA-EE-A29E	SKCM	CD8 T cells	0	0
TCGA-FS-A1Z4	SKCM	CD8 T cells	0.0234	0.0008
TCGA-FS-A1Z4	SKCM	CD8 T cells	0.0234	0.0008
TCGA-EE-A2MJ	SKCM	CD8 T cells	0.1311	0.0934
TCGA-EE-A2MJ	SKCM	CD8 T cells	0.1311	0.0934
TCGA-D3-A3MO	SKCM	CD8 T cells	0	0
TCGA-D3-A3MO	SKCM	CD8 T cells	0	0
TCGA-D3-A5GO	SKCM	CD8 T cells	0.0192	0.0112
TCGA-D3-A5GO	SKCM	CD8 T cells	0.0192	0.0112
TCGA-EE-A2A5	SKCM	CD8 T cells	0	0.0258
TCGA-EE-A2A5	SKCM	CD8 T cells	0	0.0258
TCGA-FS-A4F5	SKCM	CD8 T cells	0	0
TCGA-FS-A4F5	SKCM	CD8 T cells	0	0
TCGA-EE-A2GS	SKCM	CD8 T cells	0.0088	0.0821
TCGA-EE-A2GS	SKCM	CD8 T cells	0.0088	0.0821
TCGA-ER-A3PL	SKCM	CD8 T cells	0.0042	0
TCGA-ER-A3PL	SKCM	CD8 T cells	0.0042	0
TCGA-BF-A5EP	SKCM	CD8 T cells	0	0
TCGA-BF-A5EP	SKCM	CD8 T cells	0	0
TCGA-FW-A5DX	SKCM	CD8 T cells	0.0005	0
TCGA-FW-A5DX	SKCM	CD8 T cells	0.0005	0
TCGA-EE-A29N	SKCM	CD8 T cells	0.0255	0
TCGA-EE-A29N	SKCM	CD8 T cells	0.0255	0
TCGA-ER-A193	SKCM	CD8 T cells	0.0791	0.0468
TCGA-ER-A193	SKCM	CD8 T cells	0.0791	0.0468
TCGA-XV-A9W2	SKCM	CD8 T cells	0	0
TCGA-XV-A9W2	SKCM	CD8 T cells	0	0
TCGA-EB-A3Y6	SKCM	CD8 T cells	0.0102	0.1145
TCGA-EB-A3Y6	SKCM	CD8 T cells	0.0102	0.1145
TCGA-D3-A1Q1	SKCM	CD8 T cells	0	0
TCGA-D3-A1Q1	SKCM	CD8 T cells	0	0
TCGA-WE-A8K6	SKCM	CD8 T cells	0	0
TCGA-WE-A8K6	SKCM	CD8 T cells	0	0
TCGA-EE-A29G	SKCM	CD8 T cells	0.0022	0
TCGA-EE-A29G	SKCM	CD8 T cells	0.0022	0
TCGA-DA-A1IB	SKCM	CD8 T cells	0.1205	0
TCGA-DA-A1IB	SKCM	CD8 T cells	0.1205	0
TCGA-EB-A299	SKCM	CD8 T cells	0.0106	0
TCGA-EB-A299	SKCM	CD8 T cells	0.0106	0
TCGA-EE-A29B	SKCM	CD8 T cells	0.0008	0
TCGA-EE-A29B	SKCM	CD8 T cells	0.0008	0
TCGA-GN-A4U3	SKCM	CD8 T cells	0.0031	0.0475
TCGA-GN-A4U3	SKCM	CD8 T cells	0.0031	0.0475
TCGA-ER-A19G	SKCM	CD8 T cells	0.0207	0
TCGA-ER-A19G	SKCM	CD8 T cells	0.0207	0
TCGA-EE-A2GH	SKCM	CD8 T cells	0.1094	0.176
TCGA-EE-A2GH	SKCM	CD8 T cells	0.1094	0.176
TCGA-EE-A2GR	SKCM	CD8 T cells	0	0
TCGA-EE-A2GR	SKCM	CD8 T cells	0	0
TCGA-XV-AAZV	SKCM	CD8 T cells	0.0115	0.0672
TCGA-XV-AAZV	SKCM	CD8 T cells	0.0115	0.0672
TCGA-EE-A3AH	SKCM	CD8 T cells	0	0
TCGA-EE-A3AH	SKCM	CD8 T cells	0	0
TCGA-DA-A960	SKCM	CD8 T cells	0	0.0309
TCGA-DA-A960	SKCM	CD8 T cells	0	0.0309
TCGA-EE-A3AE	SKCM	CD8 T cells	0.0437	0.0844
TCGA-EE-A3AE	SKCM	CD8 T cells	0.0437	0.0844
TCGA-D3-A8GP	SKCM	CD8 T cells	0.0044	0.0868
TCGA-D3-A8GP	SKCM	CD8 T cells	0.0044	0.0868
TCGA-EB-A553	SKCM	CD8 T cells	0.007	0
TCGA-EB-A553	SKCM	CD8 T cells	0.007	0
TCGA-GN-A8LK	SKCM	CD8 T cells	0	0.227
TCGA-GN-A8LK	SKCM	CD8 T cells	0	0.227
TCGA-D3-A51E	SKCM	CD8 T cells	0.0462	0.0932
TCGA-D3-A51E	SKCM	CD8 T cells	0.0462	0.0932
TCGA-EB-A431	SKCM	CD8 T cells	0.0007	0
TCGA-EB-A431	SKCM	CD8 T cells	0.0007	0
TCGA-BF-AAP8	SKCM	CD8 T cells	0.0096	0.1115
TCGA-BF-AAP8	SKCM	CD8 T cells	0.0096	0.1115
TCGA-EE-A2GT	SKCM	CD8 T cells	0.0165	0.0135
TCGA-EE-A2GT	SKCM	CD8 T cells	0.0165	0.0135
TCGA-W3-AA1V	SKCM	CD8 T cells	0.0023	0
TCGA-W3-AA1V	SKCM	CD8 T cells	0.0023	0
TCGA-FS-A1ZM	SKCM	CD8 T cells	0.0825	0.1195
TCGA-FS-A1ZM	SKCM	CD8 T cells	0.0825	0.1195
TCGA-WE-AAA4	SKCM	CD8 T cells	0.1767	0.287
TCGA-WE-AAA4	SKCM	CD8 T cells	0.1767	0.287
TCGA-FW-A5DY	SKCM	CD8 T cells	0.0439	0
TCGA-FW-A5DY	SKCM	CD8 T cells	0.0439	0
TCGA-D9-A1JW	SKCM	CD8 T cells	0.0418	0.008
TCGA-D9-A1JW	SKCM	CD8 T cells	0.0418	0.008
TCGA-EE-A29T	SKCM	CD8 T cells	0.0429	0.063
TCGA-EE-A29T	SKCM	CD8 T cells	0.0429	0.063
TCGA-EE-A2GL	SKCM	CD8 T cells	0.0484	0.0413
TCGA-EE-A2GL	SKCM	CD8 T cells	0.0484	0.0413
TCGA-EB-A4XL	SKCM	CD8 T cells	0.0158	0.0995
TCGA-EB-A4XL	SKCM	CD8 T cells	0.0158	0.0995
TCGA-FS-A1ZN	SKCM	CD8 T cells	0	0
TCGA-FS-A1ZN	SKCM	CD8 T cells	0	0
TCGA-EB-A44N	SKCM	CD8 T cells	0.011	0
TCGA-EB-A44N	SKCM	CD8 T cells	0.011	0
TCGA-D3-A5GL	SKCM	CD8 T cells	0	0.0148
TCGA-D3-A5GL	SKCM	CD8 T cells	0	0.0148
TCGA-ER-A19N	SKCM	CD8 T cells	0.0737	0.0371
TCGA-ER-A19N	SKCM	CD8 T cells	0.0737	0.0371
TCGA-LH-A9QB	SKCM	CD8 T cells	0	0
TCGA-LH-A9QB	SKCM	CD8 T cells	0	0
TCGA-FS-A1ZR	SKCM	CD8 T cells	0.0098	0.0594
TCGA-FS-A1ZR	SKCM	CD8 T cells	0.0098	0.0594
TCGA-FS-A1ZH	SKCM	CD8 T cells	0.0509	0.0979
TCGA-FS-A1ZH	SKCM	CD8 T cells	0.0509	0.0979
TCGA-EE-A185	SKCM	CD8 T cells	0	0.0376
TCGA-EE-A185	SKCM	CD8 T cells	0	0.0376
TCGA-FR-A8YE	SKCM	CD8 T cells	0.0251	0
TCGA-FR-A8YE	SKCM	CD8 T cells	0.0251	0
TCGA-DA-A3F2	SKCM	CD8 T cells	0.2107	0.1274
TCGA-DA-A3F2	SKCM	CD8 T cells	0.2107	0.1274
TCGA-WE-A8K1	SKCM	CD8 T cells	0.0711	0.1289
TCGA-WE-A8K1	SKCM	CD8 T cells	0.0711	0.1289
TCGA-D9-A4Z6	SKCM	CD8 T cells	0.0023	0
TCGA-D9-A4Z6	SKCM	CD8 T cells	0.0023	0
TCGA-3N-A9WD	SKCM	CD8 T cells	0.0169	0.0541
TCGA-3N-A9WD	SKCM	CD8 T cells	0.0169	0.0541
TCGA-FS-A1ZY	SKCM	CD8 T cells	0	0.0526
TCGA-FS-A1ZY	SKCM	CD8 T cells	0	0.0526
TCGA-D9-A4Z5	SKCM	CD8 T cells	0	0
TCGA-D9-A4Z5	SKCM	CD8 T cells	0	0
TCGA-EE-A2GJ	SKCM	CD8 T cells	0.0599	0.0089
TCGA-EE-A2GJ	SKCM	CD8 T cells	0.0599	0.0089
TCGA-IH-A3EA	SKCM	CD8 T cells	0.0023	0.043
TCGA-IH-A3EA	SKCM	CD8 T cells	0.0023	0.043
TCGA-BF-AAP6	SKCM	CD8 T cells	0.0004	0.0403
TCGA-BF-AAP6	SKCM	CD8 T cells	0.0004	0.0403
TCGA-D3-A2JD	SKCM	CD8 T cells	0.0116	0.0211
TCGA-D3-A2JD	SKCM	CD8 T cells	0.0116	0.0211
TCGA-EE-A20I	SKCM	CD8 T cells	0.0153	0.0535
TCGA-EE-A20I	SKCM	CD8 T cells	0.0153	0.0535
TCGA-EE-A29L	SKCM	CD8 T cells	0	0
TCGA-EE-A29L	SKCM	CD8 T cells	0	0
TCGA-EB-A3XB	SKCM	CD8 T cells	0.0114	0.0752
TCGA-EB-A3XB	SKCM	CD8 T cells	0.0114	0.0752
TCGA-EE-A2A1	SKCM	CD8 T cells	0.036	0.0361
TCGA-EE-A2A1	SKCM	CD8 T cells	0.036	0.0361
TCGA-ER-A196	SKCM	CD8 T cells	0	0
TCGA-ER-A196	SKCM	CD8 T cells	0	0
TCGA-EE-A3AA	SKCM	CD8 T cells	0.0325	0.0119
TCGA-EE-A3AA	SKCM	CD8 T cells	0.0325	0.0119
TCGA-EB-A5SH	SKCM	CD8 T cells	0.0046	0.0253
TCGA-EB-A5SH	SKCM	CD8 T cells	0.0046	0.0253
TCGA-GN-A267	SKCM	CD8 T cells	0.0532	0.1645
TCGA-GN-A267	SKCM	CD8 T cells	0.0532	0.1645
TCGA-GN-A4U9	SKCM	CD8 T cells	0.0019	0
TCGA-GN-A4U9	SKCM	CD8 T cells	0.0019	0
TCGA-EE-A3JE	SKCM	CD8 T cells	0.2756	0.1327
TCGA-EE-A3JE	SKCM	CD8 T cells	0.2756	0.1327
TCGA-WE-AAA0	SKCM	CD8 T cells	0.005	0.0347
TCGA-WE-AAA0	SKCM	CD8 T cells	0.005	0.0347
TCGA-GF-A769	SKCM	CD8 T cells	0	0.0232
TCGA-GF-A769	SKCM	CD8 T cells	0	0.0232
TCGA-D9-A6EC	SKCM	CD8 T cells	0.0026	0
TCGA-D9-A6EC	SKCM	CD8 T cells	0.0026	0
TCGA-D3-A5GN	SKCM	CD8 T cells	0.04	0.0988
TCGA-D3-A5GN	SKCM	CD8 T cells	0.04	0.0988
TCGA-D3-A2J8	SKCM	CD8 T cells	0.0816	0.1056
TCGA-D3-A2J8	SKCM	CD8 T cells	0.0816	0.1056
TCGA-FS-A1ZC	SKCM	CD8 T cells	0	0
TCGA-FS-A1ZC	SKCM	CD8 T cells	0	0
TCGA-XV-AAZY	SKCM	CD8 T cells	0.0115	0.0688
TCGA-XV-AAZY	SKCM	CD8 T cells	0.0115	0.0688
TCGA-EE-A3J3	SKCM	CD8 T cells	0.011	0
TCGA-EE-A3J3	SKCM	CD8 T cells	0.011	0
TCGA-EE-A2GI	SKCM	CD8 T cells	0.0697	0.1032
TCGA-EE-A2GI	SKCM	CD8 T cells	0.0697	0.1032
TCGA-BF-A5ER	SKCM	CD8 T cells	0.0019	0
TCGA-BF-A5ER	SKCM	CD8 T cells	0.0019	0
TCGA-EB-A3HV	SKCM	CD8 T cells	0	0.0187
TCGA-EB-A3HV	SKCM	CD8 T cells	0	0.0187
TCGA-FS-A4FC	SKCM	CD8 T cells	0.0049	0.073
TCGA-FS-A4FC	SKCM	CD8 T cells	0.0049	0.073
TCGA-EE-A2M5	SKCM	CD8 T cells	0.0262	0.1614
TCGA-EE-A2M5	SKCM	CD8 T cells	0.0262	0.1614
TCGA-DA-A3F8	SKCM	CD8 T cells	0.3301	0.2201
TCGA-DA-A3F8	SKCM	CD8 T cells	0.3301	0.2201
TCGA-WE-A8ZO	SKCM	CD8 T cells	0.0176	0
TCGA-WE-A8ZO	SKCM	CD8 T cells	0.0176	0
TCGA-GN-A26D	SKCM	CD8 T cells	0.0024	0
TCGA-GN-A26D	SKCM	CD8 T cells	0.0024	0
TCGA-EB-A5VU	SKCM	CD8 T cells	0	0
TCGA-EB-A5VU	SKCM	CD8 T cells	0	0
TCGA-D3-A51N	SKCM	CD8 T cells	0.0095	0.0238
TCGA-D3-A51N	SKCM	CD8 T cells	0.0095	0.0238
TCGA-D3-A3CB	SKCM	CD8 T cells	0.2161	0.0665
TCGA-D3-A3CB	SKCM	CD8 T cells	0.2161	0.0665
TCGA-ER-A19T	SKCM	CD8 T cells	0	0.0158
TCGA-ER-A19T	SKCM	CD8 T cells	0	0.0158
TCGA-EE-A3JD	SKCM	CD8 T cells	0.0842	0
TCGA-EE-A3JD	SKCM	CD8 T cells	0.0842	0
TCGA-FS-A1ZQ	SKCM	CD8 T cells	0.004	0.0743
TCGA-FS-A1ZQ	SKCM	CD8 T cells	0.004	0.0743
TCGA-ER-A3ES	SKCM	CD8 T cells	0	0
TCGA-ER-A3ES	SKCM	CD8 T cells	0	0
TCGA-ER-A2NC	SKCM	CD8 T cells	0.0038	0.0263
TCGA-ER-A2NC	SKCM	CD8 T cells	0.0038	0.0263
TCGA-W3-A828	SKCM	CD8 T cells	0	0.0216
TCGA-W3-A828	SKCM	CD8 T cells	0	0.0216
TCGA-EE-A20C	SKCM	CD8 T cells	0	0.0302
TCGA-EE-A20C	SKCM	CD8 T cells	0	0.0302
TCGA-EE-A2MH	SKCM	CD8 T cells	0.0385	0.0378
TCGA-EE-A2MH	SKCM	CD8 T cells	0.0385	0.0378
TCGA-EE-A2GN	SKCM	CD8 T cells	0.0002	0
TCGA-EE-A2GN	SKCM	CD8 T cells	0.0002	0
TCGA-D3-A8GI	SKCM	CD8 T cells	0	0
TCGA-D3-A8GI	SKCM	CD8 T cells	0	0
TCGA-D3-A5GS	SKCM	CD8 T cells	0.0427	0
TCGA-D3-A5GS	SKCM	CD8 T cells	0.0427	0
TCGA-EE-A2MI	SKCM	CD8 T cells	0.0319	0.1087
TCGA-EE-A2MI	SKCM	CD8 T cells	0.0319	0.1087
TCGA-D3-A3C6	SKCM	CD8 T cells	0	0
TCGA-D3-A3C6	SKCM	CD8 T cells	0	0
TCGA-EE-A2MQ	SKCM	CD8 T cells	0.007	0.04
TCGA-EE-A2MQ	SKCM	CD8 T cells	0.007	0.04
TCGA-FS-A1ZD	SKCM	CD8 T cells	0.0288	0
TCGA-FS-A1ZD	SKCM	CD8 T cells	0.0288	0
TCGA-GN-A4U5	SKCM	CD8 T cells	0.0861	0.1234
TCGA-GN-A4U5	SKCM	CD8 T cells	0.0861	0.1234
TCGA-FS-A1YY	SKCM	CD8 T cells	0.0005	0
TCGA-FS-A1YY	SKCM	CD8 T cells	0.0005	0
TCGA-D3-A3BZ	SKCM	CD8 T cells	0.0588	0.037
TCGA-D3-A3BZ	SKCM	CD8 T cells	0.0588	0.037
TCGA-D9-A3Z4	SKCM	CD8 T cells	0.0201	0.0765
TCGA-D9-A3Z4	SKCM	CD8 T cells	0.0201	0.0765
TCGA-EE-A3AC	SKCM	CD8 T cells	0.0463	0.0867
TCGA-EE-A3AC	SKCM	CD8 T cells	0.0463	0.0867
TCGA-D3-A2JF	SKCM	CD8 T cells	0.0382	0
TCGA-D3-A2JF	SKCM	CD8 T cells	0.0382	0
TCGA-D3-A1QB	SKCM	CD8 T cells	0.2115	0.1284
TCGA-D3-A1QB	SKCM	CD8 T cells	0.2115	0.1284
TCGA-GN-A268	SKCM	CD8 T cells	0.0001	0
TCGA-GN-A268	SKCM	CD8 T cells	0.0001	0
TCGA-D3-A5GR	SKCM	CD8 T cells	0.0263	0
TCGA-D3-A5GR	SKCM	CD8 T cells	0.0263	0
TCGA-EB-A550	SKCM	CD8 T cells	0.0006	0
TCGA-EB-A550	SKCM	CD8 T cells	0.0006	0
TCGA-D9-A6EG	SKCM	CD8 T cells	0	0.0076
TCGA-D9-A6EG	SKCM	CD8 T cells	0	0.0076
TCGA-EB-A44O	SKCM	CD8 T cells	0	0.0238
TCGA-EB-A44O	SKCM	CD8 T cells	0	0.0238
TCGA-RP-A690	SKCM	CD8 T cells	0.0001	0
TCGA-RP-A690	SKCM	CD8 T cells	0.0001	0
TCGA-EE-A29H	SKCM	CD8 T cells	0.0071	0.0174
TCGA-EE-A29H	SKCM	CD8 T cells	0.0071	0.0174
TCGA-EE-A2MM	SKCM	CD8 T cells	0.0017	0.0357
TCGA-EE-A2MM	SKCM	CD8 T cells	0.0017	0.0357
TCGA-EB-A44Q	SKCM	CD8 T cells	0.0597	0
TCGA-EB-A44Q	SKCM	CD8 T cells	0.0597	0
TCGA-EB-A3XE	SKCM	CD8 T cells	0.0109	0.1901
TCGA-EB-A3XE	SKCM	CD8 T cells	0.0109	0.1901
TCGA-FR-A69P	SKCM	CD8 T cells	0.0007	0.0186
TCGA-FR-A69P	SKCM	CD8 T cells	0.0007	0.0186
TCGA-EE-A2A6	SKCM	CD8 T cells	0.0908	0.0976
TCGA-EE-A2A6	SKCM	CD8 T cells	0.0908	0.0976
TCGA-ER-A19J	SKCM	CD8 T cells	0.0068	0.0312
TCGA-ER-A19J	SKCM	CD8 T cells	0.0068	0.0312
TCGA-RP-A694	SKCM	CD8 T cells	0.0137	0.0987
TCGA-RP-A694	SKCM	CD8 T cells	0.0137	0.0987
TCGA-YD-A9TA	SKCM	CD8 T cells	0.0223	0.011
TCGA-YD-A9TA	SKCM	CD8 T cells	0.0223	0.011
TCGA-WE-AAA3	SKCM	CD8 T cells	0.0435	0.1997
TCGA-WE-AAA3	SKCM	CD8 T cells	0.0435	0.1997
TCGA-EB-A3Y7	SKCM	CD8 T cells	0	0
TCGA-EB-A3Y7	SKCM	CD8 T cells	0	0
TCGA-D9-A6EA	SKCM	CD8 T cells	0.001	0
TCGA-D9-A6EA	SKCM	CD8 T cells	0.001	0
TCGA-D3-A8GO	SKCM	CD8 T cells	0.0071	0
TCGA-D3-A8GO	SKCM	CD8 T cells	0.0071	0
TCGA-EB-A430	SKCM	CD8 T cells	0.0209	0.1929
TCGA-EB-A430	SKCM	CD8 T cells	0.0209	0.1929
TCGA-EE-A29W	SKCM	CD8 T cells	0	0.0785
TCGA-EE-A29W	SKCM	CD8 T cells	0	0.0785
TCGA-DA-A95X	SKCM	CD8 T cells	0.0163	0.0608
TCGA-DA-A95X	SKCM	CD8 T cells	0.0163	0.0608
TCGA-EE-A2MD	SKCM	CD8 T cells	0.0063	0.0011
TCGA-EE-A2MD	SKCM	CD8 T cells	0.0063	0.0011
TCGA-ER-A2NF	SKCM	CD8 T cells	0.0313	0.0808
TCGA-ER-A2NF	SKCM	CD8 T cells	0.0313	0.0808
TCGA-GN-A4U8	SKCM	CD8 T cells	0.0608	0.1074
TCGA-GN-A4U8	SKCM	CD8 T cells	0.0608	0.1074
TCGA-EB-A41B	SKCM	CD8 T cells	0.0094	0.134
TCGA-EB-A41B	SKCM	CD8 T cells	0.0094	0.134
TCGA-ER-A19C	SKCM	CD8 T cells	0	0
TCGA-ER-A19C	SKCM	CD8 T cells	0	0
TCGA-EB-A5UN	SKCM	CD8 T cells	0.0077	0
TCGA-EB-A5UN	SKCM	CD8 T cells	0.0077	0
TCGA-EE-A3J5	SKCM	CD8 T cells	0.045	0
TCGA-EE-A3J5	SKCM	CD8 T cells	0.045	0
TCGA-EE-A2ME	SKCM	CD8 T cells	0.2513	0
TCGA-EE-A2ME	SKCM	CD8 T cells	0.2513	0
TCGA-QB-A6FS	SKCM	CD8 T cells	0.0506	0.1932
TCGA-QB-A6FS	SKCM	CD8 T cells	0.0506	0.1932
TCGA-EE-A29R	SKCM	CD8 T cells	0	0
TCGA-EE-A29R	SKCM	CD8 T cells	0	0
TCGA-FR-A8YC	SKCM	CD8 T cells	0.0268	0.2136
TCGA-FR-A8YC	SKCM	CD8 T cells	0.0268	0.2136
TCGA-DA-A95V	SKCM	CD8 T cells	0.0345	0.0872
TCGA-DA-A95V	SKCM	CD8 T cells	0.0345	0.0872
TCGA-BF-A3DN	SKCM	CD8 T cells	0	0.0221
TCGA-BF-A3DN	SKCM	CD8 T cells	0	0.0221
TCGA-EB-A24D	SKCM	CD8 T cells	0.0026	0.0034
TCGA-EB-A24D	SKCM	CD8 T cells	0.0026	0.0034
TCGA-D3-A2JK	SKCM	CD8 T cells	0	0.0077
TCGA-D3-A2JK	SKCM	CD8 T cells	0	0.0077
TCGA-EE-A17Z	SKCM	CD8 T cells	0	0
TCGA-EE-A17Z	SKCM	CD8 T cells	0	0
TCGA-DA-A3F5	SKCM	CD8 T cells	0	0
TCGA-DA-A3F5	SKCM	CD8 T cells	0	0
TCGA-D3-A2JC	SKCM	CD8 T cells	0.0472	0.052
TCGA-D3-A2JC	SKCM	CD8 T cells	0.0472	0.052
TCGA-W3-AA1O	SKCM	CD8 T cells	0.0011	0
TCGA-W3-AA1O	SKCM	CD8 T cells	0.0011	0
TCGA-D3-A8GE	SKCM	CD8 T cells	0.0161	0.1044
TCGA-D3-A8GE	SKCM	CD8 T cells	0.0161	0.1044
TCGA-D3-A2JB	SKCM	CD8 T cells	0.0448	0.0437
TCGA-D3-A2JB	SKCM	CD8 T cells	0.0448	0.0437
TCGA-EE-A181	SKCM	CD8 T cells	0.0859	0
TCGA-EE-A181	SKCM	CD8 T cells	0.0859	0
TCGA-EB-A4P0	SKCM	CD8 T cells	0.0078	0.0558
TCGA-EB-A4P0	SKCM	CD8 T cells	0.0078	0.0558
TCGA-D3-A1Q7	SKCM	CD8 T cells	0.2031	0.0493
TCGA-D3-A1Q7	SKCM	CD8 T cells	0.2031	0.0493
TCGA-DA-A1I7	SKCM	CD8 T cells	0.0048	0
TCGA-DA-A1I7	SKCM	CD8 T cells	0.0048	0
TCGA-BF-AAOU	SKCM	CD8 T cells	0.0061	0
TCGA-BF-AAOU	SKCM	CD8 T cells	0.0061	0
TCGA-FS-A1ZF	SKCM	CD8 T cells	0.0054	0.0288
TCGA-FS-A1ZF	SKCM	CD8 T cells	0.0054	0.0288
TCGA-ER-A19H	SKCM	CD8 T cells	0.0554	0.1108
TCGA-ER-A19H	SKCM	CD8 T cells	0.0554	0.1108
TCGA-ER-A199	SKCM	CD8 T cells	0.0857	0.1133
TCGA-ER-A199	SKCM	CD8 T cells	0.0857	0.1133
TCGA-DA-A1I5	SKCM	CD8 T cells	0.0378	0.0361
TCGA-DA-A1I5	SKCM	CD8 T cells	0.0378	0.0361
TCGA-ER-A3EV	SKCM	CD8 T cells	0.0235	0.0859
TCGA-ER-A3EV	SKCM	CD8 T cells	0.0235	0.0859
TCGA-GN-A262	SKCM	CD8 T cells	0	0.0777
TCGA-GN-A262	SKCM	CD8 T cells	0	0.0777
TCGA-FR-A7UA	SKCM	CD8 T cells	0.6009	0.1275
TCGA-FR-A7UA	SKCM	CD8 T cells	0.6009	0.1275
TCGA-EE-A2GB	SKCM	CD8 T cells	0.0068	0.0294
TCGA-EE-A2GB	SKCM	CD8 T cells	0.0068	0.0294
TCGA-FW-A3R5	SKCM	CD8 T cells	0.0055	0.016
TCGA-FW-A3R5	SKCM	CD8 T cells	0.0055	0.016
TCGA-D3-A51K	SKCM	CD8 T cells	0.0134	0.079
TCGA-D3-A51K	SKCM	CD8 T cells	0.0134	0.079
TCGA-EE-A2MG	SKCM	CD8 T cells	0.0541	0.0054
TCGA-EE-A2MG	SKCM	CD8 T cells	0.0541	0.0054
TCGA-EE-A17Y	SKCM	CD8 T cells	0	0
TCGA-EE-A17Y	SKCM	CD8 T cells	0	0
TCGA-D3-A1Q4	SKCM	CD8 T cells	0	0
TCGA-D3-A1Q4	SKCM	CD8 T cells	0	0
TCGA-WE-A8K4	SKCM	CD8 T cells	0.149	0.2341
TCGA-WE-A8K4	SKCM	CD8 T cells	0.149	0.2341
TCGA-ER-A19W	SKCM	CD8 T cells	0.2145	0.106
TCGA-ER-A19W	SKCM	CD8 T cells	0.2145	0.106
TCGA-D3-A2JP	SKCM	CD8 T cells	0.0387	0.0966
TCGA-D3-A2JP	SKCM	CD8 T cells	0.0387	0.0966
TCGA-D3-A2J9	SKCM	CD8 T cells	0.3483	0.1326
TCGA-D3-A2J9	SKCM	CD8 T cells	0.3483	0.1326
TCGA-BF-A3DL	SKCM	CD8 T cells	0.0008	0
TCGA-BF-A3DL	SKCM	CD8 T cells	0.0008	0
TCGA-ER-A198	SKCM	CD8 T cells	0.0034	0.1036
TCGA-ER-A198	SKCM	CD8 T cells	0.0034	0.1036
TCGA-ER-A42H	SKCM	CD8 T cells	0.0007	0
TCGA-ER-A42H	SKCM	CD8 T cells	0.0007	0
TCGA-FR-A728	SKCM	CD8 T cells	0.0604	0.1293
TCGA-FR-A728	SKCM	CD8 T cells	0.0604	0.1293
TCGA-GN-A9SD	SKCM	CD8 T cells	0.0452	0.0347
TCGA-GN-A9SD	SKCM	CD8 T cells	0.0452	0.0347
TCGA-GF-A4EO	SKCM	CD8 T cells	0.1998	0.0572
TCGA-GF-A4EO	SKCM	CD8 T cells	0.1998	0.0572
TCGA-W3-A824	SKCM	CD8 T cells	0.071	0.1275
TCGA-W3-A824	SKCM	CD8 T cells	0.071	0.1275
TCGA-EB-A85J	SKCM	CD8 T cells	0.0901	0.1287
TCGA-EB-A85J	SKCM	CD8 T cells	0.0901	0.1287
TCGA-EB-A41A	SKCM	CD8 T cells	0.0017	0.0459
TCGA-EB-A41A	SKCM	CD8 T cells	0.0017	0.0459
TCGA-EB-A42Z	SKCM	CD8 T cells	0.0056	0.0238
TCGA-EB-A42Z	SKCM	CD8 T cells	0.0056	0.0238
TCGA-BF-A5ES	SKCM	CD8 T cells	0.0087	0.0468
TCGA-BF-A5ES	SKCM	CD8 T cells	0.0087	0.0468
TCGA-EE-A29D	SKCM	CD8 T cells	0	0
TCGA-EE-A29D	SKCM	CD8 T cells	0	0
TCGA-EB-A42Y	SKCM	CD8 T cells	0.0046	0.0759
TCGA-EB-A42Y	SKCM	CD8 T cells	0.0046	0.0759
TCGA-OD-A75X	SKCM	CD8 T cells	0	0.0055
TCGA-OD-A75X	SKCM	CD8 T cells	0	0.0055
TCGA-BF-A1PV	SKCM	CD8 T cells	0	0
TCGA-BF-A1PV	SKCM	CD8 T cells	0	0
TCGA-FR-A3YN	SKCM	CD8 T cells	0.0573	0.0589
TCGA-FR-A3YN	SKCM	CD8 T cells	0.0573	0.0589
TCGA-D9-A1X3	SKCM	CD8 T cells	0	0
TCGA-D9-A1X3	SKCM	CD8 T cells	0	0
TCGA-EE-A3AG	SKCM	CD8 T cells	0.0305	0
TCGA-EE-A3AG	SKCM	CD8 T cells	0.0305	0
TCGA-WE-A8ZX	SKCM	CD8 T cells	0.0548	0.1568
TCGA-WE-A8ZX	SKCM	CD8 T cells	0.0548	0.1568
TCGA-YG-AA3P	SKCM	CD8 T cells	0.0005	0.028
TCGA-YG-AA3P	SKCM	CD8 T cells	0.0005	0.028
TCGA-EE-A2GK	SKCM	CD8 T cells	0.0632	0.0131
TCGA-EE-A2GK	SKCM	CD8 T cells	0.0632	0.0131
TCGA-FR-A2OS	SKCM	CD8 T cells	0	0
TCGA-FR-A2OS	SKCM	CD8 T cells	0	0
TCGA-WE-A8ZN	SKCM	CD8 T cells	0.0402	0.1753
TCGA-WE-A8ZN	SKCM	CD8 T cells	0.0402	0.1753
TCGA-FS-A1Z7	SKCM	CD8 T cells	0.0002	0.0061
TCGA-FS-A1Z7	SKCM	CD8 T cells	0.0002	0.0061
TCGA-ER-A19S	SKCM	CD8 T cells	0.3351	0.1219
TCGA-ER-A19S	SKCM	CD8 T cells	0.3351	0.1219
TCGA-D9-A1JX	SKCM	CD8 T cells	0.1069	0.1552
TCGA-D9-A1JX	SKCM	CD8 T cells	0.1069	0.1552
TCGA-FS-A1ZG	SKCM	CD8 T cells	0	0
TCGA-FS-A1ZG	SKCM	CD8 T cells	0	0
TCGA-FR-A729	SKCM	CD8 T cells	0.1083	0.1062
TCGA-FR-A729	SKCM	CD8 T cells	0.1083	0.1062
TCGA-D3-A3MV	SKCM	CD8 T cells	0.001	0
TCGA-D3-A3MV	SKCM	CD8 T cells	0.001	0
TCGA-EB-A5UL	SKCM	CD8 T cells	0.0462	0.0779
TCGA-EB-A5UL	SKCM	CD8 T cells	0.0462	0.0779
TCGA-EE-A20B	SKCM	CD8 T cells	0.0304	0.1058
TCGA-EE-A20B	SKCM	CD8 T cells	0.0304	0.1058
TCGA-FS-A1ZZ	SKCM	CD8 T cells	0	0
TCGA-FS-A1ZZ	SKCM	CD8 T cells	0	0
TCGA-ER-A19B	SKCM	CD8 T cells	0.0006	0
TCGA-ER-A19B	SKCM	CD8 T cells	0.0006	0
TCGA-ER-A2NG	SKCM	CD8 T cells	0.1132	0.1124
TCGA-ER-A2NG	SKCM	CD8 T cells	0.1132	0.1124
TCGA-WE-A8ZM	SKCM	CD8 T cells	0.007	0
TCGA-WE-A8ZM	SKCM	CD8 T cells	0.007	0
TCGA-GF-A3OT	SKCM	CD8 T cells	0.0167	0.027
TCGA-GF-A3OT	SKCM	CD8 T cells	0.0167	0.027
TCGA-ER-A19K	SKCM	CD8 T cells	0.0087	0.079
TCGA-ER-A19K	SKCM	CD8 T cells	0.0087	0.079
TCGA-GN-A26C	SKCM	CD8 T cells	0.1261	0.1329
TCGA-GN-A26C	SKCM	CD8 T cells	0.1261	0.1329
TCGA-EB-A6L9	SKCM	CD8 T cells	0.0484	0.0338
TCGA-EB-A6L9	SKCM	CD8 T cells	0.0484	0.0338
TCGA-D3-A1QA	SKCM	CD8 T cells	0.0053	0.003
TCGA-D3-A1QA	SKCM	CD8 T cells	0.0053	0.003
TCGA-D3-A3C3	SKCM	CD8 T cells	0.0222	0.0914
TCGA-D3-A3C3	SKCM	CD8 T cells	0.0222	0.0914
TCGA-EE-A29C	SKCM	CD8 T cells	0.0017	0.0087
TCGA-EE-A29C	SKCM	CD8 T cells	0.0017	0.0087
TCGA-EE-A29P	SKCM	CD8 T cells	0.2168	0.1215
TCGA-EE-A29P	SKCM	CD8 T cells	0.2168	0.1215
TCGA-EB-A5SE	SKCM	CD8 T cells	0.0033	0.0594
TCGA-EB-A5SE	SKCM	CD8 T cells	0.0033	0.0594
TCGA-D9-A4Z2	SKCM	CD8 T cells	0	0
TCGA-D9-A4Z2	SKCM	CD8 T cells	0	0
TCGA-D3-A8GR	SKCM	CD8 T cells	0.0004	0.0057
TCGA-D3-A8GR	SKCM	CD8 T cells	0.0004	0.0057
TCGA-ER-A19P	SKCM	CD8 T cells	0.2662	0.0748
TCGA-ER-A19P	SKCM	CD8 T cells	0.2662	0.0748
TCGA-D9-A148	SKCM	CD8 T cells	0.0115	0.0261
TCGA-D9-A148	SKCM	CD8 T cells	0.0115	0.0261
TCGA-D3-A3ML	SKCM	Regulatory T cells	0.0061	0.1153
TCGA-D3-A3ML	SKCM	Regulatory T cells	0.0061	0.1153
TCGA-EE-A3AF	SKCM	Regulatory T cells	0.0029	0
TCGA-EE-A3AF	SKCM	Regulatory T cells	0.0029	0
TCGA-DA-A1I2	SKCM	Regulatory T cells	0.0228	0
TCGA-DA-A1I2	SKCM	Regulatory T cells	0.0228	0
TCGA-EE-A29V	SKCM	Regulatory T cells	0.0068	0
TCGA-EE-A29V	SKCM	Regulatory T cells	0.0068	0
TCGA-EE-A2ML	SKCM	Regulatory T cells	0.0389	0
TCGA-EE-A2ML	SKCM	Regulatory T cells	0.0389	0
TCGA-ER-A42L	SKCM	Regulatory T cells	0.0099	0
TCGA-ER-A42L	SKCM	Regulatory T cells	0.0099	0
TCGA-HR-A2OG	SKCM	Regulatory T cells	0.0601	0
TCGA-HR-A2OG	SKCM	Regulatory T cells	0.0601	0
TCGA-XV-AB01	SKCM	Regulatory T cells	0.0067	0.0809
TCGA-XV-AB01	SKCM	Regulatory T cells	0.0067	0.0809
TCGA-FW-A3TV	SKCM	Regulatory T cells	0.0134	0
TCGA-FW-A3TV	SKCM	Regulatory T cells	0.0134	0
TCGA-D3-A2JO	SKCM	Regulatory T cells	0.0372	0
TCGA-D3-A2JO	SKCM	Regulatory T cells	0.0372	0
TCGA-EB-A57M	SKCM	Regulatory T cells	0.0162	0.0149
TCGA-EB-A57M	SKCM	Regulatory T cells	0.0162	0.0149
TCGA-EE-A2GP	SKCM	Regulatory T cells	0.0287	0
TCGA-EE-A2GP	SKCM	Regulatory T cells	0.0287	0
TCGA-EE-A2MN	SKCM	Regulatory T cells	0.0199	0
TCGA-EE-A2MN	SKCM	Regulatory T cells	0.0199	0
TCGA-EB-A5VV	SKCM	Regulatory T cells	0.0499	0
TCGA-EB-A5VV	SKCM	Regulatory T cells	0.0499	0
TCGA-GN-A4U7	SKCM	Regulatory T cells	0.0105	0
TCGA-GN-A4U7	SKCM	Regulatory T cells	0.0105	0
TCGA-GN-A263	SKCM	Regulatory T cells	0.0028	0
TCGA-GN-A263	SKCM	Regulatory T cells	0.0028	0
TCGA-EE-A2GC	SKCM	Regulatory T cells	0.1113	0
TCGA-EE-A2GC	SKCM	Regulatory T cells	0.1113	0
TCGA-D9-A149	SKCM	Regulatory T cells	0.0182	0
TCGA-D9-A149	SKCM	Regulatory T cells	0.0182	0
TCGA-ER-A19F	SKCM	Regulatory T cells	0.0143	0.0016
TCGA-ER-A19F	SKCM	Regulatory T cells	0.0143	0.0016
TCGA-FS-A4F9	SKCM	Regulatory T cells	0.0125	0.0013
TCGA-FS-A4F9	SKCM	Regulatory T cells	0.0125	0.0013
TCGA-EE-A3J8	SKCM	Regulatory T cells	0.0098	0
TCGA-EE-A3J8	SKCM	Regulatory T cells	0.0098	0
TCGA-EE-A2MU	SKCM	Regulatory T cells	0.0317	0
TCGA-EE-A2MU	SKCM	Regulatory T cells	0.0317	0
TCGA-EE-A2MF	SKCM	Regulatory T cells	0.0167	0
TCGA-EE-A2MF	SKCM	Regulatory T cells	0.0167	0
TCGA-D3-A3MR	SKCM	Regulatory T cells	0.0259	0
TCGA-D3-A3MR	SKCM	Regulatory T cells	0.0259	0
TCGA-EB-A5KH	SKCM	Regulatory T cells	0.0073	0.0359
TCGA-EB-A5KH	SKCM	Regulatory T cells	0.0073	0.0359
TCGA-EE-A3AD	SKCM	Regulatory T cells	0.0121	0.0434
TCGA-EE-A3AD	SKCM	Regulatory T cells	0.0121	0.0434
TCGA-WE-A8K5	SKCM	Regulatory T cells	0.0088	0
TCGA-WE-A8K5	SKCM	Regulatory T cells	0.0088	0
TCGA-EE-A3AB	SKCM	Regulatory T cells	0.0304	0.0227
TCGA-EE-A3AB	SKCM	Regulatory T cells	0.0304	0.0227
TCGA-ER-A2NE	SKCM	Regulatory T cells	0.0249	0
TCGA-ER-A2NE	SKCM	Regulatory T cells	0.0249	0
TCGA-GF-A6C8	SKCM	Regulatory T cells	0.0211	0
TCGA-GF-A6C8	SKCM	Regulatory T cells	0.0211	0
TCGA-WE-AA9Y	SKCM	Regulatory T cells	0.0152	0
TCGA-WE-AA9Y	SKCM	Regulatory T cells	0.0152	0
TCGA-ER-A1A1	SKCM	Regulatory T cells	0.0278	0
TCGA-ER-A1A1	SKCM	Regulatory T cells	0.0278	0
TCGA-D3-A3CF	SKCM	Regulatory T cells	0.0414	0
TCGA-D3-A3CF	SKCM	Regulatory T cells	0.0414	0
TCGA-FS-A1ZK	SKCM	Regulatory T cells	0.0062	0.0784
TCGA-FS-A1ZK	SKCM	Regulatory T cells	0.0062	0.0784
TCGA-BF-A9VF	SKCM	Regulatory T cells	0.0075	0
TCGA-BF-A9VF	SKCM	Regulatory T cells	0.0075	0
TCGA-D3-A8GL	SKCM	Regulatory T cells	0.0136	0.0569
TCGA-D3-A8GL	SKCM	Regulatory T cells	0.0136	0.0569
TCGA-D3-A3C8	SKCM	Regulatory T cells	0	0
TCGA-D3-A3C8	SKCM	Regulatory T cells	0	0
TCGA-FS-A1ZA	SKCM	Regulatory T cells	0.0171	0
TCGA-FS-A1ZA	SKCM	Regulatory T cells	0.0171	0
TCGA-EB-A4IS	SKCM	Regulatory T cells	0.0395	0.0048
TCGA-EB-A4IS	SKCM	Regulatory T cells	0.0395	0.0048
TCGA-FR-A44A	SKCM	Regulatory T cells	0.0071	0
TCGA-FR-A44A	SKCM	Regulatory T cells	0.0071	0
TCGA-D3-A2J7	SKCM	Regulatory T cells	0.0332	0.0325
TCGA-D3-A2J7	SKCM	Regulatory T cells	0.0332	0.0325
TCGA-BF-A1PX	SKCM	Regulatory T cells	0.0104	0
TCGA-BF-A1PX	SKCM	Regulatory T cells	0.0104	0
TCGA-YG-AA3O	SKCM	Regulatory T cells	0.0489	0
TCGA-YG-AA3O	SKCM	Regulatory T cells	0.0489	0
TCGA-EE-A29M	SKCM	Regulatory T cells	0.0148	0
TCGA-EE-A29M	SKCM	Regulatory T cells	0.0148	0
TCGA-ER-A2ND	SKCM	Regulatory T cells	0.0041	0
TCGA-ER-A2ND	SKCM	Regulatory T cells	0.0041	0
TCGA-YG-AA3N	SKCM	Regulatory T cells	0.0048	0
TCGA-YG-AA3N	SKCM	Regulatory T cells	0.0048	0
TCGA-BF-A3DM	SKCM	Regulatory T cells	0.0202	0.0033
TCGA-BF-A3DM	SKCM	Regulatory T cells	0.0202	0.0033
TCGA-D9-A4Z3	SKCM	Regulatory T cells	0.0052	0
TCGA-D9-A4Z3	SKCM	Regulatory T cells	0.0052	0
TCGA-D3-A1Q6	SKCM	Regulatory T cells	0.0307	0
TCGA-D3-A1Q6	SKCM	Regulatory T cells	0.0307	0
TCGA-D3-A8GC	SKCM	Regulatory T cells	0.0167	0
TCGA-D3-A8GC	SKCM	Regulatory T cells	0.0167	0
TCGA-D3-A51R	SKCM	Regulatory T cells	0.0125	0.0519
TCGA-D3-A51R	SKCM	Regulatory T cells	0.0125	0.0519
TCGA-FR-A7U9	SKCM	Regulatory T cells	0.0228	0
TCGA-FR-A7U9	SKCM	Regulatory T cells	0.0228	0
TCGA-D3-A2JN	SKCM	Regulatory T cells	0.0143	0
TCGA-D3-A2JN	SKCM	Regulatory T cells	0.0143	0
TCGA-DA-A1HV	SKCM	Regulatory T cells	0.0158	0.027
TCGA-DA-A1HV	SKCM	Regulatory T cells	0.0158	0.027
TCGA-D3-A51F	SKCM	Regulatory T cells	0	0
TCGA-D3-A51F	SKCM	Regulatory T cells	0	0
TCGA-EB-A4OZ	SKCM	Regulatory T cells	0.0034	0.0129
TCGA-EB-A4OZ	SKCM	Regulatory T cells	0.0034	0.0129
TCGA-FR-A7U8	SKCM	Regulatory T cells	0	0.0416
TCGA-FR-A7U8	SKCM	Regulatory T cells	0	0.0416
TCGA-D3-A1Q5	SKCM	Regulatory T cells	0.0585	0.0553
TCGA-D3-A1Q5	SKCM	Regulatory T cells	0.0585	0.0553
TCGA-EE-A2GU	SKCM	Regulatory T cells	0.0155	0
TCGA-EE-A2GU	SKCM	Regulatory T cells	0.0155	0
TCGA-D9-A6E9	SKCM	Regulatory T cells	0	0
TCGA-D9-A6E9	SKCM	Regulatory T cells	0	0
TCGA-EE-A29X	SKCM	Regulatory T cells	0.0296	0
TCGA-EE-A29X	SKCM	Regulatory T cells	0.0296	0
TCGA-EE-A20H	SKCM	Regulatory T cells	0.0248	0
TCGA-EE-A20H	SKCM	Regulatory T cells	0.0248	0
TCGA-EB-A1NK	SKCM	Regulatory T cells	0.0069	0
TCGA-EB-A1NK	SKCM	Regulatory T cells	0.0069	0
TCGA-GF-A2C7	SKCM	Regulatory T cells	0.0056	0
TCGA-GF-A2C7	SKCM	Regulatory T cells	0.0056	0
TCGA-FR-A8YD	SKCM	Regulatory T cells	0.0004	0.0378
TCGA-FR-A8YD	SKCM	Regulatory T cells	0.0004	0.0378
TCGA-D3-A2JL	SKCM	Regulatory T cells	0.0098	0.0392
TCGA-D3-A2JL	SKCM	Regulatory T cells	0.0098	0.0392
TCGA-D3-A1Q3	SKCM	Regulatory T cells	0.0283	0.0095
TCGA-D3-A1Q3	SKCM	Regulatory T cells	0.0283	0.0095
TCGA-EE-A3JI	SKCM	Regulatory T cells	0.0218	0
TCGA-EE-A3JI	SKCM	Regulatory T cells	0.0218	0
TCGA-FS-A1Z3	SKCM	Regulatory T cells	0.0141	0
TCGA-FS-A1Z3	SKCM	Regulatory T cells	0.0141	0
TCGA-ER-A194	SKCM	Regulatory T cells	0.0043	0.0253
TCGA-ER-A194	SKCM	Regulatory T cells	0.0043	0.0253
TCGA-QB-AA9O	SKCM	Regulatory T cells	0.0115	0
TCGA-QB-AA9O	SKCM	Regulatory T cells	0.0115	0
TCGA-FS-A1ZE	SKCM	Regulatory T cells	0.0009	0.0202
TCGA-FS-A1ZE	SKCM	Regulatory T cells	0.0009	0.0202
TCGA-HR-A5NC	SKCM	Regulatory T cells	0.0174	0
TCGA-HR-A5NC	SKCM	Regulatory T cells	0.0174	0
TCGA-D3-A3CC	SKCM	Regulatory T cells	0.005	0
TCGA-D3-A3CC	SKCM	Regulatory T cells	0.005	0
TCGA-D3-A51J	SKCM	Regulatory T cells	0.0283	0
TCGA-D3-A51J	SKCM	Regulatory T cells	0.0283	0
TCGA-BF-AAOX	SKCM	Regulatory T cells	0.0041	0.061
TCGA-BF-AAOX	SKCM	Regulatory T cells	0.0041	0.061
TCGA-EB-A5FP	SKCM	Regulatory T cells	0.0159	0.0732
TCGA-EB-A5FP	SKCM	Regulatory T cells	0.0159	0.0732
TCGA-EE-A3JH	SKCM	Regulatory T cells	0.0699	0
TCGA-EE-A3JH	SKCM	Regulatory T cells	0.0699	0
TCGA-DA-A1IA	SKCM	Regulatory T cells	0.0112	0
TCGA-DA-A1IA	SKCM	Regulatory T cells	0.0112	0
TCGA-D3-A2JE	SKCM	Regulatory T cells	0.0062	0.0156
TCGA-D3-A2JE	SKCM	Regulatory T cells	0.0062	0.0156
TCGA-FS-A1ZJ	SKCM	Regulatory T cells	0.0041	0
TCGA-FS-A1ZJ	SKCM	Regulatory T cells	0.0041	0
TCGA-EB-A24C	SKCM	Regulatory T cells	0.0085	0
TCGA-EB-A24C	SKCM	Regulatory T cells	0.0085	0
TCGA-FS-A4F8	SKCM	Regulatory T cells	0.0255	0
TCGA-FS-A4F8	SKCM	Regulatory T cells	0.0255	0
TCGA-W3-A825	SKCM	Regulatory T cells	0.0175	0
TCGA-W3-A825	SKCM	Regulatory T cells	0.0175	0
TCGA-D3-A3C1	SKCM	Regulatory T cells	0.0075	0.0116
TCGA-D3-A3C1	SKCM	Regulatory T cells	0.0075	0.0116
TCGA-FS-A1ZS	SKCM	Regulatory T cells	0.0244	0
TCGA-FS-A1ZS	SKCM	Regulatory T cells	0.0244	0
TCGA-D3-A8GQ	SKCM	Regulatory T cells	0.0244	0
TCGA-D3-A8GQ	SKCM	Regulatory T cells	0.0244	0
TCGA-EB-A5SF	SKCM	Regulatory T cells	0.0007	0.0648
TCGA-EB-A5SF	SKCM	Regulatory T cells	0.0007	0.0648
TCGA-D3-A2JA	SKCM	Regulatory T cells	0.0316	0
TCGA-D3-A2JA	SKCM	Regulatory T cells	0.0316	0
TCGA-ER-A19D	SKCM	Regulatory T cells	0.0297	0
TCGA-ER-A19D	SKCM	Regulatory T cells	0.0297	0
TCGA-GN-A266	SKCM	Regulatory T cells	0.0458	0
TCGA-GN-A266	SKCM	Regulatory T cells	0.0458	0
TCGA-DA-A3F3	SKCM	Regulatory T cells	0.0152	0
TCGA-DA-A3F3	SKCM	Regulatory T cells	0.0152	0
TCGA-W3-AA1W	SKCM	Regulatory T cells	0.0036	0
TCGA-W3-AA1W	SKCM	Regulatory T cells	0.0036	0
TCGA-EE-A2MC	SKCM	Regulatory T cells	0.0142	0
TCGA-EE-A2MC	SKCM	Regulatory T cells	0.0142	0
TCGA-RP-A695	SKCM	Regulatory T cells	0.0082	0
TCGA-RP-A695	SKCM	Regulatory T cells	0.0082	0
TCGA-ER-A19Q	SKCM	Regulatory T cells	0.0135	0
TCGA-ER-A19Q	SKCM	Regulatory T cells	0.0135	0
TCGA-D3-A2JH	SKCM	Regulatory T cells	0	0
TCGA-D3-A2JH	SKCM	Regulatory T cells	0	0
TCGA-D3-A8GV	SKCM	Regulatory T cells	0.0189	0
TCGA-D3-A8GV	SKCM	Regulatory T cells	0.0189	0
TCGA-EE-A184	SKCM	Regulatory T cells	0.0108	0
TCGA-EE-A184	SKCM	Regulatory T cells	0.0108	0
TCGA-RP-A693	SKCM	Regulatory T cells	0.0299	0
TCGA-RP-A693	SKCM	Regulatory T cells	0.0299	0
TCGA-D3-A3C7	SKCM	Regulatory T cells	0.0538	0
TCGA-D3-A3C7	SKCM	Regulatory T cells	0.0538	0
TCGA-EE-A2GM	SKCM	Regulatory T cells	0.008	0.0161
TCGA-EE-A2GM	SKCM	Regulatory T cells	0.008	0.0161
TCGA-BF-A1PU	SKCM	Regulatory T cells	0.008	0
TCGA-BF-A1PU	SKCM	Regulatory T cells	0.008	0
TCGA-EE-A3J7	SKCM	Regulatory T cells	0.0052	0
TCGA-EE-A3J7	SKCM	Regulatory T cells	0.0052	0
TCGA-BF-AAP7	SKCM	Regulatory T cells	0.0128	0
TCGA-BF-AAP7	SKCM	Regulatory T cells	0.0128	0
TCGA-ER-A197	SKCM	Regulatory T cells	0.0025	0
TCGA-ER-A197	SKCM	Regulatory T cells	0.0025	0
TCGA-ER-A19E	SKCM	Regulatory T cells	0.0151	0
TCGA-ER-A19E	SKCM	Regulatory T cells	0.0151	0
TCGA-EE-A3J4	SKCM	Regulatory T cells	0.0123	0
TCGA-EE-A3J4	SKCM	Regulatory T cells	0.0123	0
TCGA-DA-A95Y	SKCM	Regulatory T cells	0.0064	0.1
TCGA-DA-A95Y	SKCM	Regulatory T cells	0.0064	0.1
TCGA-DA-A1HY	SKCM	Regulatory T cells	0.0453	0.0355
TCGA-DA-A1HY	SKCM	Regulatory T cells	0.0453	0.0355
TCGA-EE-A3JA	SKCM	Regulatory T cells	0.0187	0
TCGA-EE-A3JA	SKCM	Regulatory T cells	0.0187	0
TCGA-ER-A19A	SKCM	Regulatory T cells	0.0631	0
TCGA-ER-A19A	SKCM	Regulatory T cells	0.0631	0
TCGA-D3-A8GB	SKCM	Regulatory T cells	0.0224	0
TCGA-D3-A8GB	SKCM	Regulatory T cells	0.0224	0
TCGA-D3-A8GJ	SKCM	Regulatory T cells	0.0096	0
TCGA-D3-A8GJ	SKCM	Regulatory T cells	0.0096	0
TCGA-FW-A3I3	SKCM	Regulatory T cells	0.0122	0
TCGA-FW-A3I3	SKCM	Regulatory T cells	0.0122	0
TCGA-EE-A2MR	SKCM	Regulatory T cells	0.0506	0
TCGA-EE-A2MR	SKCM	Regulatory T cells	0.0506	0
TCGA-D3-A8GM	SKCM	Regulatory T cells	0.0539	0
TCGA-D3-A8GM	SKCM	Regulatory T cells	0.0539	0
TCGA-D3-A51G	SKCM	Regulatory T cells	0.0312	0
TCGA-D3-A51G	SKCM	Regulatory T cells	0.0312	0
TCGA-EB-A5SG	SKCM	Regulatory T cells	0.012	0
TCGA-EB-A5SG	SKCM	Regulatory T cells	0.012	0
TCGA-FS-A1YX	SKCM	Regulatory T cells	0.0159	0
TCGA-FS-A1YX	SKCM	Regulatory T cells	0.0159	0
TCGA-BF-A1PZ	SKCM	Regulatory T cells	0.0059	0
TCGA-BF-A1PZ	SKCM	Regulatory T cells	0.0059	0
TCGA-GF-A6C9	SKCM	Regulatory T cells	0.0198	0
TCGA-GF-A6C9	SKCM	Regulatory T cells	0.0198	0
TCGA-D3-A2JG	SKCM	Regulatory T cells	0.0081	0.0095
TCGA-D3-A2JG	SKCM	Regulatory T cells	0.0081	0.0095
TCGA-EE-A2MK	SKCM	Regulatory T cells	0.0256	0
TCGA-EE-A2MK	SKCM	Regulatory T cells	0.0256	0
TCGA-EE-A2GE	SKCM	Regulatory T cells	0.0438	0
TCGA-EE-A2GE	SKCM	Regulatory T cells	0.0438	0
TCGA-EE-A29A	SKCM	Regulatory T cells	0.0278	0.0378
TCGA-EE-A29A	SKCM	Regulatory T cells	0.0278	0.0378
TCGA-FS-A1ZW	SKCM	Regulatory T cells	0.1	0
TCGA-FS-A1ZW	SKCM	Regulatory T cells	0.1	0
TCGA-FR-A726	SKCM	Regulatory T cells	0.0097	0
TCGA-FR-A726	SKCM	Regulatory T cells	0.0097	0
TCGA-XV-A9VZ	SKCM	Regulatory T cells	0.002	0.086
TCGA-XV-A9VZ	SKCM	Regulatory T cells	0.002	0.086
TCGA-EE-A2MS	SKCM	Regulatory T cells	0.0171	0
TCGA-EE-A2MS	SKCM	Regulatory T cells	0.0171	0
TCGA-W3-AA21	SKCM	Regulatory T cells	0.0072	0.0546
TCGA-W3-AA21	SKCM	Regulatory T cells	0.0072	0.0546
TCGA-ER-A3ET	SKCM	Regulatory T cells	0.0248	0
TCGA-ER-A3ET	SKCM	Regulatory T cells	0.0248	0
TCGA-FS-A1ZP	SKCM	Regulatory T cells	0.0142	0
TCGA-FS-A1ZP	SKCM	Regulatory T cells	0.0142	0
TCGA-FS-A4F2	SKCM	Regulatory T cells	0.008	0
TCGA-FS-A4F2	SKCM	Regulatory T cells	0.008	0
TCGA-EB-A4IQ	SKCM	Regulatory T cells	0.0064	0
TCGA-EB-A4IQ	SKCM	Regulatory T cells	0.0064	0
TCGA-FS-A4F0	SKCM	Regulatory T cells	0.0273	0
TCGA-FS-A4F0	SKCM	Regulatory T cells	0.0273	0
TCGA-D9-A3Z1	SKCM	Regulatory T cells	0.0183	0
TCGA-D9-A3Z1	SKCM	Regulatory T cells	0.0183	0
TCGA-EB-A85I	SKCM	Regulatory T cells	0.0114	0
TCGA-EB-A85I	SKCM	Regulatory T cells	0.0114	0
TCGA-D3-A51H	SKCM	Regulatory T cells	0.0181	0
TCGA-D3-A51H	SKCM	Regulatory T cells	0.0181	0
TCGA-FW-A3TU	SKCM	Regulatory T cells	0.0199	0.0514
TCGA-FW-A3TU	SKCM	Regulatory T cells	0.0199	0.0514
TCGA-ER-A195	SKCM	Regulatory T cells	0.1534	0
TCGA-ER-A195	SKCM	Regulatory T cells	0.1534	0
TCGA-EB-A97M	SKCM	Regulatory T cells	0.0092	0
TCGA-EB-A97M	SKCM	Regulatory T cells	0.0092	0
TCGA-EB-A3XC	SKCM	Regulatory T cells	0.0064	0
TCGA-EB-A3XC	SKCM	Regulatory T cells	0.0064	0
TCGA-RP-A6K9	SKCM	Regulatory T cells	0.0073	0
TCGA-RP-A6K9	SKCM	Regulatory T cells	0.0073	0
TCGA-EB-A82C	SKCM	Regulatory T cells	0.0103	0.1187
TCGA-EB-A82C	SKCM	Regulatory T cells	0.0103	0.1187
TCGA-DA-A95W	SKCM	Regulatory T cells	0.0075	0
TCGA-DA-A95W	SKCM	Regulatory T cells	0.0075	0
TCGA-BF-A5EQ	SKCM	Regulatory T cells	0.0254	0
TCGA-BF-A5EQ	SKCM	Regulatory T cells	0.0254	0
TCGA-W3-AA1R	SKCM	Regulatory T cells	0.0076	0
TCGA-W3-AA1R	SKCM	Regulatory T cells	0.0076	0
TCGA-EE-A2MP	SKCM	Regulatory T cells	0.0161	0
TCGA-EE-A2MP	SKCM	Regulatory T cells	0.0161	0
TCGA-3N-A9WC	SKCM	Regulatory T cells	0.0186	0
TCGA-3N-A9WC	SKCM	Regulatory T cells	0.0186	0
TCGA-EB-A51B	SKCM	Regulatory T cells	0.0105	0
TCGA-EB-A51B	SKCM	Regulatory T cells	0.0105	0
TCGA-EB-A3XF	SKCM	Regulatory T cells	0.0258	0
TCGA-EB-A3XF	SKCM	Regulatory T cells	0.0258	0
TCGA-3N-A9WB	SKCM	Regulatory T cells	0.0079	0
TCGA-3N-A9WB	SKCM	Regulatory T cells	0.0079	0
TCGA-WE-A8ZR	SKCM	Regulatory T cells	0.0123	0.0115
TCGA-WE-A8ZR	SKCM	Regulatory T cells	0.0123	0.0115
TCGA-D9-A3Z3	SKCM	Regulatory T cells	0.03	0
TCGA-D9-A3Z3	SKCM	Regulatory T cells	0.03	0
TCGA-FS-A1ZT	SKCM	Regulatory T cells	0.0397	0
TCGA-FS-A1ZT	SKCM	Regulatory T cells	0.0397	0
TCGA-FS-A1YW	SKCM	Regulatory T cells	0.0273	0
TCGA-FS-A1YW	SKCM	Regulatory T cells	0.0273	0
TCGA-EE-A2A2	SKCM	Regulatory T cells	0.0078	0
TCGA-EE-A2A2	SKCM	Regulatory T cells	0.0078	0
TCGA-D3-A8GS	SKCM	Regulatory T cells	0.0197	0
TCGA-D3-A8GS	SKCM	Regulatory T cells	0.0197	0
TCGA-EE-A2M6	SKCM	Regulatory T cells	0.0251	0
TCGA-EE-A2M6	SKCM	Regulatory T cells	0.0251	0
TCGA-Z2-A8RT	SKCM	Regulatory T cells	0.0205	0
TCGA-Z2-A8RT	SKCM	Regulatory T cells	0.0205	0
TCGA-WE-A8ZT	SKCM	Regulatory T cells	0.0132	0.0133
TCGA-WE-A8ZT	SKCM	Regulatory T cells	0.0132	0.0133
TCGA-Z2-AA3V	SKCM	Regulatory T cells	0.0269	0.055
TCGA-Z2-AA3V	SKCM	Regulatory T cells	0.0269	0.055
TCGA-GN-A26A	SKCM	Regulatory T cells	0.0268	0
TCGA-GN-A26A	SKCM	Regulatory T cells	0.0268	0
TCGA-EE-A183	SKCM	Regulatory T cells	0.0138	0.0396
TCGA-EE-A183	SKCM	Regulatory T cells	0.0138	0.0396
TCGA-EB-A6R0	SKCM	Regulatory T cells	0.0109	0
TCGA-EB-A6R0	SKCM	Regulatory T cells	0.0109	0
TCGA-EB-A44R	SKCM	Regulatory T cells	0.0046	0
TCGA-EB-A44R	SKCM	Regulatory T cells	0.0046	0
TCGA-EE-A2GD	SKCM	Regulatory T cells	0.0292	0
TCGA-EE-A2GD	SKCM	Regulatory T cells	0.0292	0
TCGA-EE-A29S	SKCM	Regulatory T cells	0.0265	0.0193
TCGA-EE-A29S	SKCM	Regulatory T cells	0.0265	0.0193
TCGA-EE-A2M8	SKCM	Regulatory T cells	0.0189	0
TCGA-EE-A2M8	SKCM	Regulatory T cells	0.0189	0
TCGA-BF-AAP0	SKCM	Regulatory T cells	0.028	0
TCGA-BF-AAP0	SKCM	Regulatory T cells	0.028	0
TCGA-WE-A8ZY	SKCM	Regulatory T cells	0.0096	0
TCGA-WE-A8ZY	SKCM	Regulatory T cells	0.0096	0
TCGA-ER-A19L	SKCM	Regulatory T cells	0.0036	0.0472
TCGA-ER-A19L	SKCM	Regulatory T cells	0.0036	0.0472
TCGA-EE-A17X	SKCM	Regulatory T cells	0.0199	0.0492
TCGA-EE-A17X	SKCM	Regulatory T cells	0.0199	0.0492
TCGA-GN-A265	SKCM	Regulatory T cells	0.0783	0
TCGA-GN-A265	SKCM	Regulatory T cells	0.0783	0
TCGA-BF-A3DJ	SKCM	Regulatory T cells	0.0309	0
TCGA-BF-A3DJ	SKCM	Regulatory T cells	0.0309	0
TCGA-D3-A5GT	SKCM	Regulatory T cells	0.0003	0.0691
TCGA-D3-A5GT	SKCM	Regulatory T cells	0.0003	0.0691
TCGA-FR-A3YO	SKCM	Regulatory T cells	0.005	0.078
TCGA-FR-A3YO	SKCM	Regulatory T cells	0.005	0.078
TCGA-BF-A1Q0	SKCM	Regulatory T cells	0.0108	0.0085
TCGA-BF-A1Q0	SKCM	Regulatory T cells	0.0108	0.0085
TCGA-GN-A8LL	SKCM	Regulatory T cells	0.0045	0.0169
TCGA-GN-A8LL	SKCM	Regulatory T cells	0.0045	0.0169
TCGA-EB-A551	SKCM	Regulatory T cells	0.0507	0
TCGA-EB-A551	SKCM	Regulatory T cells	0.0507	0
TCGA-XV-A9W5	SKCM	Regulatory T cells	0.0136	0
TCGA-XV-A9W5	SKCM	Regulatory T cells	0.0136	0
TCGA-FS-A4FB	SKCM	Regulatory T cells	0.0162	0
TCGA-FS-A4FB	SKCM	Regulatory T cells	0.0162	0
TCGA-DA-A1IC	SKCM	Regulatory T cells	0.0125	0
TCGA-DA-A1IC	SKCM	Regulatory T cells	0.0125	0
TCGA-HR-A2OH	SKCM	Regulatory T cells	0.0171	0
TCGA-HR-A2OH	SKCM	Regulatory T cells	0.0171	0
TCGA-EB-A5UM	SKCM	Regulatory T cells	0.0127	0
TCGA-EB-A5UM	SKCM	Regulatory T cells	0.0127	0
TCGA-DA-A95Z	SKCM	Regulatory T cells	0.007	0
TCGA-DA-A95Z	SKCM	Regulatory T cells	0.007	0
TCGA-BF-AAP1	SKCM	Regulatory T cells	0.0042	0
TCGA-BF-AAP1	SKCM	Regulatory T cells	0.0042	0
TCGA-FR-A3R1	SKCM	Regulatory T cells	0.0377	0
TCGA-FR-A3R1	SKCM	Regulatory T cells	0.0377	0
TCGA-DA-A1I0	SKCM	Regulatory T cells	0.0152	0.127
TCGA-DA-A1I0	SKCM	Regulatory T cells	0.0152	0.127
TCGA-ER-A42K	SKCM	Regulatory T cells	0.0135	0.0465
TCGA-ER-A42K	SKCM	Regulatory T cells	0.0135	0.0465
TCGA-DA-A1I1	SKCM	Regulatory T cells	0.0392	0
TCGA-DA-A1I1	SKCM	Regulatory T cells	0.0392	0
TCGA-EE-A2MT	SKCM	Regulatory T cells	0.018	0
TCGA-EE-A2MT	SKCM	Regulatory T cells	0.018	0
TCGA-ER-A19O	SKCM	Regulatory T cells	0.0186	0.0472
TCGA-ER-A19O	SKCM	Regulatory T cells	0.0186	0.0472
TCGA-EE-A29Q	SKCM	Regulatory T cells	0.0097	0.0582
TCGA-EE-A29Q	SKCM	Regulatory T cells	0.0097	0.0582
TCGA-FS-A1Z0	SKCM	Regulatory T cells	0.0217	0
TCGA-FS-A1Z0	SKCM	Regulatory T cells	0.0217	0
TCGA-D3-A5GU	SKCM	Regulatory T cells	0.0199	0
TCGA-D3-A5GU	SKCM	Regulatory T cells	0.0199	0
TCGA-EB-A44P	SKCM	Regulatory T cells	0.0188	0
TCGA-EB-A44P	SKCM	Regulatory T cells	0.0188	0
TCGA-ER-A2NH	SKCM	Regulatory T cells	0.0195	0
TCGA-ER-A2NH	SKCM	Regulatory T cells	0.0195	0
TCGA-GN-A4U4	SKCM	Regulatory T cells	0.0049	0
TCGA-GN-A4U4	SKCM	Regulatory T cells	0.0049	0
TCGA-EE-A3JB	SKCM	Regulatory T cells	0.0307	0
TCGA-EE-A3JB	SKCM	Regulatory T cells	0.0307	0
TCGA-EB-A4OY	SKCM	Regulatory T cells	0	0.0119
TCGA-EB-A4OY	SKCM	Regulatory T cells	0	0.0119
TCGA-D3-A8GK	SKCM	Regulatory T cells	0.0032	0
TCGA-D3-A8GK	SKCM	Regulatory T cells	0.0032	0
TCGA-FS-A1ZB	SKCM	Regulatory T cells	0.0128	0
TCGA-FS-A1ZB	SKCM	Regulatory T cells	0.0128	0
TCGA-D3-A2J6	SKCM	Regulatory T cells	0.0034	0
TCGA-D3-A2J6	SKCM	Regulatory T cells	0.0034	0
TCGA-EB-A3XD	SKCM	Regulatory T cells	0.0116	0.0519
TCGA-EB-A3XD	SKCM	Regulatory T cells	0.0116	0.0519
TCGA-D3-A8GN	SKCM	Regulatory T cells	0.0511	0
TCGA-D3-A8GN	SKCM	Regulatory T cells	0.0511	0
TCGA-EE-A20F	SKCM	Regulatory T cells	0.0188	0
TCGA-EE-A20F	SKCM	Regulatory T cells	0.0188	0
TCGA-WE-A8JZ	SKCM	Regulatory T cells	0.0082	0
TCGA-WE-A8JZ	SKCM	Regulatory T cells	0.0082	0
TCGA-EE-A182	SKCM	Regulatory T cells	0.0013	0.037
TCGA-EE-A182	SKCM	Regulatory T cells	0.0013	0.037
TCGA-D3-A3MU	SKCM	Regulatory T cells	0.0119	0.0269
TCGA-D3-A3MU	SKCM	Regulatory T cells	0.0119	0.0269
TCGA-Z2-AA3S	SKCM	Regulatory T cells	0.0112	0
TCGA-Z2-AA3S	SKCM	Regulatory T cells	0.0112	0
TCGA-BF-AAP4	SKCM	Regulatory T cells	0.0096	0
TCGA-BF-AAP4	SKCM	Regulatory T cells	0.0096	0
TCGA-D3-A3CE	SKCM	Regulatory T cells	0.0445	0
TCGA-D3-A3CE	SKCM	Regulatory T cells	0.0445	0
TCGA-XV-AAZW	SKCM	Regulatory T cells	0.0146	0
TCGA-XV-AAZW	SKCM	Regulatory T cells	0.0146	0
TCGA-FS-A4F4	SKCM	Regulatory T cells	0.0052	0.0169
TCGA-FS-A4F4	SKCM	Regulatory T cells	0.0052	0.0169
TCGA-FS-A4FD	SKCM	Regulatory T cells	0.0168	0
TCGA-FS-A4FD	SKCM	Regulatory T cells	0.0168	0
TCGA-D3-A8GD	SKCM	Regulatory T cells	0.0457	0
TCGA-D3-A8GD	SKCM	Regulatory T cells	0.0457	0
TCGA-GN-A264	SKCM	Regulatory T cells	0.0138	0
TCGA-GN-A264	SKCM	Regulatory T cells	0.0138	0
TCGA-WE-A8ZQ	SKCM	Regulatory T cells	0.0158	0
TCGA-WE-A8ZQ	SKCM	Regulatory T cells	0.0158	0
TCGA-EE-A2GO	SKCM	Regulatory T cells	0.1496	0.0267
TCGA-EE-A2GO	SKCM	Regulatory T cells	0.1496	0.0267
TCGA-EB-A82B	SKCM	Regulatory T cells	0.0279	0
TCGA-EB-A82B	SKCM	Regulatory T cells	0.0279	0
TCGA-D3-A51T	SKCM	Regulatory T cells	0.0145	0
TCGA-D3-A51T	SKCM	Regulatory T cells	0.0145	0
TCGA-D3-A1Q9	SKCM	Regulatory T cells	0.013	0.0176
TCGA-D3-A1Q9	SKCM	Regulatory T cells	0.013	0.0176
TCGA-ER-A19M	SKCM	Regulatory T cells	0.0102	0
TCGA-ER-A19M	SKCM	Regulatory T cells	0.0102	0
TCGA-EE-A2M7	SKCM	Regulatory T cells	0.0896	0
TCGA-EE-A2M7	SKCM	Regulatory T cells	0.0896	0
TCGA-YD-A89C	SKCM	Regulatory T cells	0.008	0
TCGA-YD-A89C	SKCM	Regulatory T cells	0.008	0
TCGA-D3-A1Q8	SKCM	Regulatory T cells	0.0339	0
TCGA-D3-A1Q8	SKCM	Regulatory T cells	0.0339	0
TCGA-DA-A1I8	SKCM	Regulatory T cells	0.0308	0.0111
TCGA-DA-A1I8	SKCM	Regulatory T cells	0.0308	0.0111
TCGA-BF-AAP2	SKCM	Regulatory T cells	0.0143	0.036
TCGA-BF-AAP2	SKCM	Regulatory T cells	0.0143	0.036
TCGA-FS-A1ZU	SKCM	Regulatory T cells	0	0
TCGA-FS-A1ZU	SKCM	Regulatory T cells	0	0
TCGA-EE-A180	SKCM	Regulatory T cells	0.0204	0
TCGA-EE-A180	SKCM	Regulatory T cells	0.0204	0
TCGA-GN-A8LN	SKCM	Regulatory T cells	0.0225	0
TCGA-GN-A8LN	SKCM	Regulatory T cells	0.0225	0
TCGA-DA-A1I4	SKCM	Regulatory T cells	0.007	0
TCGA-DA-A1I4	SKCM	Regulatory T cells	0.007	0
TCGA-DA-A1HW	SKCM	Regulatory T cells	0.0347	0
TCGA-DA-A1HW	SKCM	Regulatory T cells	0.0347	0
TCGA-EB-A6QZ	SKCM	Regulatory T cells	0.0187	0.0856
TCGA-EB-A6QZ	SKCM	Regulatory T cells	0.0187	0.0856
TCGA-YD-A9TB	SKCM	Regulatory T cells	0.0198	0
TCGA-YD-A9TB	SKCM	Regulatory T cells	0.0198	0
TCGA-W3-AA1Q	SKCM	Regulatory T cells	0.0262	0
TCGA-W3-AA1Q	SKCM	Regulatory T cells	0.0262	0
TCGA-EE-A2A0	SKCM	Regulatory T cells	0.0582	0
TCGA-EE-A2A0	SKCM	Regulatory T cells	0.0582	0
TCGA-EB-A6QY	SKCM	Regulatory T cells	0.0101	0
TCGA-EB-A6QY	SKCM	Regulatory T cells	0.0101	0
TCGA-BF-A5EO	SKCM	Regulatory T cells	0.0101	0
TCGA-BF-A5EO	SKCM	Regulatory T cells	0.0101	0
TCGA-EE-A29E	SKCM	Regulatory T cells	0.0668	0
TCGA-EE-A29E	SKCM	Regulatory T cells	0.0668	0
TCGA-FS-A1Z4	SKCM	Regulatory T cells	0.0759	0
TCGA-FS-A1Z4	SKCM	Regulatory T cells	0.0759	0
TCGA-EE-A2MJ	SKCM	Regulatory T cells	0.0264	0
TCGA-EE-A2MJ	SKCM	Regulatory T cells	0.0264	0
TCGA-D3-A3MO	SKCM	Regulatory T cells	0.0126	0
TCGA-D3-A3MO	SKCM	Regulatory T cells	0.0126	0
TCGA-D3-A5GO	SKCM	Regulatory T cells	0.0138	0
TCGA-D3-A5GO	SKCM	Regulatory T cells	0.0138	0
TCGA-EE-A2A5	SKCM	Regulatory T cells	0.0125	0
TCGA-EE-A2A5	SKCM	Regulatory T cells	0.0125	0
TCGA-FS-A4F5	SKCM	Regulatory T cells	0.0156	0
TCGA-FS-A4F5	SKCM	Regulatory T cells	0.0156	0
TCGA-EE-A2GS	SKCM	Regulatory T cells	0.0135	0
TCGA-EE-A2GS	SKCM	Regulatory T cells	0.0135	0
TCGA-ER-A3PL	SKCM	Regulatory T cells	0.0086	0
TCGA-ER-A3PL	SKCM	Regulatory T cells	0.0086	0
TCGA-BF-A5EP	SKCM	Regulatory T cells	0.0063	0
TCGA-BF-A5EP	SKCM	Regulatory T cells	0.0063	0
TCGA-FW-A5DX	SKCM	Regulatory T cells	0.0262	0
TCGA-FW-A5DX	SKCM	Regulatory T cells	0.0262	0
TCGA-EE-A29N	SKCM	Regulatory T cells	0.0365	0
TCGA-EE-A29N	SKCM	Regulatory T cells	0.0365	0
TCGA-ER-A193	SKCM	Regulatory T cells	0.0152	0
TCGA-ER-A193	SKCM	Regulatory T cells	0.0152	0
TCGA-XV-A9W2	SKCM	Regulatory T cells	0.0041	0
TCGA-XV-A9W2	SKCM	Regulatory T cells	0.0041	0
TCGA-EB-A3Y6	SKCM	Regulatory T cells	0.0131	0
TCGA-EB-A3Y6	SKCM	Regulatory T cells	0.0131	0
TCGA-D3-A1Q1	SKCM	Regulatory T cells	0	0
TCGA-D3-A1Q1	SKCM	Regulatory T cells	0	0
TCGA-WE-A8K6	SKCM	Regulatory T cells	0.0095	0.0445
TCGA-WE-A8K6	SKCM	Regulatory T cells	0.0095	0.0445
TCGA-EE-A29G	SKCM	Regulatory T cells	0.0045	0
TCGA-EE-A29G	SKCM	Regulatory T cells	0.0045	0
TCGA-DA-A1IB	SKCM	Regulatory T cells	0.073	0
TCGA-DA-A1IB	SKCM	Regulatory T cells	0.073	0
TCGA-EB-A299	SKCM	Regulatory T cells	0.0096	0
TCGA-EB-A299	SKCM	Regulatory T cells	0.0096	0
TCGA-EE-A29B	SKCM	Regulatory T cells	0.0106	0
TCGA-EE-A29B	SKCM	Regulatory T cells	0.0106	0
TCGA-GN-A4U3	SKCM	Regulatory T cells	0.0162	0
TCGA-GN-A4U3	SKCM	Regulatory T cells	0.0162	0
TCGA-ER-A19G	SKCM	Regulatory T cells	0.0451	0
TCGA-ER-A19G	SKCM	Regulatory T cells	0.0451	0
TCGA-EE-A2GH	SKCM	Regulatory T cells	0.0154	0
TCGA-EE-A2GH	SKCM	Regulatory T cells	0.0154	0
TCGA-EE-A2GR	SKCM	Regulatory T cells	0.0117	0
TCGA-EE-A2GR	SKCM	Regulatory T cells	0.0117	0
TCGA-XV-AAZV	SKCM	Regulatory T cells	0.0224	0
TCGA-XV-AAZV	SKCM	Regulatory T cells	0.0224	0
TCGA-EE-A3AH	SKCM	Regulatory T cells	0.0168	0
TCGA-EE-A3AH	SKCM	Regulatory T cells	0.0168	0
TCGA-DA-A960	SKCM	Regulatory T cells	0.0028	0.0198
TCGA-DA-A960	SKCM	Regulatory T cells	0.0028	0.0198
TCGA-EE-A3AE	SKCM	Regulatory T cells	0.0227	0
TCGA-EE-A3AE	SKCM	Regulatory T cells	0.0227	0
TCGA-D3-A8GP	SKCM	Regulatory T cells	0.0092	0
TCGA-D3-A8GP	SKCM	Regulatory T cells	0.0092	0
TCGA-EB-A553	SKCM	Regulatory T cells	0.0046	0
TCGA-EB-A553	SKCM	Regulatory T cells	0.0046	0
TCGA-GN-A8LK	SKCM	Regulatory T cells	0.0041	0.037
TCGA-GN-A8LK	SKCM	Regulatory T cells	0.0041	0.037
TCGA-D3-A51E	SKCM	Regulatory T cells	0.0301	0
TCGA-D3-A51E	SKCM	Regulatory T cells	0.0301	0
TCGA-EB-A431	SKCM	Regulatory T cells	0.0106	0.0208
TCGA-EB-A431	SKCM	Regulatory T cells	0.0106	0.0208
TCGA-BF-AAP8	SKCM	Regulatory T cells	0	0
TCGA-BF-AAP8	SKCM	Regulatory T cells	0	0
TCGA-EE-A2GT	SKCM	Regulatory T cells	0.0293	0.0342
TCGA-EE-A2GT	SKCM	Regulatory T cells	0.0293	0.0342
TCGA-W3-AA1V	SKCM	Regulatory T cells	0.0048	0
TCGA-W3-AA1V	SKCM	Regulatory T cells	0.0048	0
TCGA-FS-A1ZM	SKCM	Regulatory T cells	0.0104	0
TCGA-FS-A1ZM	SKCM	Regulatory T cells	0.0104	0
TCGA-WE-AAA4	SKCM	Regulatory T cells	0	0
TCGA-WE-AAA4	SKCM	Regulatory T cells	0	0
TCGA-FW-A5DY	SKCM	Regulatory T cells	0.0372	0
TCGA-FW-A5DY	SKCM	Regulatory T cells	0.0372	0
TCGA-D9-A1JW	SKCM	Regulatory T cells	0.0151	0
TCGA-D9-A1JW	SKCM	Regulatory T cells	0.0151	0
TCGA-EE-A29T	SKCM	Regulatory T cells	0.0253	0
TCGA-EE-A29T	SKCM	Regulatory T cells	0.0253	0
TCGA-EE-A2GL	SKCM	Regulatory T cells	0.0339	0
TCGA-EE-A2GL	SKCM	Regulatory T cells	0.0339	0
TCGA-EB-A4XL	SKCM	Regulatory T cells	0.0296	0.0012
TCGA-EB-A4XL	SKCM	Regulatory T cells	0.0296	0.0012
TCGA-FS-A1ZN	SKCM	Regulatory T cells	0.0168	0.0035
TCGA-FS-A1ZN	SKCM	Regulatory T cells	0.0168	0.0035
TCGA-EB-A44N	SKCM	Regulatory T cells	0.0237	0
TCGA-EB-A44N	SKCM	Regulatory T cells	0.0237	0
TCGA-D3-A5GL	SKCM	Regulatory T cells	0.0058	0
TCGA-D3-A5GL	SKCM	Regulatory T cells	0.0058	0
TCGA-ER-A19N	SKCM	Regulatory T cells	0.0299	0.0016
TCGA-ER-A19N	SKCM	Regulatory T cells	0.0299	0.0016
TCGA-LH-A9QB	SKCM	Regulatory T cells	0	0
TCGA-LH-A9QB	SKCM	Regulatory T cells	0	0
TCGA-FS-A1ZR	SKCM	Regulatory T cells	0.024	0
TCGA-FS-A1ZR	SKCM	Regulatory T cells	0.024	0
TCGA-FS-A1ZH	SKCM	Regulatory T cells	0.0469	0
TCGA-FS-A1ZH	SKCM	Regulatory T cells	0.0469	0
TCGA-EE-A185	SKCM	Regulatory T cells	0.008	0
TCGA-EE-A185	SKCM	Regulatory T cells	0.008	0
TCGA-FR-A8YE	SKCM	Regulatory T cells	0.045	0
TCGA-FR-A8YE	SKCM	Regulatory T cells	0.045	0
TCGA-DA-A3F2	SKCM	Regulatory T cells	0.0057	0.012
TCGA-DA-A3F2	SKCM	Regulatory T cells	0.0057	0.012
TCGA-WE-A8K1	SKCM	Regulatory T cells	0.0228	0
TCGA-WE-A8K1	SKCM	Regulatory T cells	0.0228	0
TCGA-D9-A4Z6	SKCM	Regulatory T cells	0.0125	0.0435
TCGA-D9-A4Z6	SKCM	Regulatory T cells	0.0125	0.0435
TCGA-3N-A9WD	SKCM	Regulatory T cells	0.0152	0.0101
TCGA-3N-A9WD	SKCM	Regulatory T cells	0.0152	0.0101
TCGA-FS-A1ZY	SKCM	Regulatory T cells	0.0108	0.0388
TCGA-FS-A1ZY	SKCM	Regulatory T cells	0.0108	0.0388
TCGA-D9-A4Z5	SKCM	Regulatory T cells	0.0032	0
TCGA-D9-A4Z5	SKCM	Regulatory T cells	0.0032	0
TCGA-EE-A2GJ	SKCM	Regulatory T cells	0.0171	0
TCGA-EE-A2GJ	SKCM	Regulatory T cells	0.0171	0
TCGA-IH-A3EA	SKCM	Regulatory T cells	0.0051	0
TCGA-IH-A3EA	SKCM	Regulatory T cells	0.0051	0
TCGA-BF-AAP6	SKCM	Regulatory T cells	0.0116	0
TCGA-BF-AAP6	SKCM	Regulatory T cells	0.0116	0
TCGA-D3-A2JD	SKCM	Regulatory T cells	0.0277	0.0139
TCGA-D3-A2JD	SKCM	Regulatory T cells	0.0277	0.0139
TCGA-EE-A20I	SKCM	Regulatory T cells	0.0136	0.0092
TCGA-EE-A20I	SKCM	Regulatory T cells	0.0136	0.0092
TCGA-EE-A29L	SKCM	Regulatory T cells	0.0065	0.053
TCGA-EE-A29L	SKCM	Regulatory T cells	0.0065	0.053
TCGA-EB-A3XB	SKCM	Regulatory T cells	0.0115	0
TCGA-EB-A3XB	SKCM	Regulatory T cells	0.0115	0
TCGA-EE-A2A1	SKCM	Regulatory T cells	0.0209	0
TCGA-EE-A2A1	SKCM	Regulatory T cells	0.0209	0
TCGA-ER-A196	SKCM	Regulatory T cells	0.0075	0
TCGA-ER-A196	SKCM	Regulatory T cells	0.0075	0
TCGA-EE-A3AA	SKCM	Regulatory T cells	0.0319	0.0044
TCGA-EE-A3AA	SKCM	Regulatory T cells	0.0319	0.0044
TCGA-EB-A5SH	SKCM	Regulatory T cells	0.0096	0.0378
TCGA-EB-A5SH	SKCM	Regulatory T cells	0.0096	0.0378
TCGA-GN-A267	SKCM	Regulatory T cells	0.0051	0.0031
TCGA-GN-A267	SKCM	Regulatory T cells	0.0051	0.0031
TCGA-GN-A4U9	SKCM	Regulatory T cells	0.0097	0
TCGA-GN-A4U9	SKCM	Regulatory T cells	0.0097	0
TCGA-EE-A3JE	SKCM	Regulatory T cells	0.0396	0
TCGA-EE-A3JE	SKCM	Regulatory T cells	0.0396	0
TCGA-WE-AAA0	SKCM	Regulatory T cells	0.0093	0
TCGA-WE-AAA0	SKCM	Regulatory T cells	0.0093	0
TCGA-GF-A769	SKCM	Regulatory T cells	0.0204	0
TCGA-GF-A769	SKCM	Regulatory T cells	0.0204	0
TCGA-D9-A6EC	SKCM	Regulatory T cells	0.0116	0
TCGA-D9-A6EC	SKCM	Regulatory T cells	0.0116	0
TCGA-D3-A5GN	SKCM	Regulatory T cells	0.0305	0
TCGA-D3-A5GN	SKCM	Regulatory T cells	0.0305	0
TCGA-D3-A2J8	SKCM	Regulatory T cells	0.0177	0
TCGA-D3-A2J8	SKCM	Regulatory T cells	0.0177	0
TCGA-FS-A1ZC	SKCM	Regulatory T cells	0.025	0.0134
TCGA-FS-A1ZC	SKCM	Regulatory T cells	0.025	0.0134
TCGA-XV-AAZY	SKCM	Regulatory T cells	0.0061	0.0553
TCGA-XV-AAZY	SKCM	Regulatory T cells	0.0061	0.0553
TCGA-EE-A3J3	SKCM	Regulatory T cells	0.0165	0.001
TCGA-EE-A3J3	SKCM	Regulatory T cells	0.0165	0.001
TCGA-EE-A2GI	SKCM	Regulatory T cells	0.0165	0
TCGA-EE-A2GI	SKCM	Regulatory T cells	0.0165	0
TCGA-BF-A5ER	SKCM	Regulatory T cells	0.0007	0.0162
TCGA-BF-A5ER	SKCM	Regulatory T cells	0.0007	0.0162
TCGA-EB-A3HV	SKCM	Regulatory T cells	0.0092	0
TCGA-EB-A3HV	SKCM	Regulatory T cells	0.0092	0
TCGA-FS-A4FC	SKCM	Regulatory T cells	0.0204	0
TCGA-FS-A4FC	SKCM	Regulatory T cells	0.0204	0
TCGA-EE-A2M5	SKCM	Regulatory T cells	0.0072	0
TCGA-EE-A2M5	SKCM	Regulatory T cells	0.0072	0
TCGA-DA-A3F8	SKCM	Regulatory T cells	0.0108	0
TCGA-DA-A3F8	SKCM	Regulatory T cells	0.0108	0
TCGA-WE-A8ZO	SKCM	Regulatory T cells	0.0089	0
TCGA-WE-A8ZO	SKCM	Regulatory T cells	0.0089	0
TCGA-GN-A26D	SKCM	Regulatory T cells	0.0153	0
TCGA-GN-A26D	SKCM	Regulatory T cells	0.0153	0
TCGA-EB-A5VU	SKCM	Regulatory T cells	0.0237	0
TCGA-EB-A5VU	SKCM	Regulatory T cells	0.0237	0
TCGA-D3-A51N	SKCM	Regulatory T cells	0.0225	0
TCGA-D3-A51N	SKCM	Regulatory T cells	0.0225	0
TCGA-D3-A3CB	SKCM	Regulatory T cells	0.0539	0
TCGA-D3-A3CB	SKCM	Regulatory T cells	0.0539	0
TCGA-ER-A19T	SKCM	Regulatory T cells	0.0071	0.0477
TCGA-ER-A19T	SKCM	Regulatory T cells	0.0071	0.0477
TCGA-EE-A3JD	SKCM	Regulatory T cells	0.033	0
TCGA-EE-A3JD	SKCM	Regulatory T cells	0.033	0
TCGA-FS-A1ZQ	SKCM	Regulatory T cells	0.0237	0
TCGA-FS-A1ZQ	SKCM	Regulatory T cells	0.0237	0
TCGA-ER-A3ES	SKCM	Regulatory T cells	0.002	0.0535
TCGA-ER-A3ES	SKCM	Regulatory T cells	0.002	0.0535
TCGA-ER-A2NC	SKCM	Regulatory T cells	0.0135	0
TCGA-ER-A2NC	SKCM	Regulatory T cells	0.0135	0
TCGA-W3-A828	SKCM	Regulatory T cells	0.0164	0
TCGA-W3-A828	SKCM	Regulatory T cells	0.0164	0
TCGA-EE-A20C	SKCM	Regulatory T cells	0.0154	0.1229
TCGA-EE-A20C	SKCM	Regulatory T cells	0.0154	0.1229
TCGA-EE-A2MH	SKCM	Regulatory T cells	0.0259	0.0133
TCGA-EE-A2MH	SKCM	Regulatory T cells	0.0259	0.0133
TCGA-EE-A2GN	SKCM	Regulatory T cells	0.0078	0
TCGA-EE-A2GN	SKCM	Regulatory T cells	0.0078	0
TCGA-D3-A8GI	SKCM	Regulatory T cells	0.026	0.0275
TCGA-D3-A8GI	SKCM	Regulatory T cells	0.026	0.0275
TCGA-D3-A5GS	SKCM	Regulatory T cells	0.0164	0.0015
TCGA-D3-A5GS	SKCM	Regulatory T cells	0.0164	0.0015
TCGA-EE-A2MI	SKCM	Regulatory T cells	0.0208	0
TCGA-EE-A2MI	SKCM	Regulatory T cells	0.0208	0
TCGA-D3-A3C6	SKCM	Regulatory T cells	0.0181	0.008
TCGA-D3-A3C6	SKCM	Regulatory T cells	0.0181	0.008
TCGA-EE-A2MQ	SKCM	Regulatory T cells	0.0353	0
TCGA-EE-A2MQ	SKCM	Regulatory T cells	0.0353	0
TCGA-FS-A1ZD	SKCM	Regulatory T cells	0.0212	0
TCGA-FS-A1ZD	SKCM	Regulatory T cells	0.0212	0
TCGA-GN-A4U5	SKCM	Regulatory T cells	0.0209	0
TCGA-GN-A4U5	SKCM	Regulatory T cells	0.0209	0
TCGA-FS-A1YY	SKCM	Regulatory T cells	0.0053	0
TCGA-FS-A1YY	SKCM	Regulatory T cells	0.0053	0
TCGA-D3-A3BZ	SKCM	Regulatory T cells	0.0218	0
TCGA-D3-A3BZ	SKCM	Regulatory T cells	0.0218	0
TCGA-D9-A3Z4	SKCM	Regulatory T cells	0.0222	0
TCGA-D9-A3Z4	SKCM	Regulatory T cells	0.0222	0
TCGA-EE-A3AC	SKCM	Regulatory T cells	0.0225	0
TCGA-EE-A3AC	SKCM	Regulatory T cells	0.0225	0
TCGA-D3-A2JF	SKCM	Regulatory T cells	0.032	0
TCGA-D3-A2JF	SKCM	Regulatory T cells	0.032	0
TCGA-D3-A1QB	SKCM	Regulatory T cells	0.0028	0
TCGA-D3-A1QB	SKCM	Regulatory T cells	0.0028	0
TCGA-GN-A268	SKCM	Regulatory T cells	0.009	0.0425
TCGA-GN-A268	SKCM	Regulatory T cells	0.009	0.0425
TCGA-D3-A5GR	SKCM	Regulatory T cells	0.0434	0
TCGA-D3-A5GR	SKCM	Regulatory T cells	0.0434	0
TCGA-EB-A550	SKCM	Regulatory T cells	0.0119	0
TCGA-EB-A550	SKCM	Regulatory T cells	0.0119	0
TCGA-D9-A6EG	SKCM	Regulatory T cells	0.0199	0.061
TCGA-D9-A6EG	SKCM	Regulatory T cells	0.0199	0.061
TCGA-EB-A44O	SKCM	Regulatory T cells	0.0777	0
TCGA-EB-A44O	SKCM	Regulatory T cells	0.0777	0
TCGA-RP-A690	SKCM	Regulatory T cells	0.0035	0
TCGA-RP-A690	SKCM	Regulatory T cells	0.0035	0
TCGA-EE-A29H	SKCM	Regulatory T cells	0.0066	0.0042
TCGA-EE-A29H	SKCM	Regulatory T cells	0.0066	0.0042
TCGA-EE-A2MM	SKCM	Regulatory T cells	0.0294	0
TCGA-EE-A2MM	SKCM	Regulatory T cells	0.0294	0
TCGA-EB-A44Q	SKCM	Regulatory T cells	0.0282	0
TCGA-EB-A44Q	SKCM	Regulatory T cells	0.0282	0
TCGA-EB-A3XE	SKCM	Regulatory T cells	0.0089	0.004
TCGA-EB-A3XE	SKCM	Regulatory T cells	0.0089	0.004
TCGA-FR-A69P	SKCM	Regulatory T cells	0.0096	0
TCGA-FR-A69P	SKCM	Regulatory T cells	0.0096	0
TCGA-EE-A2A6	SKCM	Regulatory T cells	0.0325	0
TCGA-EE-A2A6	SKCM	Regulatory T cells	0.0325	0
TCGA-ER-A19J	SKCM	Regulatory T cells	0.0119	0.003
TCGA-ER-A19J	SKCM	Regulatory T cells	0.0119	0.003
TCGA-RP-A694	SKCM	Regulatory T cells	0.0104	0
TCGA-RP-A694	SKCM	Regulatory T cells	0.0104	0
TCGA-YD-A9TA	SKCM	Regulatory T cells	0.0144	0
TCGA-YD-A9TA	SKCM	Regulatory T cells	0.0144	0
TCGA-WE-AAA3	SKCM	Regulatory T cells	0.0078	0
TCGA-WE-AAA3	SKCM	Regulatory T cells	0.0078	0
TCGA-EB-A3Y7	SKCM	Regulatory T cells	0.0119	0.0647
TCGA-EB-A3Y7	SKCM	Regulatory T cells	0.0119	0.0647
TCGA-D9-A6EA	SKCM	Regulatory T cells	0.012	0.0091
TCGA-D9-A6EA	SKCM	Regulatory T cells	0.012	0.0091
TCGA-D3-A8GO	SKCM	Regulatory T cells	0.0145	0
TCGA-D3-A8GO	SKCM	Regulatory T cells	0.0145	0
TCGA-EB-A430	SKCM	Regulatory T cells	0.0073	0
TCGA-EB-A430	SKCM	Regulatory T cells	0.0073	0
TCGA-EE-A29W	SKCM	Regulatory T cells	0.0267	0
TCGA-EE-A29W	SKCM	Regulatory T cells	0.0267	0
TCGA-DA-A95X	SKCM	Regulatory T cells	0.0343	0.0053
TCGA-DA-A95X	SKCM	Regulatory T cells	0.0343	0.0053
TCGA-EE-A2MD	SKCM	Regulatory T cells	0.0215	0
TCGA-EE-A2MD	SKCM	Regulatory T cells	0.0215	0
TCGA-ER-A2NF	SKCM	Regulatory T cells	0.0176	0.0152
TCGA-ER-A2NF	SKCM	Regulatory T cells	0.0176	0.0152
TCGA-GN-A4U8	SKCM	Regulatory T cells	0.0208	0
TCGA-GN-A4U8	SKCM	Regulatory T cells	0.0208	0
TCGA-EB-A41B	SKCM	Regulatory T cells	0.0042	0
TCGA-EB-A41B	SKCM	Regulatory T cells	0.0042	0
TCGA-ER-A19C	SKCM	Regulatory T cells	0.0191	0.0366
TCGA-ER-A19C	SKCM	Regulatory T cells	0.0191	0.0366
TCGA-EB-A5UN	SKCM	Regulatory T cells	0.0274	0
TCGA-EB-A5UN	SKCM	Regulatory T cells	0.0274	0
TCGA-EE-A3J5	SKCM	Regulatory T cells	0.0144	0
TCGA-EE-A3J5	SKCM	Regulatory T cells	0.0144	0
TCGA-EE-A2ME	SKCM	Regulatory T cells	0.0426	0
TCGA-EE-A2ME	SKCM	Regulatory T cells	0.0426	0
TCGA-QB-A6FS	SKCM	Regulatory T cells	0.0143	0.0077
TCGA-QB-A6FS	SKCM	Regulatory T cells	0.0143	0.0077
TCGA-EE-A29R	SKCM	Regulatory T cells	0.01	0.0001
TCGA-EE-A29R	SKCM	Regulatory T cells	0.01	0.0001
TCGA-FR-A8YC	SKCM	Regulatory T cells	0.0069	0
TCGA-FR-A8YC	SKCM	Regulatory T cells	0.0069	0
TCGA-DA-A95V	SKCM	Regulatory T cells	0.0132	0.034
TCGA-DA-A95V	SKCM	Regulatory T cells	0.0132	0.034
TCGA-BF-A3DN	SKCM	Regulatory T cells	0.0263	0
TCGA-BF-A3DN	SKCM	Regulatory T cells	0.0263	0
TCGA-EB-A24D	SKCM	Regulatory T cells	0.0261	0
TCGA-EB-A24D	SKCM	Regulatory T cells	0.0261	0
TCGA-D3-A2JK	SKCM	Regulatory T cells	0.0018	0.0521
TCGA-D3-A2JK	SKCM	Regulatory T cells	0.0018	0.0521
TCGA-EE-A17Z	SKCM	Regulatory T cells	0.0124	0
TCGA-EE-A17Z	SKCM	Regulatory T cells	0.0124	0
TCGA-DA-A3F5	SKCM	Regulatory T cells	0.0329	0
TCGA-DA-A3F5	SKCM	Regulatory T cells	0.0329	0
TCGA-D3-A2JC	SKCM	Regulatory T cells	0.0486	0
TCGA-D3-A2JC	SKCM	Regulatory T cells	0.0486	0
TCGA-W3-AA1O	SKCM	Regulatory T cells	0.01	0
TCGA-W3-AA1O	SKCM	Regulatory T cells	0.01	0
TCGA-D3-A8GE	SKCM	Regulatory T cells	0.1222	0
TCGA-D3-A8GE	SKCM	Regulatory T cells	0.1222	0
TCGA-D3-A2JB	SKCM	Regulatory T cells	0.0519	0
TCGA-D3-A2JB	SKCM	Regulatory T cells	0.0519	0
TCGA-EE-A181	SKCM	Regulatory T cells	0.0279	0
TCGA-EE-A181	SKCM	Regulatory T cells	0.0279	0
TCGA-EB-A4P0	SKCM	Regulatory T cells	0.0051	0
TCGA-EB-A4P0	SKCM	Regulatory T cells	0.0051	0
TCGA-D3-A1Q7	SKCM	Regulatory T cells	0.0395	0
TCGA-D3-A1Q7	SKCM	Regulatory T cells	0.0395	0
TCGA-DA-A1I7	SKCM	Regulatory T cells	0.0387	0.0296
TCGA-DA-A1I7	SKCM	Regulatory T cells	0.0387	0.0296
TCGA-BF-AAOU	SKCM	Regulatory T cells	0.0204	0
TCGA-BF-AAOU	SKCM	Regulatory T cells	0.0204	0
TCGA-FS-A1ZF	SKCM	Regulatory T cells	0.004	0.0257
TCGA-FS-A1ZF	SKCM	Regulatory T cells	0.004	0.0257
TCGA-ER-A19H	SKCM	Regulatory T cells	0.0317	0.0004
TCGA-ER-A19H	SKCM	Regulatory T cells	0.0317	0.0004
TCGA-ER-A199	SKCM	Regulatory T cells	0.023	0
TCGA-ER-A199	SKCM	Regulatory T cells	0.023	0
TCGA-DA-A1I5	SKCM	Regulatory T cells	0.0172	0.0159
TCGA-DA-A1I5	SKCM	Regulatory T cells	0.0172	0.0159
TCGA-ER-A3EV	SKCM	Regulatory T cells	0.0102	0
TCGA-ER-A3EV	SKCM	Regulatory T cells	0.0102	0
TCGA-GN-A262	SKCM	Regulatory T cells	0.0035	0
TCGA-GN-A262	SKCM	Regulatory T cells	0.0035	0
TCGA-FR-A7UA	SKCM	Regulatory T cells	0	0
TCGA-FR-A7UA	SKCM	Regulatory T cells	0	0
TCGA-EE-A2GB	SKCM	Regulatory T cells	0.011	0
TCGA-EE-A2GB	SKCM	Regulatory T cells	0.011	0
TCGA-FW-A3R5	SKCM	Regulatory T cells	0.0094	0
TCGA-FW-A3R5	SKCM	Regulatory T cells	0.0094	0
TCGA-D3-A51K	SKCM	Regulatory T cells	0.0031	0
TCGA-D3-A51K	SKCM	Regulatory T cells	0.0031	0
TCGA-EE-A2MG	SKCM	Regulatory T cells	0.032	0
TCGA-EE-A2MG	SKCM	Regulatory T cells	0.032	0
TCGA-EE-A17Y	SKCM	Regulatory T cells	0.0292	0.0715
TCGA-EE-A17Y	SKCM	Regulatory T cells	0.0292	0.0715
TCGA-D3-A1Q4	SKCM	Regulatory T cells	0.0182	0
TCGA-D3-A1Q4	SKCM	Regulatory T cells	0.0182	0
TCGA-WE-A8K4	SKCM	Regulatory T cells	0.0042	0
TCGA-WE-A8K4	SKCM	Regulatory T cells	0.0042	0
TCGA-ER-A19W	SKCM	Regulatory T cells	0.0312	0
TCGA-ER-A19W	SKCM	Regulatory T cells	0.0312	0
TCGA-D3-A2JP	SKCM	Regulatory T cells	0.0145	0
TCGA-D3-A2JP	SKCM	Regulatory T cells	0.0145	0
TCGA-D3-A2J9	SKCM	Regulatory T cells	0.0178	0
TCGA-D3-A2J9	SKCM	Regulatory T cells	0.0178	0
TCGA-BF-A3DL	SKCM	Regulatory T cells	0.0162	0.0253
TCGA-BF-A3DL	SKCM	Regulatory T cells	0.0162	0.0253
TCGA-ER-A198	SKCM	Regulatory T cells	0.0229	0
TCGA-ER-A198	SKCM	Regulatory T cells	0.0229	0
TCGA-ER-A42H	SKCM	Regulatory T cells	0.0076	0.0093
TCGA-ER-A42H	SKCM	Regulatory T cells	0.0076	0.0093
TCGA-FR-A728	SKCM	Regulatory T cells	0.0703	0
TCGA-FR-A728	SKCM	Regulatory T cells	0.0703	0
TCGA-GN-A9SD	SKCM	Regulatory T cells	0.0202	0
TCGA-GN-A9SD	SKCM	Regulatory T cells	0.0202	0
TCGA-GF-A4EO	SKCM	Regulatory T cells	0.0703	0
TCGA-GF-A4EO	SKCM	Regulatory T cells	0.0703	0
TCGA-W3-A824	SKCM	Regulatory T cells	0.0072	0
TCGA-W3-A824	SKCM	Regulatory T cells	0.0072	0
TCGA-EB-A85J	SKCM	Regulatory T cells	0.0132	0
TCGA-EB-A85J	SKCM	Regulatory T cells	0.0132	0
TCGA-EB-A41A	SKCM	Regulatory T cells	0.0135	0
TCGA-EB-A41A	SKCM	Regulatory T cells	0.0135	0
TCGA-EB-A42Z	SKCM	Regulatory T cells	0.0131	0
TCGA-EB-A42Z	SKCM	Regulatory T cells	0.0131	0
TCGA-BF-A5ES	SKCM	Regulatory T cells	0.0101	0.0174
TCGA-BF-A5ES	SKCM	Regulatory T cells	0.0101	0.0174
TCGA-EE-A29D	SKCM	Regulatory T cells	0.0146	0.022
TCGA-EE-A29D	SKCM	Regulatory T cells	0.0146	0.022
TCGA-EB-A42Y	SKCM	Regulatory T cells	0.0077	0
TCGA-EB-A42Y	SKCM	Regulatory T cells	0.0077	0
TCGA-OD-A75X	SKCM	Regulatory T cells	0.0127	0
TCGA-OD-A75X	SKCM	Regulatory T cells	0.0127	0
TCGA-BF-A1PV	SKCM	Regulatory T cells	0.0095	0.0008
TCGA-BF-A1PV	SKCM	Regulatory T cells	0.0095	0.0008
TCGA-FR-A3YN	SKCM	Regulatory T cells	0.0214	0
TCGA-FR-A3YN	SKCM	Regulatory T cells	0.0214	0
TCGA-D9-A1X3	SKCM	Regulatory T cells	0.0143	0
TCGA-D9-A1X3	SKCM	Regulatory T cells	0.0143	0
TCGA-EE-A3AG	SKCM	Regulatory T cells	0.0104	0
TCGA-EE-A3AG	SKCM	Regulatory T cells	0.0104	0
TCGA-WE-A8ZX	SKCM	Regulatory T cells	0.0112	0
TCGA-WE-A8ZX	SKCM	Regulatory T cells	0.0112	0
TCGA-YG-AA3P	SKCM	Regulatory T cells	0.0019	0.0383
TCGA-YG-AA3P	SKCM	Regulatory T cells	0.0019	0.0383
TCGA-EE-A2GK	SKCM	Regulatory T cells	0.036	0
TCGA-EE-A2GK	SKCM	Regulatory T cells	0.036	0
TCGA-FR-A2OS	SKCM	Regulatory T cells	0.0112	0
TCGA-FR-A2OS	SKCM	Regulatory T cells	0.0112	0
TCGA-WE-A8ZN	SKCM	Regulatory T cells	0.0077	0.0117
TCGA-WE-A8ZN	SKCM	Regulatory T cells	0.0077	0.0117
TCGA-FS-A1Z7	SKCM	Regulatory T cells	0.011	0.0158
TCGA-FS-A1Z7	SKCM	Regulatory T cells	0.011	0.0158
TCGA-ER-A19S	SKCM	Regulatory T cells	0.0243	0
TCGA-ER-A19S	SKCM	Regulatory T cells	0.0243	0
TCGA-D9-A1JX	SKCM	Regulatory T cells	0.0205	0
TCGA-D9-A1JX	SKCM	Regulatory T cells	0.0205	0
TCGA-FS-A1ZG	SKCM	Regulatory T cells	0.0122	0.1132
TCGA-FS-A1ZG	SKCM	Regulatory T cells	0.0122	0.1132
TCGA-FR-A729	SKCM	Regulatory T cells	0.029	0
TCGA-FR-A729	SKCM	Regulatory T cells	0.029	0
TCGA-D3-A3MV	SKCM	Regulatory T cells	0.0111	0.0174
TCGA-D3-A3MV	SKCM	Regulatory T cells	0.0111	0.0174
TCGA-EB-A5UL	SKCM	Regulatory T cells	0.0228	0
TCGA-EB-A5UL	SKCM	Regulatory T cells	0.0228	0
TCGA-EE-A20B	SKCM	Regulatory T cells	0.0608	0.0018
TCGA-EE-A20B	SKCM	Regulatory T cells	0.0608	0.0018
TCGA-FS-A1ZZ	SKCM	Regulatory T cells	0.0211	0
TCGA-FS-A1ZZ	SKCM	Regulatory T cells	0.0211	0
TCGA-ER-A19B	SKCM	Regulatory T cells	0.0626	0
TCGA-ER-A19B	SKCM	Regulatory T cells	0.0626	0
TCGA-ER-A2NG	SKCM	Regulatory T cells	0.0261	0
TCGA-ER-A2NG	SKCM	Regulatory T cells	0.0261	0
TCGA-WE-A8ZM	SKCM	Regulatory T cells	0.0274	0.076
TCGA-WE-A8ZM	SKCM	Regulatory T cells	0.0274	0.076
TCGA-GF-A3OT	SKCM	Regulatory T cells	0.0056	0
TCGA-GF-A3OT	SKCM	Regulatory T cells	0.0056	0
TCGA-ER-A19K	SKCM	Regulatory T cells	0.0125	0
TCGA-ER-A19K	SKCM	Regulatory T cells	0.0125	0
TCGA-GN-A26C	SKCM	Regulatory T cells	0.0128	0
TCGA-GN-A26C	SKCM	Regulatory T cells	0.0128	0
TCGA-EB-A6L9	SKCM	Regulatory T cells	0.0255	0.0647
TCGA-EB-A6L9	SKCM	Regulatory T cells	0.0255	0.0647
TCGA-D3-A1QA	SKCM	Regulatory T cells	0.0078	0
TCGA-D3-A1QA	SKCM	Regulatory T cells	0.0078	0
TCGA-D3-A3C3	SKCM	Regulatory T cells	0.0144	0
TCGA-D3-A3C3	SKCM	Regulatory T cells	0.0144	0
TCGA-EE-A29C	SKCM	Regulatory T cells	0.0109	0.0294
TCGA-EE-A29C	SKCM	Regulatory T cells	0.0109	0.0294
TCGA-EE-A29P	SKCM	Regulatory T cells	0.0052	0
TCGA-EE-A29P	SKCM	Regulatory T cells	0.0052	0
TCGA-EB-A5SE	SKCM	Regulatory T cells	0.0071	0
TCGA-EB-A5SE	SKCM	Regulatory T cells	0.0071	0
TCGA-D9-A4Z2	SKCM	Regulatory T cells	0.0192	0
TCGA-D9-A4Z2	SKCM	Regulatory T cells	0.0192	0
TCGA-D3-A8GR	SKCM	Regulatory T cells	0.005	0
TCGA-D3-A8GR	SKCM	Regulatory T cells	0.005	0
TCGA-ER-A19P	SKCM	Regulatory T cells	0.0776	0
TCGA-ER-A19P	SKCM	Regulatory T cells	0.0776	0
TCGA-D9-A148	SKCM	Regulatory T cells	0.0078	0
TCGA-D9-A148	SKCM	Regulatory T cells	0.0078	0
